dep,jour,P,T,cl_age90,taux_positivite_quotidien,positifs_7j,tests_7j,taux_positivite_7j,dep_ok
21,2020-05-13,4,312,0,1.282051282051282,,,,Cote-d'Or
21,2020-05-14,7,328,0,2.1341463414634148,,,,Cote-d'Or
21,2020-05-15,7,440,0,1.5909090909090908,,,,Cote-d'Or
21,2020-05-16,4,123,0,3.252032520325204,,,,Cote-d'Or
21,2020-05-17,0,62,0,0.0,,,,Cote-d'Or
21,2020-05-18,10,346,0,2.8901734104046244,,,,Cote-d'Or
21,2020-05-19,13,395,0,3.2911392405063293,45.0,2006.0,2.2432701894317053,Cote-d'Or
21,2020-05-20,5,350,0,1.4285714285714286,46.0,2044.0,2.250489236790606,Cote-d'Or
21,2020-05-21,0,67,0,0.0,39.0,1783.0,2.1873247335950645,Cote-d'Or
21,2020-05-22,13,303,0,4.29042904290429,45.0,1646.0,2.7339003645200486,Cote-d'Or
21,2020-05-23,0,126,0,0.0,41.0,1649.0,2.486355366889024,Cote-d'Or
21,2020-05-24,1,70,0,1.4285714285714286,42.0,1657.0,2.5347012673506337,Cote-d'Or
21,2020-05-25,4,319,0,1.2539184952978055,36.0,1630.0,2.208588957055215,Cote-d'Or
21,2020-05-26,3,331,0,0.906344410876133,26.0,1566.0,1.6602809706257982,Cote-d'Or
21,2020-05-27,5,216,0,2.314814814814815,26.0,1432.0,1.8156424581005588,Cote-d'Or
21,2020-05-28,3,278,0,1.0791366906474822,29.0,1643.0,1.7650639074863057,Cote-d'Or
21,2020-05-29,2,284,0,0.7042253521126761,18.0,1624.0,1.1083743842364533,Cote-d'Or
21,2020-05-30,2,157,0,1.2738853503184715,20.0,1655.0,1.2084592145015105,Cote-d'Or
21,2020-05-31,0,70,0,0.0,19.0,1655.0,1.148036253776435,Cote-d'Or
21,2020-06-01,0,49,0,0.0,15.0,1385.0,1.083032490974729,Cote-d'Or
21,2020-06-02,1,261,0,0.3831417624521072,13.0,1315.0,0.9885931558935359,Cote-d'Or
21,2020-06-03,0,257,0,0.0,8.0,1356.0,0.5899705014749262,Cote-d'Or
21,2020-06-04,1,304,0,0.3289473684210526,6.0,1382.0,0.4341534008683069,Cote-d'Or
21,2020-06-05,0,278,0,0.0,4.0,1376.0,0.2906976744186047,Cote-d'Or
21,2020-06-06,1,141,0,0.7092198581560284,3.0,1360.0,0.22058823529411764,Cote-d'Or
21,2020-06-07,0,43,0,0.0,3.0,1333.0,0.22505626406601648,Cote-d'Or
21,2020-06-08,3,255,0,1.1764705882352942,6.0,1539.0,0.3898635477582846,Cote-d'Or
21,2020-06-09,2,360,0,0.5555555555555556,7.0,1638.0,0.4273504273504274,Cote-d'Or
21,2020-06-10,0,271,0,0.0,7.0,1652.0,0.42372881355932196,Cote-d'Or
21,2020-06-11,2,239,0,0.8368200836820083,8.0,1587.0,0.5040957781978576,Cote-d'Or
21,2020-06-12,5,288,0,1.7361111111111112,13.0,1597.0,0.8140262993112084,Cote-d'Or
21,2020-06-13,0,124,0,0.0,12.0,1580.0,0.7594936708860759,Cote-d'Or
21,2020-06-14,0,45,0,0.0,12.0,1582.0,0.7585335018963337,Cote-d'Or
21,2020-06-15,5,258,0,1.937984496124031,14.0,1585.0,0.8832807570977917,Cote-d'Or
21,2020-06-16,3,240,0,1.25,15.0,1465.0,1.023890784982935,Cote-d'Or
21,2020-06-17,1,214,0,0.4672897196261682,16.0,1408.0,1.1363636363636365,Cote-d'Or
21,2020-06-18,5,200,0,2.5,19.0,1369.0,1.3878743608473338,Cote-d'Or
21,2020-06-19,1,279,0,0.35842293906810035,15.0,1360.0,1.1029411764705883,Cote-d'Or
21,2020-06-20,0,127,0,0.0,15.0,1363.0,1.1005135730007336,Cote-d'Or
21,2020-06-21,0,47,0,0.0,15.0,1365.0,1.0989010989010992,Cote-d'Or
21,2020-06-22,2,282,0,0.7092198581560284,12.0,1389.0,0.8639308855291578,Cote-d'Or
21,2020-06-23,4,245,0,1.6326530612244898,13.0,1394.0,0.9325681492109038,Cote-d'Or
21,2020-06-24,3,355,0,0.8450704225352111,15.0,1535.0,0.9771986970684038,Cote-d'Or
21,2020-06-25,0,163,0,0.0,10.0,1498.0,0.6675567423230975,Cote-d'Or
21,2020-06-26,2,326,0,0.6134969325153374,11.0,1545.0,0.7119741100323626,Cote-d'Or
21,2020-06-27,0,179,0,0.0,11.0,1597.0,0.6887914840325611,Cote-d'Or
21,2020-06-28,0,51,0,0.0,11.0,1601.0,0.6870705808869456,Cote-d'Or
21,2020-06-29,1,368,0,0.2717391304347826,10.0,1687.0,0.5927682276229994,Cote-d'Or
21,2020-06-30,4,411,0,0.97323600973236,10.0,1853.0,0.5396654074473827,Cote-d'Or
21,2020-07-01,2,273,0,0.7326007326007326,9.0,1771.0,0.5081874647092038,Cote-d'Or
21,2020-07-02,0,277,0,0.0,9.0,1885.0,0.4774535809018568,Cote-d'Or
21,2020-07-03,1,339,0,0.2949852507374631,8.0,1898.0,0.4214963119072708,Cote-d'Or
21,2020-07-04,0,254,0,0.0,8.0,1973.0,0.4054738976178409,Cote-d'Or
21,2020-07-05,0,72,0,0.0,8.0,1994.0,0.4012036108324975,Cote-d'Or
21,2020-07-06,1,334,0,0.29940119760479045,8.0,1960.0,0.4081632653061225,Cote-d'Or
21,2020-07-07,3,330,0,0.9090909090909092,7.0,1879.0,0.37253858435337933,Cote-d'Or
21,2020-07-08,3,374,0,0.8021390374331552,8.0,1980.0,0.404040404040404,Cote-d'Or
21,2020-07-09,7,354,0,1.977401129943503,15.0,2057.0,0.7292173067574137,Cote-d'Or
21,2020-07-10,1,441,0,0.2267573696145125,15.0,2159.0,0.6947660954145438,Cote-d'Or
21,2020-07-11,3,264,0,1.1363636363636365,18.0,2169.0,0.8298755186721992,Cote-d'Or
21,2020-07-12,0,44,0,0.0,18.0,2141.0,0.8407286314806165,Cote-d'Or
21,2020-07-13,1,493,0,0.2028397565922921,18.0,2300.0,0.7826086956521741,Cote-d'Or
21,2020-07-14,1,96,0,1.0416666666666663,16.0,2066.0,0.7744433688286544,Cote-d'Or
21,2020-07-15,3,549,0,0.5464480874316939,16.0,2241.0,0.7139669790272201,Cote-d'Or
21,2020-07-16,2,481,0,0.4158004158004158,11.0,2368.0,0.464527027027027,Cote-d'Or
21,2020-07-17,5,748,0,0.6684491978609626,15.0,2675.0,0.5607476635514018,Cote-d'Or
21,2020-07-18,1,515,0,0.1941747572815534,13.0,2926.0,0.4442925495557075,Cote-d'Or
21,2020-07-19,0,83,0,0.0,13.0,2965.0,0.4384485666104553,Cote-d'Or
21,2020-07-20,4,622,0,0.6430868167202572,16.0,3094.0,0.5171299288946347,Cote-d'Or
21,2020-07-21,0,596,0,0.0,15.0,3594.0,0.4173622704507513,Cote-d'Or
21,2020-07-22,3,738,0,0.4065040650406505,15.0,3783.0,0.3965107057890563,Cote-d'Or
21,2020-07-23,7,463,0,1.5118790496760257,20.0,3765.0,0.5312084993359893,Cote-d'Or
21,2020-07-24,3,635,0,0.4724409448818898,18.0,3652.0,0.4928806133625411,Cote-d'Or
21,2020-07-25,3,590,0,0.5084745762711864,20.0,3727.0,0.5366246310705661,Cote-d'Or
21,2020-07-26,0,97,0,0.0,20.0,3741.0,0.5346164127238706,Cote-d'Or
21,2020-07-27,8,614,0,1.3029315960912051,24.0,3733.0,0.6429145459416019,Cote-d'Or
21,2020-07-28,4,613,0,0.6525285481239804,28.0,3750.0,0.7466666666666667,Cote-d'Or
21,2020-07-29,3,609,0,0.4926108374384237,28.0,3621.0,0.7732670533001933,Cote-d'Or
21,2020-07-30,2,624,0,0.3205128205128205,23.0,3782.0,0.6081438392384982,Cote-d'Or
21,2020-07-31,6,562,0,1.0676156583629894,26.0,3709.0,0.7009975734699381,Cote-d'Or
21,2020-08-01,1,297,0,0.3367003367003367,24.0,3416.0,0.7025761124121779,Cote-d'Or
21,2020-08-02,2,102,0,1.96078431372549,26.0,3421.0,0.7600116924875767,Cote-d'Or
21,2020-08-03,9,557,0,1.615798922800718,27.0,3364.0,0.8026159334126041,Cote-d'Or
21,2020-08-04,5,545,0,0.9174311926605504,28.0,3296.0,0.8495145631067961,Cote-d'Or
21,2020-08-05,12,561,0,2.13903743315508,37.0,3248.0,1.1391625615763548,Cote-d'Or
21,2020-08-06,7,529,0,1.3232514177693762,42.0,3153.0,1.3320647002854424,Cote-d'Or
21,2020-08-07,3,574,0,0.5226480836236934,39.0,3165.0,1.2322274881516588,Cote-d'Or
21,2020-08-08,2,463,0,0.4319654427645789,40.0,3331.0,1.2008405884118885,Cote-d'Or
21,2020-08-09,2,103,0,1.9417475728155336,40.0,3332.0,1.2004801920768309,Cote-d'Or
21,2020-08-10,4,524,0,0.7633587786259541,35.0,3299.0,1.0609275538041831,Cote-d'Or
21,2020-08-11,5,472,0,1.059322033898305,35.0,3226.0,1.0849349039057656,Cote-d'Or
21,2020-08-12,15,498,0,3.0120481927710845,38.0,3163.0,1.2013910844135314,Cote-d'Or
21,2020-08-13,7,564,0,1.2411347517730498,38.0,3198.0,1.188242651657286,Cote-d'Or
21,2020-08-14,13,729,0,1.7832647462277091,48.0,3353.0,1.4315538323889054,Cote-d'Or
21,2020-08-15,10,186,0,5.376344086021504,56.0,3076.0,1.820546163849155,Cote-d'Or
21,2020-08-16,4,169,0,2.366863905325444,58.0,3142.0,1.8459579885423296,Cote-d'Or
21,2020-08-17,30,967,0,3.1023784901758016,84.0,3585.0,2.3430962343096238,Cote-d'Or
21,2020-08-18,19,986,0,1.9269776876267748,98.0,4099.0,2.3908270309831665,Cote-d'Or
21,2020-08-19,29,951,0,3.0494216614090432,112.0,4552.0,2.460456942003515,Cote-d'Or
21,2020-08-20,34,955,0,3.56020942408377,139.0,4943.0,2.8120574549868502,Cote-d'Or
21,2020-08-21,58,1283,0,4.5206547155105214,184.0,5497.0,3.3472803347280333,Cote-d'Or
21,2020-08-22,38,1063,0,3.574788334901223,212.0,6374.0,3.326011923438971,Cote-d'Or
21,2020-08-23,16,267,0,5.992509363295881,224.0,6472.0,3.4610630407911,Cote-d'Or
21,2020-08-24,60,1718,0,3.4924330616996504,254.0,7223.0,3.516544372144538,Cote-d'Or
21,2020-08-25,44,1466,0,3.0013642564802185,279.0,7703.0,3.6219654679994817,Cote-d'Or
21,2020-08-26,62,1788,0,3.467561521252797,312.0,8540.0,3.6533957845433256,Cote-d'Or
21,2020-08-27,71,1538,0,4.616384915474644,349.0,9123.0,3.825495999123096,Cote-d'Or
21,2020-08-28,70,1889,0,3.70566437268396,361.0,9729.0,3.7105560694829887,Cote-d'Or
21,2020-08-29,29,971,0,2.9866117404737382,352.0,9637.0,3.6525889799730207,Cote-d'Or
21,2020-08-30,18,580,0,3.103448275862069,354.0,9950.0,3.557788944723618,Cote-d'Or
21,2020-08-31,46,1619,0,2.841260037059913,340.0,9851.0,3.451426251142016,Cote-d'Or
21,2020-09-01,67,1656,0,4.045893719806763,363.0,10041.0,3.6151777711383333,Cote-d'Or
21,2020-09-02,64,1760,0,3.636363636363636,365.0,10013.0,3.6452611604913616,Cote-d'Or
21,2020-09-03,78,1535,0,5.081433224755702,372.0,10010.0,3.716283716283717,Cote-d'Or
21,2020-09-04,66,1581,0,4.174573055028463,368.0,9702.0,3.793032364460936,Cote-d'Or
21,2020-09-05,32,1047,0,3.0563514804202483,371.0,9778.0,3.79423194927388,Cote-d'Or
21,2020-09-06,27,491,0,5.4989816700611,380.0,9689.0,3.9219733718650014,Cote-d'Or
21,2020-09-07,114,1948,0,5.852156057494867,448.0,10018.0,4.4719504891195845,Cote-d'Or
21,2020-09-08,121,2322,0,5.211024978466838,502.0,10684.0,4.698614751029577,Cote-d'Or
21,2020-09-09,73,1986,0,3.675730110775428,511.0,10910.0,4.683776351970669,Cote-d'Or
21,2020-09-10,114,2343,0,4.865556978233035,547.0,11718.0,4.668032087386925,Cote-d'Or
21,2020-09-11,83,2487,0,3.337354242058705,564.0,12624.0,4.4676806083650185,Cote-d'Or
21,2020-09-12,50,1299,0,3.8491147036181683,582.0,12876.0,4.520037278657969,Cote-d'Or
21,2020-09-13,36,665,0,5.413533834586465,591.0,13050.0,4.528735632183908,Cote-d'Or
21,2020-09-14,76,1833,0,4.1462084015275495,553.0,12935.0,4.2752222651720135,Cote-d'Or
21,2020-09-15,83,1811,0,4.583103257868581,515.0,12424.0,4.145202833226015,Cote-d'Or
21,2020-09-16,78,1858,0,4.198062432723358,520.0,12296.0,4.229017566688354,Cote-d'Or
21,2020-09-17,86,1618,0,5.3152039555006185,492.0,11571.0,4.252009333679025,Cote-d'Or
21,2020-09-18,106,1850,0,5.72972972972973,515.0,10934.0,4.7100786537406245,Cote-d'Or
21,2020-09-19,57,1001,0,5.6943056943056956,522.0,10636.0,4.9078600977811195,Cote-d'Or
21,2020-09-20,59,650,0,9.076923076923077,545.0,10621.0,5.131343564636097,Cote-d'Or
21,2020-09-21,92,1342,0,6.855439642324887,561.0,10130.0,5.538005923000988,Cote-d'Or
21,2020-09-22,96,1265,0,7.588932806324111,574.0,9584.0,5.98914858096828,Cote-d'Or
21,2020-09-23,114,1297,0,8.789514263685428,610.0,9023.0,6.760500942037016,Cote-d'Or
21,2020-09-24,109,1309,0,8.326967150496563,633.0,8714.0,7.264172595822814,Cote-d'Or
21,2020-09-25,85,1346,0,6.315007429420505,612.0,8210.0,7.454323995127893,Cote-d'Or
21,2020-09-26,66,879,0,7.508532423208193,621.0,8088.0,7.6780415430267075,Cote-d'Or
21,2020-09-27,27,218,0,12.385321100917432,589.0,7656.0,7.693312434691744,Cote-d'Or
21,2020-09-28,92,1366,0,6.734992679355782,589.0,7680.0,7.669270833333332,Cote-d'Or
21,2020-09-29,81,1226,0,6.606851549755302,574.0,7641.0,7.512105745321293,Cote-d'Or
21,2020-09-30,120,1179,0,10.178117048346056,580.0,7523.0,7.709690283131728,Cote-d'Or
21,2020-10-01,86,1265,0,6.7984189723320165,557.0,7479.0,7.4475197218879545,Cote-d'Or
21,2020-10-02,94,1371,0,6.856309263311451,566.0,7504.0,7.542643923240937,Cote-d'Or
21,2020-10-03,44,749,0,5.874499332443258,544.0,7374.0,7.377271494439924,Cote-d'Or
21,2020-10-04,20,247,0,8.097165991902834,537.0,7403.0,7.2538160205322155,Cote-d'Or
21,2020-10-05,127,1326,0,9.57767722473605,572.0,7363.0,7.7685725926931966,Cote-d'Or
21,2020-10-06,82,1147,0,7.149084568439408,573.0,7284.0,7.8665568369028,Cote-d'Or
21,2020-10-07,151,1236,0,12.216828478964402,604.0,7341.0,8.22776188530173,Cote-d'Or
21,2020-10-08,115,1280,0,8.984375,633.0,7356.0,8.605220228384992,Cote-d'Or
21,2020-10-09,146,1436,0,10.167130919220057,685.0,7421.0,9.230561918878855,Cote-d'Or
21,2020-10-10,97,828,0,11.714975845410631,738.0,7500.0,9.84,Cote-d'Or
21,2020-10-11,26,270,0,9.629629629629632,744.0,7523.0,9.889671673534494,Cote-d'Or
21,2020-10-12,173,1576,0,10.977157360406089,790.0,7773.0,10.163386080020583,Cote-d'Or
21,2020-10-13,164,1542,0,10.635538261997404,872.0,8168.0,10.675808031341822,Cote-d'Or
21,2020-10-14,181,1435,0,12.613240418118467,902.0,8367.0,10.78044699414366,Cote-d'Or
21,2020-10-15,200,1615,0,12.383900928792569,987.0,8702.0,11.342220179269132,Cote-d'Or
21,2020-10-16,213,1789,0,11.906092789267747,1054.0,9055.0,11.639977912755384,Cote-d'Or
21,2020-10-17,149,1073,0,13.886300093196645,1106.0,9300.0,11.89247311827957,Cote-d'Or
21,2020-10-18,53,326,0,16.257668711656446,1133.0,9356.0,12.109876015391192,Cote-d'Or
21,2020-10-19,259,1935,0,13.38501291989664,1219.0,9715.0,12.547606793618117,Cote-d'Or
21,2020-10-20,267,1697,0,15.733647613435473,1322.0,9870.0,13.394123606889565,Cote-d'Or
21,2020-10-21,318,1779,0,17.875210792580102,1459.0,10214.0,14.284315645192873,Cote-d'Or
25,2020-05-13,6,292,0,2.054794520547945,,,,Doubs
25,2020-05-14,5,357,0,1.400560224089636,,,,Doubs
25,2020-05-15,6,431,0,1.3921113689095126,,,,Doubs
25,2020-05-16,7,175,0,4.0,,,,Doubs
25,2020-05-17,1,70,0,1.4285714285714286,,,,Doubs
25,2020-05-18,5,374,0,1.3368983957219251,,,,Doubs
25,2020-05-19,7,444,0,1.5765765765765765,37.0,2143.0,1.7265515632291182,Doubs
25,2020-05-20,5,377,0,1.326259946949602,36.0,2228.0,1.615798922800718,Doubs
25,2020-05-21,1,90,0,1.1111111111111112,32.0,1961.0,1.631820499745028,Doubs
25,2020-05-22,5,301,0,1.6611295681063123,31.0,1831.0,1.6930638995084657,Doubs
25,2020-05-23,1,156,0,0.641025641025641,25.0,1812.0,1.379690949227373,Doubs
25,2020-05-24,1,42,0,2.380952380952381,25.0,1784.0,1.4013452914798208,Doubs
25,2020-05-25,2,320,0,0.625,22.0,1730.0,1.2716763005780347,Doubs
25,2020-05-26,3,368,0,0.8152173913043478,18.0,1654.0,1.0882708585247884,Doubs
25,2020-05-27,4,341,0,1.1730205278592376,17.0,1618.0,1.0506798516687268,Doubs
25,2020-05-28,2,300,0,0.6666666666666667,18.0,1828.0,0.9846827133479212,Doubs
25,2020-05-29,1,316,0,0.3164556962025317,14.0,1843.0,0.7596310363537709,Doubs
25,2020-05-30,5,223,0,2.242152466367713,18.0,1910.0,0.9424083769633508,Doubs
25,2020-05-31,2,59,0,3.3898305084745757,19.0,1927.0,0.9859885832900882,Doubs
25,2020-06-01,1,66,0,1.5151515151515151,18.0,1673.0,1.0759115361625822,Doubs
25,2020-06-02,10,351,0,2.849002849002849,25.0,1656.0,1.5096618357487923,Doubs
25,2020-06-03,2,361,0,0.554016620498615,23.0,1676.0,1.3723150357995226,Doubs
25,2020-06-04,7,353,0,1.9830028328611895,28.0,1729.0,1.6194331983805668,Doubs
25,2020-06-05,3,342,0,0.8771929824561403,30.0,1755.0,1.7094017094017095,Doubs
25,2020-06-06,4,204,0,1.96078431372549,29.0,1736.0,1.6705069124423964,Doubs
25,2020-06-07,0,43,0,0.0,27.0,1720.0,1.5697674418604652,Doubs
25,2020-06-08,2,364,0,0.5494505494505495,28.0,2018.0,1.3875123885034688,Doubs
25,2020-06-09,4,328,0,1.2195121951219512,22.0,1995.0,1.1027568922305764,Doubs
25,2020-06-10,10,363,0,2.7548209366391188,30.0,1997.0,1.5022533800701052,Doubs
25,2020-06-11,1,332,0,0.3012048192771085,24.0,1976.0,1.214574898785425,Doubs
25,2020-06-12,6,312,0,1.9230769230769231,27.0,1946.0,1.3874614594039054,Doubs
25,2020-06-13,1,220,0,0.4545454545454545,24.0,1962.0,1.2232415902140672,Doubs
25,2020-06-14,1,67,0,1.4925373134328357,25.0,1986.0,1.2588116817724069,Doubs
25,2020-06-15,2,372,0,0.5376344086021506,25.0,1994.0,1.2537612838515546,Doubs
25,2020-06-16,0,334,0,0.0,21.0,2000.0,1.05,Doubs
25,2020-06-17,5,266,0,1.8796992481203008,16.0,1903.0,0.8407777193904361,Doubs
25,2020-06-18,1,302,0,0.3311258278145696,16.0,1873.0,0.8542445274959957,Doubs
25,2020-06-19,4,337,0,1.1869436201780417,14.0,1898.0,0.7376185458377239,Doubs
25,2020-06-20,1,261,0,0.3831417624521072,14.0,1939.0,0.7220216606498195,Doubs
25,2020-06-21,0,88,0,0.0,13.0,1960.0,0.6632653061224489,Doubs
25,2020-06-22,2,286,0,0.6993006993006993,13.0,1874.0,0.6937033084311632,Doubs
25,2020-06-23,1,344,0,0.2906976744186047,14.0,1884.0,0.743099787685775,Doubs
25,2020-06-24,5,338,0,1.4792899408284024,14.0,1956.0,0.7157464212678937,Doubs
25,2020-06-25,3,259,0,1.1583011583011582,16.0,1913.0,0.8363826450601151,Doubs
25,2020-06-26,2,355,0,0.5633802816901409,14.0,1931.0,0.7250129466597618,Doubs
25,2020-06-27,1,175,0,0.5714285714285714,14.0,1845.0,0.7588075880758808,Doubs
25,2020-06-28,0,102,0,0.0,14.0,1859.0,0.7530930607853685,Doubs
25,2020-06-29,4,374,0,1.06951871657754,16.0,1947.0,0.8217770929635336,Doubs
25,2020-06-30,6,375,0,1.6,21.0,1978.0,1.0616784630940344,Doubs
25,2020-07-01,5,385,0,1.2987012987012987,21.0,2025.0,1.037037037037037,Doubs
25,2020-07-02,2,340,0,0.5882352941176471,20.0,2106.0,0.9496676163342829,Doubs
25,2020-07-03,1,416,0,0.2403846153846154,19.0,2167.0,0.8767881864328565,Doubs
25,2020-07-04,0,267,0,0.0,18.0,2259.0,0.796812749003984,Doubs
25,2020-07-05,0,72,0,0.0,18.0,2229.0,0.8075370121130552,Doubs
25,2020-07-06,4,400,0,1.0,18.0,2255.0,0.7982261640798226,Doubs
25,2020-07-07,3,377,0,0.7957559681697612,15.0,2257.0,0.6645990252547629,Doubs
25,2020-07-08,5,440,0,1.1363636363636365,15.0,2312.0,0.6487889273356401,Doubs
25,2020-07-09,6,588,0,1.020408163265306,19.0,2560.0,0.7421875,Doubs
25,2020-07-10,2,568,0,0.3521126760563381,20.0,2712.0,0.7374631268436578,Doubs
25,2020-07-11,2,286,0,0.6993006993006993,22.0,2731.0,0.8055657268399854,Doubs
25,2020-07-12,4,114,0,3.5087719298245608,26.0,2773.0,0.9376126938333936,Doubs
25,2020-07-13,6,505,0,1.188118811881188,28.0,2878.0,0.9728978457261988,Doubs
25,2020-07-14,1,101,0,0.99009900990099,26.0,2602.0,0.9992313604919292,Doubs
25,2020-07-15,2,667,0,0.29985007496251875,23.0,2829.0,0.8130081300813009,Doubs
25,2020-07-16,1,571,0,0.17513134851138354,18.0,2812.0,0.6401137980085349,Doubs
25,2020-07-17,3,560,0,0.5357142857142857,19.0,2804.0,0.6776034236804565,Doubs
25,2020-07-18,2,385,0,0.5194805194805194,19.0,2903.0,0.6544953496383052,Doubs
25,2020-07-19,0,88,0,0.0,15.0,2877.0,0.5213764337851928,Doubs
25,2020-07-20,9,547,0,1.6453382084095065,18.0,2919.0,0.6166495375128468,Doubs
25,2020-07-21,4,572,0,0.6993006993006993,21.0,3390.0,0.6194690265486725,Doubs
25,2020-07-22,3,745,0,0.4026845637583893,22.0,3468.0,0.6343713956170703,Doubs
25,2020-07-23,5,557,0,0.8976660682226212,26.0,3454.0,0.7527504342790967,Doubs
25,2020-07-24,6,549,0,1.0928961748633879,29.0,3443.0,0.8422887017136218,Doubs
25,2020-07-25,2,323,0,0.6191950464396285,29.0,3381.0,0.8577343981070691,Doubs
25,2020-07-26,1,82,0,1.2195121951219512,30.0,3375.0,0.8888888888888888,Doubs
25,2020-07-27,6,596,0,1.006711409395973,27.0,3424.0,0.7885514018691588,Doubs
25,2020-07-28,4,555,0,0.7207207207207207,27.0,3407.0,0.7924860581156443,Doubs
25,2020-07-29,5,606,0,0.825082508250825,29.0,3268.0,0.8873929008567932,Doubs
25,2020-07-30,8,510,0,1.568627450980392,32.0,3221.0,0.993480285625582,Doubs
25,2020-07-31,8,721,0,1.1095700416088763,34.0,3393.0,1.0020630710285885,Doubs
25,2020-08-01,3,377,0,0.7957559681697612,35.0,3447.0,1.0153756890049321,Doubs
25,2020-08-02,2,119,0,1.680672268907563,36.0,3484.0,1.0332950631458095,Doubs
25,2020-08-03,8,632,0,1.2658227848101269,38.0,3520.0,1.0795454545454546,Doubs
25,2020-08-04,1,569,0,0.17574692442882248,35.0,3534.0,0.9903791737408036,Doubs
25,2020-08-05,3,487,0,0.6160164271047228,33.0,3415.0,0.9663250366032212,Doubs
25,2020-08-06,10,481,0,2.079002079002079,35.0,3386.0,1.0336680448907265,Doubs
25,2020-08-07,4,472,0,0.8474576271186439,31.0,3137.0,0.9882052916799492,Doubs
25,2020-08-08,3,335,0,0.8955223880597015,31.0,3095.0,1.0016155088852987,Doubs
25,2020-08-09,0,107,0,0.0,29.0,3083.0,0.9406422315926046,Doubs
25,2020-08-10,12,491,0,2.4439918533604885,33.0,2942.0,1.1216859279401767,Doubs
25,2020-08-11,8,550,0,1.4545454545454546,40.0,2923.0,1.3684570646595962,Doubs
25,2020-08-12,11,550,0,2.0,48.0,2986.0,1.6075016744809107,Doubs
25,2020-08-13,17,590,0,2.8813559322033897,55.0,3095.0,1.777059773828756,Doubs
25,2020-08-14,17,755,0,2.2516556291390732,68.0,3378.0,2.0130254588513914,Doubs
25,2020-08-15,3,167,0,1.7964071856287425,68.0,3210.0,2.118380062305296,Doubs
25,2020-08-16,3,188,0,1.5957446808510638,71.0,3291.0,2.1573989668793683,Doubs
25,2020-08-17,18,883,0,2.0385050962627407,77.0,3683.0,2.0906869399945696,Doubs
25,2020-08-18,26,868,0,2.9953917050691237,95.0,4001.0,2.3744063984004,Doubs
25,2020-08-19,13,838,0,1.5513126491646778,97.0,4289.0,2.2615994404290043,Doubs
25,2020-08-20,14,869,0,1.611047180667434,94.0,4568.0,2.0577933450087564,Doubs
25,2020-08-21,16,990,0,1.616161616161616,93.0,4803.0,1.9362898188632107,Doubs
25,2020-08-22,3,587,0,0.5110732538330494,93.0,5223.0,1.7805858701895465,Doubs
25,2020-08-23,4,246,0,1.6260162601626018,94.0,5281.0,1.779965915546298,Doubs
25,2020-08-24,17,1072,0,1.5858208955223883,93.0,5470.0,1.70018281535649,Doubs
25,2020-08-25,30,836,0,3.5885167464114827,97.0,5438.0,1.7837440235380655,Doubs
25,2020-08-26,28,1244,0,2.2508038585209005,112.0,5844.0,1.9164955509924708,Doubs
25,2020-08-27,30,1042,0,2.8790786948176583,128.0,6017.0,2.1273059664284526,Doubs
25,2020-08-28,34,1259,0,2.7005559968228754,146.0,6286.0,2.322621699013681,Doubs
25,2020-08-29,17,847,0,2.007083825265644,160.0,6546.0,2.444240757714635,Doubs
25,2020-08-30,8,348,0,2.2988505747126435,164.0,6648.0,2.4669073405535498,Doubs
25,2020-08-31,45,1259,0,3.574265289912629,192.0,6835.0,2.8090709583028532,Doubs
25,2020-09-01,30,1132,0,2.6501766784452303,192.0,7131.0,2.6924694993689524,Doubs
25,2020-09-02,30,1187,0,2.527379949452401,194.0,7074.0,2.742437093582132,Doubs
25,2020-09-03,22,1146,0,1.9197207678883077,186.0,7178.0,2.5912510448592925,Doubs
25,2020-09-04,56,1167,0,4.7986289631533845,208.0,7086.0,2.935365509455264,Doubs
25,2020-09-05,30,869,0,3.4522439585730718,221.0,7108.0,3.109172763083848,Doubs
25,2020-09-06,6,168,0,3.571428571428571,219.0,6928.0,3.1610854503464196,Doubs
25,2020-09-07,46,1305,0,3.524904214559387,220.0,6974.0,3.154574132492113,Doubs
25,2020-09-08,50,1469,0,3.403675970047652,240.0,7311.0,3.2827246614690186,Doubs
25,2020-09-09,39,1577,0,2.473050095117312,249.0,7701.0,3.2333463186599145,Doubs
25,2020-09-10,51,1860,0,2.7419354838709684,278.0,8415.0,3.3036244800950683,Doubs
25,2020-09-11,44,1773,0,2.481669486745629,266.0,9021.0,2.9486753131581867,Doubs
25,2020-09-12,30,1269,0,2.364066193853428,266.0,9421.0,2.8234794607791107,Doubs
25,2020-09-13,6,200,0,3.0,266.0,9453.0,2.8139215064000846,Doubs
25,2020-09-14,77,1916,0,4.018789144050103,297.0,10064.0,2.9511128775834656,Doubs
25,2020-09-15,63,1796,0,3.507795100222717,310.0,10391.0,2.983350976806852,Doubs
25,2020-09-16,67,1538,0,4.356306892067622,338.0,10352.0,3.2650695517774344,Doubs
25,2020-09-17,81,1632,0,4.963235294117646,368.0,10124.0,3.634926906361122,Doubs
25,2020-09-18,64,1498,0,4.272363150867824,388.0,9849.0,3.9394862422580967,Doubs
25,2020-09-19,32,981,0,3.26197757390418,390.0,9561.0,4.0790712268591145,Doubs
25,2020-09-20,5,135,0,3.7037037037037033,389.0,9496.0,4.096461668070766,Doubs
25,2020-09-21,67,1639,0,4.087858450274558,379.0,9219.0,4.111074953899555,Doubs
25,2020-09-22,49,1317,0,3.7205770690964313,365.0,8740.0,4.176201372997712,Doubs
25,2020-09-23,57,1103,0,5.167724388032639,355.0,8305.0,4.274533413606261,Doubs
25,2020-09-24,77,1130,0,6.814159292035399,351.0,7803.0,4.498269896193771,Doubs
25,2020-09-25,39,1313,0,2.9702970297029703,326.0,7618.0,4.279338409031242,Doubs
25,2020-09-26,24,667,0,3.5982008995502253,318.0,7304.0,4.353778751369114,Doubs
25,2020-09-27,1,115,0,0.8695652173913043,314.0,7284.0,4.310818231740802,Doubs
25,2020-09-28,59,1261,0,4.6788263283108655,306.0,6906.0,4.4309296264118165,Doubs
25,2020-09-29,41,1084,0,3.7822878228782284,298.0,6673.0,4.4657575303461705,Doubs
25,2020-09-30,58,1006,0,5.7654075546719685,299.0,6576.0,4.546836982968371,Doubs
25,2020-10-01,51,943,0,5.408271474019087,273.0,6389.0,4.272969165753639,Doubs
25,2020-10-02,36,1075,0,3.3488372093023258,270.0,6151.0,4.389530157697935,Doubs
25,2020-10-03,39,624,0,6.25,285.0,6108.0,4.6660117878192535,Doubs
25,2020-10-04,1,119,0,0.8403361344537815,285.0,6112.0,4.662958115183246,Doubs
25,2020-10-05,68,1305,0,5.210727969348659,294.0,6156.0,4.775828460038986,Doubs
25,2020-10-06,47,1192,0,3.9429530201342278,300.0,6264.0,4.789272030651341,Doubs
25,2020-10-07,66,1088,0,6.066176470588236,308.0,6346.0,4.853450992751339,Doubs
25,2020-10-08,94,1095,0,8.584474885844749,351.0,6498.0,5.401662049861495,Doubs
25,2020-10-09,83,1167,0,7.112253641816625,398.0,6590.0,6.0394537177541725,Doubs
25,2020-10-10,66,734,0,8.991825613079019,425.0,6700.0,6.343283582089553,Doubs
25,2020-10-11,10,132,0,7.575757575757576,434.0,6713.0,6.465067778936392,Doubs
25,2020-10-12,148,1534,0,9.647979139504566,514.0,6942.0,7.404206280610776,Doubs
25,2020-10-13,135,1376,0,9.811046511627907,602.0,7126.0,8.447937131630647,Doubs
25,2020-10-14,141,1338,0,10.538116591928253,677.0,7376.0,9.178416485900216,Doubs
25,2020-10-15,169,1510,0,11.192052980132448,752.0,7791.0,9.65216275189321,Doubs
25,2020-10-16,191,1550,0,12.32258064516129,860.0,8174.0,10.521164668460974,Doubs
25,2020-10-17,160,1187,0,13.479359730412805,954.0,8627.0,11.05830532050539,Doubs
25,2020-10-18,17,179,0,9.497206703910614,961.0,8674.0,11.079086926446852,Doubs
25,2020-10-19,319,2147,0,14.857941313460646,1132.0,9287.0,12.189081511790675,Doubs
25,2020-10-20,283,1848,0,15.313852813852813,1280.0,9759.0,13.116097960856646,Doubs
25,2020-10-21,367,1980,0,18.535353535353533,1506.0,10401.0,14.479376982982405,Doubs
39,2020-05-13,0,140,0,0.0,,,,Jura
39,2020-05-14,0,127,0,0.0,,,,Jura
39,2020-05-15,6,144,0,4.166666666666666,,,,Jura
39,2020-05-16,0,39,0,0.0,,,,Jura
39,2020-05-17,1,31,0,3.2258064516129035,,,,Jura
39,2020-05-18,0,97,0,0.0,,,,Jura
39,2020-05-19,1,187,0,0.53475935828877,8.0,765.0,1.045751633986928,Jura
39,2020-05-20,2,171,0,1.1695906432748535,10.0,796.0,1.256281407035176,Jura
39,2020-05-21,2,44,0,4.545454545454546,12.0,713.0,1.6830294530154275,Jura
39,2020-05-22,7,186,0,3.7634408602150535,13.0,755.0,1.7218543046357615,Jura
39,2020-05-23,0,84,0,0.0,13.0,800.0,1.625,Jura
39,2020-05-24,0,34,0,0.0,12.0,803.0,1.49439601494396,Jura
39,2020-05-25,3,187,0,1.6042780748663104,15.0,893.0,1.6797312430011198,Jura
39,2020-05-26,0,147,0,0.0,14.0,853.0,1.6412661195779603,Jura
39,2020-05-27,0,160,0,0.0,12.0,842.0,1.4251781472684086,Jura
39,2020-05-28,0,106,0,0.0,10.0,904.0,1.106194690265487,Jura
39,2020-05-29,0,98,0,0.0,3.0,816.0,0.3676470588235294,Jura
39,2020-05-30,0,56,0,0.0,3.0,788.0,0.3807106598984772,Jura
39,2020-05-31,0,12,0,0.0,3.0,766.0,0.391644908616188,Jura
39,2020-06-01,0,17,0,0.0,0.0,596.0,0.0,Jura
39,2020-06-02,0,120,0,0.0,0.0,569.0,0.0,Jura
39,2020-06-03,0,105,0,0.0,0.0,514.0,0.0,Jura
39,2020-06-04,1,247,0,0.4048582995951417,1.0,655.0,0.15267175572519084,Jura
39,2020-06-05,0,144,0,0.0,1.0,701.0,0.14265335235378032,Jura
39,2020-06-06,0,55,0,0.0,1.0,700.0,0.14285714285714285,Jura
39,2020-06-07,0,10,0,0.0,1.0,698.0,0.14326647564469913,Jura
39,2020-06-08,1,99,0,1.0101010101010102,2.0,780.0,0.2564102564102564,Jura
39,2020-06-09,1,139,0,0.7194244604316548,3.0,799.0,0.37546933667083854,Jura
39,2020-06-10,1,116,0,0.8620689655172413,4.0,810.0,0.4938271604938271,Jura
39,2020-06-11,1,97,0,1.0309278350515465,4.0,660.0,0.6060606060606061,Jura
39,2020-06-12,0,128,0,0.0,4.0,644.0,0.6211180124223602,Jura
39,2020-06-13,0,79,0,0.0,4.0,668.0,0.5988023952095809,Jura
39,2020-06-14,0,15,0,0.0,4.0,673.0,0.5943536404160475,Jura
39,2020-06-15,0,99,0,0.0,3.0,673.0,0.4457652303120356,Jura
39,2020-06-16,3,163,0,1.8404907975460123,5.0,697.0,0.7173601147776184,Jura
39,2020-06-17,2,107,0,1.8691588785046729,6.0,688.0,0.8720930232558141,Jura
39,2020-06-18,0,89,0,0.0,5.0,680.0,0.7352941176470588,Jura
39,2020-06-19,0,121,0,0.0,5.0,673.0,0.7429420505200593,Jura
39,2020-06-20,0,54,0,0.0,5.0,648.0,0.7716049382716049,Jura
39,2020-06-21,0,16,0,0.0,5.0,649.0,0.7704160246533128,Jura
39,2020-06-22,2,99,0,2.0202020202020203,7.0,649.0,1.078582434514638,Jura
39,2020-06-23,2,117,0,1.7094017094017095,6.0,603.0,0.9950248756218906,Jura
39,2020-06-24,0,135,0,0.0,4.0,631.0,0.6339144215530903,Jura
39,2020-06-25,1,118,0,0.8474576271186439,5.0,660.0,0.7575757575757576,Jura
39,2020-06-26,1,119,0,0.8403361344537815,6.0,658.0,0.9118541033434651,Jura
39,2020-06-27,0,68,0,0.0,6.0,672.0,0.8928571428571428,Jura
39,2020-06-28,2,19,0,10.526315789473683,8.0,675.0,1.1851851851851851,Jura
39,2020-06-29,2,176,0,1.1363636363636365,8.0,752.0,1.0638297872340423,Jura
39,2020-06-30,0,211,0,0.0,6.0,846.0,0.7092198581560284,Jura
39,2020-07-01,2,186,0,1.0752688172043012,8.0,897.0,0.8918617614269788,Jura
39,2020-07-02,1,377,0,0.2652519893899204,8.0,1156.0,0.6920415224913495,Jura
39,2020-07-03,1,455,0,0.21978021978021975,8.0,1492.0,0.5361930294906166,Jura
39,2020-07-04,1,126,0,0.7936507936507936,9.0,1550.0,0.5806451612903226,Jura
39,2020-07-05,1,51,0,1.96078431372549,8.0,1582.0,0.5056890012642226,Jura
39,2020-07-06,0,170,0,0.0,6.0,1576.0,0.3807106598984772,Jura
39,2020-07-07,1,194,0,0.5154639175257731,7.0,1559.0,0.4490057729313663,Jura
39,2020-07-08,2,299,0,0.6688963210702341,7.0,1672.0,0.4186602870813397,Jura
39,2020-07-09,1,461,0,0.2169197396963124,7.0,1756.0,0.3986332574031891,Jura
39,2020-07-10,6,732,0,0.819672131147541,12.0,2033.0,0.5902606984751598,Jura
39,2020-07-11,0,114,0,0.0,11.0,2021.0,0.5442850074220682,Jura
39,2020-07-12,0,29,0,0.0,10.0,1999.0,0.5002501250625313,Jura
39,2020-07-13,3,227,0,1.3215859030837005,13.0,2056.0,0.6322957198443578,Jura
39,2020-07-14,0,31,0,0.0,12.0,1893.0,0.6339144215530903,Jura
39,2020-07-15,0,213,0,0.0,10.0,1807.0,0.5534034311012728,Jura
39,2020-07-16,1,275,0,0.3636363636363637,10.0,1621.0,0.6169031462060457,Jura
39,2020-07-17,7,606,0,1.155115511551155,11.0,1495.0,0.7357859531772575,Jura
39,2020-07-18,2,164,0,1.2195121951219512,13.0,1545.0,0.8414239482200648,Jura
39,2020-07-19,4,50,0,8.0,17.0,1566.0,1.0855683269476373,Jura
39,2020-07-20,3,437,0,0.6864988558352403,17.0,1776.0,0.9572072072072072,Jura
39,2020-07-21,2,246,0,0.8130081300813009,19.0,1991.0,0.9542943244600702,Jura
39,2020-07-22,0,462,0,0.0,19.0,2240.0,0.8482142857142857,Jura
39,2020-07-23,4,310,0,1.2903225806451613,22.0,2275.0,0.967032967032967,Jura
39,2020-07-24,6,383,0,1.5665796344647518,21.0,2052.0,1.023391812865497,Jura
39,2020-07-25,1,158,0,0.6329113924050633,20.0,2046.0,0.9775171065493646,Jura
39,2020-07-26,1,38,0,2.631578947368421,17.0,2034.0,0.8357915437561455,Jura
39,2020-07-27,3,212,0,1.4150943396226416,17.0,1809.0,0.9397457158651188,Jura
39,2020-07-28,0,234,0,0.0,15.0,1797.0,0.8347245409015025,Jura
39,2020-07-29,2,266,0,0.7518796992481203,17.0,1601.0,1.0618363522798249,Jura
39,2020-07-30,0,332,0,0.0,13.0,1623.0,0.8009858287122612,Jura
39,2020-07-31,0,405,0,0.0,7.0,1645.0,0.425531914893617,Jura
39,2020-08-01,1,110,0,0.9090909090909092,7.0,1597.0,0.4383218534752661,Jura
39,2020-08-02,0,30,0,0.0,6.0,1589.0,0.3775959723096287,Jura
39,2020-08-03,1,198,0,0.5050505050505051,4.0,1575.0,0.25396825396825395,Jura
39,2020-08-04,1,273,0,0.3663003663003663,5.0,1614.0,0.30978934324659235,Jura
39,2020-08-05,2,178,0,1.1235955056179776,5.0,1526.0,0.327653997378768,Jura
39,2020-08-06,1,199,0,0.5025125628140703,6.0,1393.0,0.4307250538406317,Jura
39,2020-08-07,6,231,0,2.5974025974025974,12.0,1219.0,0.9844134536505332,Jura
39,2020-08-08,3,104,0,2.8846153846153846,14.0,1213.0,1.1541632316570487,Jura
39,2020-08-09,0,38,0,0.0,14.0,1221.0,1.1466011466011463,Jura
39,2020-08-10,2,161,0,1.2422360248447204,15.0,1184.0,1.266891891891892,Jura
39,2020-08-11,2,227,0,0.8810572687224669,16.0,1138.0,1.4059753954305798,Jura
39,2020-08-12,3,173,0,1.7341040462427744,17.0,1133.0,1.500441306266549,Jura
39,2020-08-13,2,190,0,1.0526315789473684,18.0,1124.0,1.6014234875444842,Jura
39,2020-08-14,6,257,0,2.3346303501945527,18.0,1150.0,1.5652173913043481,Jura
39,2020-08-15,1,54,0,1.851851851851852,16.0,1100.0,1.4545454545454546,Jura
39,2020-08-16,2,41,0,4.878048780487805,18.0,1103.0,1.6319129646418855,Jura
39,2020-08-17,5,275,0,1.818181818181818,21.0,1217.0,1.725554642563681,Jura
39,2020-08-18,7,292,0,2.3972602739726026,26.0,1282.0,2.02808112324493,Jura
39,2020-08-19,3,314,0,0.9554140127388536,26.0,1423.0,1.8271257905832747,Jura
39,2020-08-20,7,362,0,1.9337016574585637,31.0,1595.0,1.943573667711599,Jura
39,2020-08-21,7,400,0,1.7500000000000002,32.0,1738.0,1.8411967779056384,Jura
39,2020-08-22,4,226,0,1.7699115044247788,35.0,1910.0,1.832460732984293,Jura
39,2020-08-23,0,59,0,0.0,33.0,1928.0,1.711618257261411,Jura
39,2020-08-24,6,343,0,1.749271137026239,34.0,1996.0,1.7034068136272544,Jura
39,2020-08-25,5,315,0,1.5873015873015872,32.0,2019.0,1.58494304110946,Jura
39,2020-08-26,7,479,0,1.4613778705636742,36.0,2184.0,1.6483516483516485,Jura
39,2020-08-27,9,458,0,1.9650655021834065,38.0,2280.0,1.6666666666666667,Jura
39,2020-08-28,12,564,0,2.127659574468085,43.0,2444.0,1.7594108019639936,Jura
39,2020-08-29,7,283,0,2.4734982332155475,46.0,2501.0,1.8392642942822872,Jura
39,2020-08-30,1,87,0,1.1494252873563218,47.0,2529.0,1.858442071965204,Jura
39,2020-08-31,6,452,0,1.327433628318584,47.0,2638.0,1.781652767247915,Jura
39,2020-09-01,18,558,0,3.2258064516129035,60.0,2881.0,2.0826102047900035,Jura
39,2020-09-02,7,386,0,1.8134715025906731,60.0,2788.0,2.1520803443328558,Jura
39,2020-09-03,5,359,0,1.3927576601671308,56.0,2689.0,2.0825585719598365,Jura
39,2020-09-04,17,490,0,3.4693877551020407,61.0,2615.0,2.3326959847036326,Jura
39,2020-09-05,6,330,0,1.818181818181818,60.0,2662.0,2.2539444027047333,Jura
39,2020-09-06,3,76,0,3.947368421052632,62.0,2651.0,2.3387400980761983,Jura
39,2020-09-07,5,338,0,1.4792899408284024,61.0,2537.0,2.4044146629877807,Jura
39,2020-09-08,16,487,0,3.2854209445585223,59.0,2466.0,2.3925385239253854,Jura
39,2020-09-09,10,645,0,1.5503875968992251,62.0,2725.0,2.2752293577981653,Jura
39,2020-09-10,8,528,0,1.5151515151515151,65.0,2894.0,2.2460262612301314,Jura
39,2020-09-11,13,625,0,2.08,61.0,3029.0,2.0138659623638167,Jura
39,2020-09-12,16,465,0,3.4408602150537635,71.0,3164.0,2.243994943109988,Jura
39,2020-09-13,6,93,0,6.451612903225807,74.0,3181.0,2.3263124803520907,Jura
39,2020-09-14,14,620,0,2.2580645161290316,83.0,3463.0,2.396765809991337,Jura
39,2020-09-15,10,680,0,1.4705882352941175,77.0,3656.0,2.106126914660832,Jura
39,2020-09-16,18,764,0,2.356020942408377,85.0,3775.0,2.2516556291390732,Jura
39,2020-09-17,16,698,0,2.292263610315186,93.0,3945.0,2.3574144486692017,Jura
39,2020-09-18,14,558,0,2.508960573476702,94.0,3878.0,2.4239298607529656,Jura
39,2020-09-19,4,331,0,1.2084592145015105,82.0,3744.0,2.19017094017094,Jura
39,2020-09-20,1,40,0,2.5,77.0,3691.0,2.086155513411,Jura
39,2020-09-21,22,546,0,4.029304029304028,85.0,3617.0,2.3500138236107277,Jura
39,2020-09-22,26,577,0,4.506065857885615,101.0,3514.0,2.8742174160500853,Jura
39,2020-09-23,20,533,0,3.75234521575985,103.0,3283.0,3.137374352726165,Jura
39,2020-09-24,26,499,0,5.210420841683367,113.0,3084.0,3.6640726329442286,Jura
39,2020-09-25,19,447,0,4.250559284116331,118.0,2973.0,3.9690548267743013,Jura
39,2020-09-26,11,230,0,4.782608695652174,125.0,2872.0,4.3523676880222855,Jura
39,2020-09-27,2,42,0,4.761904761904762,126.0,2874.0,4.384133611691024,Jura
39,2020-09-28,18,364,0,4.945054945054945,122.0,2692.0,4.531946508172362,Jura
39,2020-09-29,21,492,0,4.2682926829268295,117.0,2607.0,4.487917146144994,Jura
39,2020-09-30,15,506,0,2.9644268774703555,112.0,2580.0,4.341085271317829,Jura
39,2020-10-01,23,496,0,4.637096774193548,109.0,2577.0,4.229724485836243,Jura
39,2020-10-02,29,467,0,6.209850107066381,119.0,2597.0,4.5822102425876015,Jura
39,2020-10-03,27,304,0,8.881578947368421,135.0,2671.0,5.054286783976039,Jura
39,2020-10-04,1,77,0,1.2987012987012987,134.0,2706.0,4.951958610495197,Jura
39,2020-10-05,20,426,0,4.694835680751173,136.0,2768.0,4.913294797687861,Jura
39,2020-10-06,32,498,0,6.425702811244979,147.0,2774.0,5.299206921413122,Jura
39,2020-10-07,36,472,0,7.627118644067798,168.0,2740.0,6.131386861313867,Jura
39,2020-10-08,36,487,0,7.392197125256675,181.0,2731.0,6.6276089344562426,Jura
39,2020-10-09,75,586,0,12.798634812286688,227.0,2850.0,7.964912280701754,Jura
39,2020-10-10,39,364,0,10.714285714285714,239.0,2910.0,8.213058419243985,Jura
39,2020-10-11,5,65,0,7.6923076923076925,243.0,2898.0,8.385093167701863,Jura
39,2020-10-12,69,531,0,12.994350282485875,292.0,3003.0,9.723609723609725,Jura
39,2020-10-13,103,701,0,14.693295292439373,363.0,3206.0,11.32252027448534,Jura
39,2020-10-14,110,778,0,14.138817480719796,437.0,3512.0,12.443052391799545,Jura
39,2020-10-15,117,817,0,14.320685434516525,518.0,3842.0,13.482561166059346,Jura
39,2020-10-16,152,839,0,18.116805721096547,595.0,4095.0,14.529914529914533,Jura
39,2020-10-17,71,580,0,12.241379310344827,627.0,4311.0,14.544189283228949,Jura
39,2020-10-18,14,97,0,14.432989690721648,636.0,4343.0,14.644255123186733,Jura
39,2020-10-19,176,832,0,21.153846153846157,743.0,4644.0,15.999138673557276,Jura
39,2020-10-20,237,1092,0,21.703296703296704,877.0,5035.0,17.418073485600793,Jura
39,2020-10-21,236,943,0,25.026511134676568,1003.0,5200.0,19.288461538461537,Jura
58,2020-05-13,0,176,0,0.0,,,,Nievre
58,2020-05-14,0,93,0,0.0,,,,Nievre
58,2020-05-15,29,258,0,11.24031007751938,,,,Nievre
58,2020-05-16,1,18,0,5.5555555555555545,,,,Nievre
58,2020-05-17,0,11,0,0.0,,,,Nievre
58,2020-05-18,1,143,0,0.6993006993006993,,,,Nievre
58,2020-05-19,0,164,0,0.0,31.0,863.0,3.5921205098493627,Nievre
58,2020-05-20,2,175,0,1.1428571428571428,33.0,862.0,3.8283062645011605,Nievre
58,2020-05-21,0,31,0,0.0,33.0,800.0,4.125,Nievre
58,2020-05-22,0,97,0,0.0,4.0,639.0,0.6259780907668232,Nievre
58,2020-05-23,2,31,0,6.451612903225807,5.0,652.0,0.7668711656441718,Nievre
58,2020-05-24,0,29,0,0.0,5.0,670.0,0.7462686567164178,Nievre
58,2020-05-25,1,139,0,0.7194244604316548,5.0,666.0,0.7507507507507507,Nievre
58,2020-05-26,1,149,0,0.6711409395973155,6.0,651.0,0.9216589861751152,Nievre
58,2020-05-27,0,127,0,0.0,4.0,603.0,0.6633499170812603,Nievre
58,2020-05-28,1,110,0,0.9090909090909092,5.0,682.0,0.7331378299120235,Nievre
58,2020-05-29,2,85,0,2.3529411764705883,7.0,670.0,1.0447761194029852,Nievre
58,2020-05-30,1,33,0,3.0303030303030303,6.0,672.0,0.8928571428571428,Nievre
58,2020-05-31,0,18,0,0.0,6.0,661.0,0.907715582450832,Nievre
58,2020-06-01,0,32,0,0.0,5.0,554.0,0.9025270758122744,Nievre
58,2020-06-02,1,116,0,0.8620689655172413,5.0,521.0,0.9596928982725528,Nievre
58,2020-06-03,0,104,0,0.0,5.0,498.0,1.0040160642570282,Nievre
58,2020-06-04,1,94,0,1.0638297872340423,5.0,482.0,1.0373443983402488,Nievre
58,2020-06-05,0,97,0,0.0,3.0,494.0,0.6072874493927125,Nievre
58,2020-06-06,0,62,0,0.0,2.0,523.0,0.3824091778202677,Nievre
58,2020-06-07,0,28,0,0.0,2.0,533.0,0.37523452157598497,Nievre
58,2020-06-08,0,97,0,0.0,2.0,598.0,0.33444816053511706,Nievre
58,2020-06-09,0,80,0,0.0,1.0,562.0,0.1779359430604982,Nievre
58,2020-06-10,2,91,0,2.1978021978021984,3.0,549.0,0.5464480874316939,Nievre
58,2020-06-11,0,89,0,0.0,2.0,544.0,0.3676470588235294,Nievre
58,2020-06-12,0,107,0,0.0,2.0,554.0,0.36101083032490977,Nievre
58,2020-06-13,0,38,0,0.0,2.0,530.0,0.37735849056603776,Nievre
58,2020-06-14,0,20,0,0.0,2.0,522.0,0.3831417624521072,Nievre
58,2020-06-15,0,89,0,0.0,2.0,514.0,0.3891050583657588,Nievre
58,2020-06-16,0,111,0,0.0,2.0,545.0,0.3669724770642202,Nievre
58,2020-06-17,0,133,0,0.0,0.0,587.0,0.0,Nievre
58,2020-06-18,0,125,0,0.0,0.0,623.0,0.0,Nievre
58,2020-06-19,1,91,0,1.0989010989010992,1.0,607.0,0.16474464579901155,Nievre
58,2020-06-20,0,36,0,0.0,1.0,605.0,0.1652892561983471,Nievre
58,2020-06-21,1,27,0,3.7037037037037033,2.0,612.0,0.32679738562091504,Nievre
58,2020-06-22,0,98,0,0.0,2.0,621.0,0.322061191626409,Nievre
58,2020-06-23,0,95,0,0.0,2.0,605.0,0.3305785123966942,Nievre
58,2020-06-24,0,79,0,0.0,2.0,551.0,0.3629764065335753,Nievre
58,2020-06-25,0,198,0,0.0,2.0,624.0,0.3205128205128205,Nievre
58,2020-06-26,1,112,0,0.8928571428571428,2.0,645.0,0.31007751937984496,Nievre
58,2020-06-27,0,48,0,0.0,2.0,657.0,0.30441400304414,Nievre
58,2020-06-28,0,26,0,0.0,1.0,656.0,0.1524390243902439,Nievre
58,2020-06-29,3,120,0,2.5,4.0,678.0,0.5899705014749262,Nievre
58,2020-06-30,0,129,0,0.0,4.0,712.0,0.5617977528089888,Nievre
58,2020-07-01,8,274,0,2.9197080291970803,12.0,907.0,1.323042998897464,Nievre
58,2020-07-02,1,227,0,0.4405286343612335,13.0,936.0,1.3888888888888888,Nievre
58,2020-07-03,0,182,0,0.0,12.0,1006.0,1.1928429423459244,Nievre
58,2020-07-04,7,117,0,5.982905982905983,19.0,1075.0,1.7674418604651163,Nievre
58,2020-07-05,0,16,0,0.0,19.0,1065.0,1.784037558685446,Nievre
58,2020-07-06,1,307,0,0.3257328990228013,17.0,1252.0,1.3578274760383386,Nievre
58,2020-07-07,0,224,0,0.0,17.0,1347.0,1.2620638455827766,Nievre
58,2020-07-08,2,171,0,1.1695906432748535,11.0,1244.0,0.8842443729903537,Nievre
58,2020-07-09,3,150,0,2.0,13.0,1167.0,1.1139674378748932,Nievre
58,2020-07-10,0,130,0,0.0,13.0,1115.0,1.1659192825112108,Nievre
58,2020-07-11,0,56,0,0.0,6.0,1054.0,0.5692599620493358,Nievre
58,2020-07-12,0,30,0,0.0,6.0,1068.0,0.5617977528089888,Nievre
58,2020-07-13,1,150,0,0.6666666666666667,6.0,911.0,0.6586169045005488,Nievre
58,2020-07-14,0,21,0,0.0,6.0,708.0,0.8474576271186439,Nievre
58,2020-07-15,2,144,0,1.3888888888888888,6.0,681.0,0.8810572687224669,Nievre
58,2020-07-16,1,168,0,0.5952380952380952,4.0,699.0,0.5722460658082975,Nievre
58,2020-07-17,2,174,0,1.1494252873563218,6.0,743.0,0.8075370121130552,Nievre
58,2020-07-18,0,60,0,0.0,6.0,747.0,0.8032128514056224,Nievre
58,2020-07-19,1,169,0,0.591715976331361,7.0,886.0,0.7900677200902935,Nievre
58,2020-07-20,0,166,0,0.0,6.0,902.0,0.6651884700665188,Nievre
58,2020-07-21,0,147,0,0.0,6.0,1028.0,0.5836575875486382,Nievre
58,2020-07-22,0,114,0,0.0,4.0,998.0,0.4008016032064128,Nievre
58,2020-07-23,1,146,0,0.6849315068493149,4.0,976.0,0.4098360655737705,Nievre
58,2020-07-24,0,167,0,0.0,2.0,969.0,0.20639834881320948,Nievre
58,2020-07-25,1,69,0,1.4492753623188406,3.0,978.0,0.3067484662576687,Nievre
58,2020-07-26,1,300,0,0.33333333333333337,3.0,1109.0,0.2705139765554554,Nievre
58,2020-07-27,0,150,0,0.0,3.0,1093.0,0.2744739249771272,Nievre
58,2020-07-28,1,186,0,0.5376344086021506,4.0,1132.0,0.353356890459364,Nievre
58,2020-07-29,0,168,0,0.0,4.0,1186.0,0.3372681281618887,Nievre
58,2020-07-30,1,168,0,0.5952380952380952,4.0,1208.0,0.3311258278145696,Nievre
58,2020-07-31,0,276,0,0.0,4.0,1317.0,0.30372057706909644,Nievre
58,2020-08-01,0,73,0,0.0,3.0,1321.0,0.2271006813020439,Nievre
58,2020-08-02,0,28,0,0.0,2.0,1049.0,0.19065776930409914,Nievre
58,2020-08-03,2,195,0,1.0256410256410255,4.0,1094.0,0.3656307129798903,Nievre
58,2020-08-04,0,190,0,0.0,3.0,1098.0,0.27322404371584696,Nievre
58,2020-08-05,1,196,0,0.5102040816326531,4.0,1126.0,0.3552397868561279,Nievre
58,2020-08-06,1,194,0,0.5154639175257731,4.0,1152.0,0.3472222222222222,Nievre
58,2020-08-07,2,247,0,0.8097165991902834,6.0,1123.0,0.5342831700801425,Nievre
58,2020-08-08,2,72,0,2.7777777777777777,8.0,1122.0,0.7130124777183601,Nievre
58,2020-08-09,0,25,0,0.0,8.0,1119.0,0.7149240393208222,Nievre
58,2020-08-10,0,155,0,0.0,6.0,1079.0,0.5560704355885079,Nievre
58,2020-08-11,4,178,0,2.247191011235955,10.0,1067.0,0.937207122774133,Nievre
58,2020-08-12,2,171,0,1.1695906432748535,11.0,1042.0,1.055662188099808,Nievre
58,2020-08-13,0,164,0,0.0,10.0,1012.0,0.9881422924901186,Nievre
58,2020-08-14,1,210,0,0.4761904761904762,9.0,975.0,0.9230769230769232,Nievre
58,2020-08-15,2,144,0,1.3888888888888888,9.0,1047.0,0.8595988538681949,Nievre
58,2020-08-16,1,34,0,2.9411764705882346,10.0,1056.0,0.946969696969697,Nievre
58,2020-08-17,3,249,0,1.2048192771084338,13.0,1150.0,1.1304347826086958,Nievre
58,2020-08-18,2,286,0,0.6993006993006993,11.0,1258.0,0.8744038155802861,Nievre
58,2020-08-19,4,207,0,1.932367149758454,13.0,1294.0,1.0046367851622875,Nievre
58,2020-08-20,3,205,0,1.4634146341463417,16.0,1335.0,1.198501872659176,Nievre
58,2020-08-21,5,356,0,1.4044943820224718,20.0,1481.0,1.3504388926401079,Nievre
58,2020-08-22,0,264,0,0.0,18.0,1601.0,1.1242973141786383,Nievre
58,2020-08-23,0,33,0,0.0,17.0,1600.0,1.0625,Nievre
58,2020-08-24,10,300,0,3.333333333333333,24.0,1651.0,1.4536644457904302,Nievre
58,2020-08-25,5,232,0,2.155172413793104,27.0,1597.0,1.6906700062617408,Nievre
58,2020-08-26,2,275,0,0.7272727272727273,25.0,1665.0,1.5015015015015014,Nievre
58,2020-08-27,7,286,0,2.4475524475524475,29.0,1746.0,1.6609392898052693,Nievre
58,2020-08-28,13,458,0,2.838427947598253,37.0,1848.0,2.002164502164502,Nievre
58,2020-08-29,6,344,0,1.7441860465116281,43.0,1928.0,2.230290456431536,Nievre
58,2020-08-30,2,45,0,4.4444444444444455,45.0,1940.0,2.31958762886598,Nievre
58,2020-08-31,7,445,0,1.5730337078651686,42.0,2085.0,2.014388489208633,Nievre
58,2020-09-01,8,432,0,1.851851851851852,45.0,2285.0,1.9693654266958425,Nievre
58,2020-09-02,4,358,0,1.11731843575419,47.0,2368.0,1.9847972972972967,Nievre
58,2020-09-03,16,383,0,4.1775456919060066,56.0,2465.0,2.271805273833672,Nievre
58,2020-09-04,10,347,0,2.8818443804034577,53.0,2354.0,2.251486830926084,Nievre
58,2020-09-05,2,247,0,0.8097165991902834,49.0,2257.0,2.1710234824988923,Nievre
58,2020-09-06,1,46,0,2.1739130434782608,48.0,2258.0,2.1257750221434897,Nievre
58,2020-09-07,14,507,0,2.7613412228796843,55.0,2320.0,2.3706896551724137,Nievre
58,2020-09-08,10,536,0,1.8656716417910448,57.0,2424.0,2.351485148514852,Nievre
58,2020-09-09,5,563,0,0.8880994671403196,58.0,2629.0,2.206162038798022,Nievre
58,2020-09-10,9,658,0,1.3677811550151977,51.0,2904.0,1.756198347107438,Nievre
58,2020-09-11,11,637,0,1.7268445839874411,52.0,3194.0,1.6280525986224168,Nievre
58,2020-09-12,21,404,0,5.198019801980198,71.0,3351.0,2.118770516263802,Nievre
58,2020-09-13,2,65,0,3.0769230769230766,72.0,3370.0,2.136498516320475,Nievre
58,2020-09-14,20,516,0,3.875968992248062,78.0,3379.0,2.3083752589523527,Nievre
58,2020-09-15,15,584,0,2.568493150684932,83.0,3427.0,2.421943390720747,Nievre
58,2020-09-16,41,551,0,7.441016333938293,119.0,3415.0,3.4846266471449483,Nievre
58,2020-09-17,19,526,0,3.612167300380228,129.0,3283.0,3.929332927200732,Nievre
58,2020-09-18,13,571,0,2.276707530647986,131.0,3217.0,4.072116879079888,Nievre
58,2020-09-19,6,322,0,1.8633540372670807,116.0,3135.0,3.7001594896331738,Nievre
58,2020-09-20,0,36,0,0.0,114.0,3106.0,3.6703155183515768,Nievre
58,2020-09-21,22,372,0,5.913978494623656,116.0,2962.0,3.916272788656313,Nievre
58,2020-09-22,11,480,0,2.2916666666666665,112.0,2858.0,3.918824352694192,Nievre
58,2020-09-23,17,456,0,3.728070175438596,88.0,2763.0,3.1849439015562795,Nievre
58,2020-09-24,9,412,0,2.184466019417476,78.0,2649.0,2.9445073612684034,Nievre
58,2020-09-25,15,377,0,3.978779840848806,80.0,2455.0,3.2586558044806515,Nievre
58,2020-09-26,1,229,0,0.4366812227074235,75.0,2362.0,3.175275190516511,Nievre
58,2020-09-27,1,53,0,1.8867924528301887,76.0,2379.0,3.1946195880622112,Nievre
58,2020-09-28,11,385,0,2.8571428571428568,65.0,2392.0,2.717391304347826,Nievre
58,2020-09-29,11,360,0,3.055555555555556,65.0,2272.0,2.8609154929577465,Nievre
58,2020-09-30,9,311,0,2.893890675241157,57.0,2127.0,2.6798307475317347,Nievre
58,2020-10-01,6,278,0,2.1582733812949644,54.0,1993.0,2.709483191169092,Nievre
58,2020-10-02,9,293,0,3.0716723549488054,48.0,1909.0,2.5144054478784703,Nievre
58,2020-10-03,4,227,0,1.7621145374449338,51.0,1907.0,2.674357629785003,Nievre
58,2020-10-04,1,43,0,2.3255813953488373,51.0,1897.0,2.688455455983131,Nievre
58,2020-10-05,13,333,0,3.903903903903904,53.0,1845.0,2.872628726287263,Nievre
58,2020-10-06,20,303,0,6.6006600660066,62.0,1788.0,3.467561521252797,Nievre
58,2020-10-07,30,305,0,9.836065573770492,83.0,1782.0,4.657687991021325,Nievre
58,2020-10-08,20,307,0,6.514657980456027,97.0,1811.0,5.356156819436777,Nievre
58,2020-10-09,29,431,0,6.728538283062644,117.0,1949.0,6.003078501795793,Nievre
58,2020-10-10,5,149,0,3.355704697986577,118.0,1871.0,6.306787814003206,Nievre
58,2020-10-11,6,52,0,11.538461538461537,123.0,1880.0,6.542553191489361,Nievre
58,2020-10-12,45,594,0,7.575757575757576,155.0,2141.0,7.239607659971976,Nievre
58,2020-10-13,33,378,0,8.730158730158731,168.0,2216.0,7.581227436823103,Nievre
58,2020-10-14,51,493,0,10.344827586206897,189.0,2404.0,7.86189683860233,Nievre
58,2020-10-15,48,535,0,8.97196261682243,217.0,2632.0,8.24468085106383,Nievre
58,2020-10-16,62,517,0,11.992263056092847,250.0,2718.0,9.197939661515822,Nievre
58,2020-10-17,30,245,0,12.244897959183671,275.0,2814.0,9.772565742714995,Nievre
58,2020-10-18,1,48,0,2.083333333333333,270.0,2810.0,9.608540925266905,Nievre
58,2020-10-19,75,651,0,11.52073732718894,300.0,2867.0,10.463899546564354,Nievre
58,2020-10-20,67,569,0,11.775043936731107,334.0,3058.0,10.922171353826029,Nievre
58,2020-10-21,87,549,0,15.846994535519125,370.0,3114.0,11.881824020552347,Nievre
70,2020-05-13,1,100,0,1.0,,,,Haute-Saone
70,2020-05-14,5,131,0,3.816793893129771,,,,Haute-Saone
70,2020-05-15,2,205,0,0.975609756097561,,,,Haute-Saone
70,2020-05-16,0,103,0,0.0,,,,Haute-Saone
70,2020-05-17,0,26,0,0.0,,,,Haute-Saone
70,2020-05-18,1,211,0,0.4739336492890995,,,,Haute-Saone
70,2020-05-19,1,252,0,0.3968253968253968,10.0,1028.0,0.9727626459143968,Haute-Saone
70,2020-05-20,1,180,0,0.5555555555555556,10.0,1108.0,0.9025270758122744,Haute-Saone
70,2020-05-21,0,11,0,0.0,5.0,988.0,0.5060728744939271,Haute-Saone
70,2020-05-22,1,163,0,0.6134969325153374,4.0,946.0,0.4228329809725159,Haute-Saone
70,2020-05-23,0,78,0,0.0,4.0,921.0,0.43431053203040176,Haute-Saone
70,2020-05-24,0,6,0,0.0,4.0,901.0,0.4439511653718091,Haute-Saone
70,2020-05-25,0,199,0,0.0,3.0,889.0,0.3374578177727784,Haute-Saone
70,2020-05-26,0,199,0,0.0,2.0,836.0,0.23923444976076555,Haute-Saone
70,2020-05-27,1,190,0,0.5263157894736842,2.0,846.0,0.2364066193853428,Haute-Saone
70,2020-05-28,2,176,0,1.1363636363636365,4.0,1011.0,0.3956478733926805,Haute-Saone
70,2020-05-29,1,174,0,0.5747126436781609,4.0,1022.0,0.3913894324853229,Haute-Saone
70,2020-05-30,1,115,0,0.8695652173913043,5.0,1059.0,0.4721435316336166,Haute-Saone
70,2020-05-31,0,22,0,0.0,5.0,1075.0,0.4651162790697674,Haute-Saone
70,2020-06-01,0,50,0,0.0,5.0,926.0,0.5399568034557235,Haute-Saone
70,2020-06-02,2,141,0,1.4184397163120568,7.0,868.0,0.8064516129032258,Haute-Saone
70,2020-06-03,3,172,0,1.7441860465116281,9.0,850.0,1.0588235294117647,Haute-Saone
70,2020-06-04,0,142,0,0.0,7.0,816.0,0.857843137254902,Haute-Saone
70,2020-06-05,0,135,0,0.0,6.0,777.0,0.7722007722007722,Haute-Saone
70,2020-06-06,1,124,0,0.8064516129032258,6.0,786.0,0.7633587786259541,Haute-Saone
70,2020-06-07,0,43,0,0.0,6.0,807.0,0.7434944237918215,Haute-Saone
70,2020-06-08,0,181,0,0.0,6.0,938.0,0.6396588486140725,Haute-Saone
70,2020-06-09,1,171,0,0.5847953216374269,5.0,968.0,0.5165289256198348,Haute-Saone
70,2020-06-10,1,160,0,0.625,3.0,956.0,0.3138075313807531,Haute-Saone
70,2020-06-11,2,101,0,1.98019801980198,5.0,915.0,0.5464480874316939,Haute-Saone
70,2020-06-12,1,133,0,0.7518796992481203,6.0,913.0,0.6571741511500547,Haute-Saone
70,2020-06-13,0,132,0,0.0,5.0,921.0,0.5428881650380022,Haute-Saone
70,2020-06-14,0,42,0,0.0,5.0,920.0,0.5434782608695652,Haute-Saone
70,2020-06-15,0,144,0,0.0,5.0,883.0,0.5662514156285391,Haute-Saone
70,2020-06-16,0,148,0,0.0,4.0,860.0,0.4651162790697674,Haute-Saone
70,2020-06-17,1,116,0,0.8620689655172413,4.0,816.0,0.4901960784313725,Haute-Saone
70,2020-06-18,0,280,0,0.0,2.0,995.0,0.20100502512562812,Haute-Saone
70,2020-06-19,1,161,0,0.6211180124223602,2.0,1023.0,0.1955034213098729,Haute-Saone
70,2020-06-20,0,88,0,0.0,2.0,979.0,0.20429009193054135,Haute-Saone
70,2020-06-21,0,60,0,0.0,2.0,997.0,0.20060180541624875,Haute-Saone
70,2020-06-22,0,167,0,0.0,2.0,1020.0,0.19607843137254904,Haute-Saone
70,2020-06-23,0,163,0,0.0,2.0,1035.0,0.1932367149758454,Haute-Saone
70,2020-06-24,0,110,0,0.0,1.0,1029.0,0.09718172983479104,Haute-Saone
70,2020-06-25,0,99,0,0.0,1.0,848.0,0.1179245283018868,Haute-Saone
70,2020-06-26,0,134,0,0.0,0.0,821.0,0.0,Haute-Saone
70,2020-06-27,0,103,0,0.0,0.0,836.0,0.0,Haute-Saone
70,2020-06-28,0,31,0,0.0,0.0,807.0,0.0,Haute-Saone
70,2020-06-29,0,153,0,0.0,0.0,793.0,0.0,Haute-Saone
70,2020-06-30,0,133,0,0.0,0.0,763.0,0.0,Haute-Saone
70,2020-07-01,0,112,0,0.0,0.0,765.0,0.0,Haute-Saone
70,2020-07-02,0,115,0,0.0,0.0,781.0,0.0,Haute-Saone
70,2020-07-03,0,138,0,0.0,0.0,785.0,0.0,Haute-Saone
70,2020-07-04,0,103,0,0.0,0.0,785.0,0.0,Haute-Saone
70,2020-07-05,1,43,0,2.3255813953488373,1.0,797.0,0.12547051442910914,Haute-Saone
70,2020-07-06,0,134,0,0.0,1.0,778.0,0.12853470437017994,Haute-Saone
70,2020-07-07,1,244,0,0.4098360655737705,2.0,889.0,0.22497187851518566,Haute-Saone
70,2020-07-08,0,237,0,0.0,2.0,1014.0,0.19723865877712032,Haute-Saone
70,2020-07-09,0,136,0,0.0,2.0,1035.0,0.1932367149758454,Haute-Saone
70,2020-07-10,0,367,0,0.0,2.0,1264.0,0.15822784810126586,Haute-Saone
70,2020-07-11,0,90,0,0.0,2.0,1251.0,0.15987210231814547,Haute-Saone
70,2020-07-12,1,29,0,3.4482758620689653,2.0,1237.0,0.16168148746968472,Haute-Saone
70,2020-07-13,0,157,0,0.0,2.0,1260.0,0.15873015873015872,Haute-Saone
70,2020-07-14,0,21,0,0.0,1.0,1037.0,0.09643201542912247,Haute-Saone
70,2020-07-15,1,141,0,0.7092198581560284,2.0,941.0,0.21253985122210411,Haute-Saone
70,2020-07-16,0,242,0,0.0,2.0,1047.0,0.19102196752626552,Haute-Saone
70,2020-07-17,0,259,0,0.0,2.0,939.0,0.21299254526091588,Haute-Saone
70,2020-07-18,0,125,0,0.0,2.0,974.0,0.2053388090349076,Haute-Saone
70,2020-07-19,0,28,0,0.0,1.0,973.0,0.1027749229188078,Haute-Saone
70,2020-07-20,0,193,0,0.0,1.0,1009.0,0.09910802775024777,Haute-Saone
70,2020-07-21,2,241,0,0.8298755186721992,3.0,1229.0,0.24410089503661514,Haute-Saone
70,2020-07-22,0,236,0,0.0,2.0,1324.0,0.1510574018126888,Haute-Saone
70,2020-07-23,0,208,0,0.0,2.0,1290.0,0.15503875968992248,Haute-Saone
70,2020-07-24,3,198,0,1.5151515151515151,5.0,1229.0,0.4068348250610253,Haute-Saone
70,2020-07-25,0,144,0,0.0,5.0,1248.0,0.4006410256410256,Haute-Saone
70,2020-07-26,0,28,0,0.0,5.0,1248.0,0.4006410256410256,Haute-Saone
70,2020-07-27,1,211,0,0.4739336492890995,6.0,1266.0,0.4739336492890995,Haute-Saone
70,2020-07-28,0,244,0,0.0,4.0,1269.0,0.3152088258471237,Haute-Saone
70,2020-07-29,1,210,0,0.4761904761904762,5.0,1243.0,0.4022526146419952,Haute-Saone
70,2020-07-30,2,184,0,1.0869565217391304,7.0,1219.0,0.5742411812961444,Haute-Saone
70,2020-07-31,3,223,0,1.345291479820628,7.0,1244.0,0.5627009646302251,Haute-Saone
70,2020-08-01,1,105,0,0.9523809523809524,8.0,1205.0,0.6639004149377593,Haute-Saone
70,2020-08-02,0,63,0,0.0,8.0,1240.0,0.6451612903225806,Haute-Saone
70,2020-08-03,5,273,0,1.831501831501832,12.0,1302.0,0.9216589861751152,Haute-Saone
70,2020-08-04,4,214,0,1.8691588785046729,16.0,1272.0,1.257861635220126,Haute-Saone
70,2020-08-05,2,178,0,1.1235955056179776,17.0,1240.0,1.3709677419354842,Haute-Saone
70,2020-08-06,4,254,0,1.574803149606299,19.0,1310.0,1.4503816793893132,Haute-Saone
70,2020-08-07,10,215,0,4.651162790697675,26.0,1302.0,1.996927803379416,Haute-Saone
70,2020-08-08,3,148,0,2.0270270270270268,28.0,1345.0,2.0817843866171004,Haute-Saone
70,2020-08-09,0,38,0,0.0,28.0,1320.0,2.121212121212121,Haute-Saone
70,2020-08-10,8,284,0,2.8169014084507045,31.0,1331.0,2.329075882794891,Haute-Saone
70,2020-08-11,6,216,0,2.7777777777777777,33.0,1333.0,2.4756189047261814,Haute-Saone
70,2020-08-12,1,251,0,0.398406374501992,32.0,1406.0,2.275960170697013,Haute-Saone
70,2020-08-13,3,298,0,1.006711409395973,31.0,1450.0,2.1379310344827585,Haute-Saone
70,2020-08-14,7,370,0,1.8918918918918919,28.0,1605.0,1.7445482866043611,Haute-Saone
70,2020-08-15,1,61,0,1.639344262295082,26.0,1518.0,1.7127799736495388,Haute-Saone
70,2020-08-16,3,36,0,8.333333333333332,29.0,1516.0,1.9129287598944589,Haute-Saone
70,2020-08-17,10,398,0,2.512562814070352,31.0,1630.0,1.901840490797546,Haute-Saone
70,2020-08-18,5,300,0,1.6666666666666667,30.0,1714.0,1.7502917152858808,Haute-Saone
70,2020-08-19,3,297,0,1.0101010101010102,32.0,1760.0,1.818181818181818,Haute-Saone
70,2020-08-20,4,428,0,0.9345794392523364,33.0,1890.0,1.746031746031746,Haute-Saone
70,2020-08-21,2,376,0,0.5319148936170213,28.0,1896.0,1.4767932489451476,Haute-Saone
70,2020-08-22,4,211,0,1.895734597156398,31.0,2046.0,1.5151515151515151,Haute-Saone
70,2020-08-23,0,42,0,0.0,28.0,2052.0,1.364522417153996,Haute-Saone
70,2020-08-24,6,575,0,1.0434782608695654,24.0,2229.0,1.0767160161507403,Haute-Saone
70,2020-08-25,5,456,0,1.0964912280701753,24.0,2385.0,1.0062893081761006,Haute-Saone
70,2020-08-26,0,315,0,0.0,21.0,2403.0,0.8739076154806492,Haute-Saone
70,2020-08-27,9,408,0,2.2058823529411766,26.0,2383.0,1.0910616869492236,Haute-Saone
70,2020-08-28,8,703,0,1.1379800853485065,32.0,2710.0,1.1808118081180812,Haute-Saone
70,2020-08-29,9,236,0,3.8135593220338975,37.0,2735.0,1.352833638025594,Haute-Saone
70,2020-08-30,0,63,0,0.0,37.0,2756.0,1.3425253991291728,Haute-Saone
70,2020-08-31,10,479,0,2.0876826722338206,41.0,2660.0,1.5413533834586466,Haute-Saone
70,2020-09-01,8,350,0,2.2857142857142856,44.0,2554.0,1.7227877838684416,Haute-Saone
70,2020-09-02,10,430,0,2.3255813953488373,54.0,2669.0,2.02322967403522,Haute-Saone
70,2020-09-03,4,470,0,0.851063829787234,49.0,2731.0,1.794214573416331,Haute-Saone
70,2020-09-04,10,615,0,1.6260162601626018,51.0,2643.0,1.9296254256526677,Haute-Saone
70,2020-09-05,12,275,0,4.363636363636363,54.0,2682.0,2.013422818791946,Haute-Saone
70,2020-09-06,0,36,0,0.0,54.0,2655.0,2.0338983050847457,Haute-Saone
70,2020-09-07,10,551,0,1.8148820326678767,54.0,2727.0,1.98019801980198,Haute-Saone
70,2020-09-08,12,544,0,2.2058823529411766,58.0,2921.0,1.9856213625470729,Haute-Saone
70,2020-09-09,8,637,0,1.2558869701726845,56.0,3128.0,1.7902813299232736,Haute-Saone
70,2020-09-10,8,767,0,1.0430247718383312,60.0,3425.0,1.7518248175182485,Haute-Saone
70,2020-09-11,2,635,0,0.31496062992125984,52.0,3445.0,1.509433962264151,Haute-Saone
70,2020-09-12,6,404,0,1.4851485148514851,46.0,3574.0,1.2870733072188023,Haute-Saone
70,2020-09-13,3,52,0,5.769230769230768,49.0,3590.0,1.3649025069637883,Haute-Saone
70,2020-09-14,6,684,0,0.8771929824561403,45.0,3723.0,1.20870265914585,Haute-Saone
70,2020-09-15,9,592,0,1.5202702702702704,42.0,3771.0,1.1137629276054095,Haute-Saone
70,2020-09-16,6,538,0,1.1152416356877324,40.0,3672.0,1.0893246187363834,Haute-Saone
70,2020-09-17,6,466,0,1.2875536480686696,38.0,3371.0,1.1272619400771284,Haute-Saone
70,2020-09-18,13,512,0,2.5390625,49.0,3248.0,1.5086206896551724,Haute-Saone
70,2020-09-19,3,278,0,1.0791366906474822,46.0,3122.0,1.4734144778987828,Haute-Saone
70,2020-09-20,0,47,0,0.0,43.0,3117.0,1.3795316008982996,Haute-Saone
70,2020-09-21,10,485,0,2.061855670103093,47.0,2918.0,1.610692254969157,Haute-Saone
70,2020-09-22,10,426,0,2.3474178403755865,48.0,2752.0,1.7441860465116281,Haute-Saone
70,2020-09-23,5,403,0,1.240694789081886,47.0,2617.0,1.7959495605655331,Haute-Saone
70,2020-09-24,6,353,0,1.6997167138810199,47.0,2504.0,1.876996805111821,Haute-Saone
70,2020-09-25,9,405,0,2.2222222222222223,43.0,2397.0,1.7939090529828954,Haute-Saone
70,2020-09-26,9,229,0,3.930131004366813,49.0,2348.0,2.086882453151618,Haute-Saone
70,2020-09-27,2,50,0,4.0,51.0,2351.0,2.169289663972777,Haute-Saone
70,2020-09-28,12,414,0,2.898550724637681,53.0,2280.0,2.324561403508772,Haute-Saone
70,2020-09-29,9,364,0,2.4725274725274726,52.0,2218.0,2.3444544634806133,Haute-Saone
70,2020-09-30,12,299,0,4.013377926421405,59.0,2114.0,2.7909176915799434,Haute-Saone
70,2020-10-01,12,405,0,2.9629629629629632,65.0,2166.0,3.000923361034165,Haute-Saone
70,2020-10-02,12,422,0,2.8436018957345968,68.0,2183.0,3.114979386165827,Haute-Saone
70,2020-10-03,10,286,0,3.4965034965034967,69.0,2240.0,3.0803571428571432,Haute-Saone
70,2020-10-04,3,54,0,5.5555555555555545,70.0,2244.0,3.1194295900178255,Haute-Saone
70,2020-10-05,17,387,0,4.3927648578811365,75.0,2217.0,3.3829499323410013,Haute-Saone
70,2020-10-06,17,382,0,4.450261780104712,83.0,2235.0,3.7136465324384784,Haute-Saone
70,2020-10-07,24,366,0,6.557377049180328,95.0,2302.0,4.126846220677671,Haute-Saone
70,2020-10-08,25,413,0,6.053268765133172,108.0,2310.0,4.675324675324675,Haute-Saone
70,2020-10-09,18,515,0,3.4951456310679614,114.0,2403.0,4.744069912609239,Haute-Saone
70,2020-10-10,19,270,0,7.037037037037037,123.0,2387.0,5.152911604524507,Haute-Saone
70,2020-10-11,2,44,0,4.545454545454546,122.0,2377.0,5.132519983172066,Haute-Saone
70,2020-10-12,42,448,0,9.375,147.0,2438.0,6.029532403609517,Haute-Saone
70,2020-10-13,43,545,0,7.8899082568807355,173.0,2601.0,6.6512879661668585,Haute-Saone
70,2020-10-14,37,570,0,6.491228070175438,186.0,2805.0,6.6310160427807485,Haute-Saone
70,2020-10-15,45,580,0,7.758620689655173,206.0,2972.0,6.9313593539703895,Haute-Saone
70,2020-10-16,41,585,0,7.0085470085470085,229.0,3042.0,7.52794214332676,Haute-Saone
70,2020-10-17,25,356,0,7.022471910112361,235.0,3128.0,7.5127877237851655,Haute-Saone
70,2020-10-18,1,64,0,1.5625,234.0,3148.0,7.433290978398984,Haute-Saone
70,2020-10-19,60,750,0,8.0,252.0,3450.0,7.304347826086958,Haute-Saone
70,2020-10-20,94,667,0,14.09295352323838,303.0,3572.0,8.482642777155657,Haute-Saone
70,2020-10-21,89,644,0,13.819875776397517,355.0,3646.0,9.736697750959957,Haute-Saone
71,2020-05-13,5,481,0,1.0395010395010396,,,,Saone-et-Loire
71,2020-05-14,15,456,0,3.2894736842105265,,,,Saone-et-Loire
71,2020-05-15,9,596,0,1.51006711409396,,,,Saone-et-Loire
71,2020-05-16,3,141,0,2.127659574468085,,,,Saone-et-Loire
71,2020-05-17,3,66,0,4.545454545454546,,,,Saone-et-Loire
71,2020-05-18,15,515,0,2.9126213592233015,,,,Saone-et-Loire
71,2020-05-19,4,469,0,0.8528784648187633,54.0,2724.0,1.9823788546255507,Saone-et-Loire
71,2020-05-20,7,616,0,1.1363636363636365,56.0,2859.0,1.9587268275620848,Saone-et-Loire
71,2020-05-21,0,70,0,0.0,41.0,2473.0,1.6579053780832995,Saone-et-Loire
71,2020-05-22,7,450,0,1.5555555555555556,39.0,2327.0,1.675977653631285,Saone-et-Loire
71,2020-05-23,3,146,0,2.054794520547945,39.0,2332.0,1.6723842195540308,Saone-et-Loire
71,2020-05-24,0,68,0,0.0,36.0,2334.0,1.5424164524421593,Saone-et-Loire
71,2020-05-25,12,526,0,2.281368821292776,33.0,2345.0,1.4072494669509594,Saone-et-Loire
71,2020-05-26,2,457,0,0.43763676148796504,31.0,2333.0,1.3287612516073724,Saone-et-Loire
71,2020-05-27,1,323,0,0.30959752321981426,25.0,2040.0,1.2254901960784317,Saone-et-Loire
71,2020-05-28,1,318,0,0.3144654088050315,26.0,2288.0,1.1363636363636365,Saone-et-Loire
71,2020-05-29,1,373,0,0.2680965147453083,20.0,2211.0,0.9045680687471732,Saone-et-Loire
71,2020-05-30,1,98,0,1.020408163265306,18.0,2163.0,0.8321775312066574,Saone-et-Loire
71,2020-05-31,1,63,0,1.5873015873015872,19.0,2158.0,0.8804448563484708,Saone-et-Loire
71,2020-06-01,1,142,0,0.7042253521126761,8.0,1774.0,0.4509582863585118,Saone-et-Loire
71,2020-06-02,3,344,0,0.8720930232558141,9.0,1661.0,0.5418422636965683,Saone-et-Loire
71,2020-06-03,2,287,0,0.6968641114982579,10.0,1625.0,0.6153846153846154,Saone-et-Loire
71,2020-06-04,0,280,0,0.0,9.0,1587.0,0.5671077504725899,Saone-et-Loire
71,2020-06-05,4,312,0,1.282051282051282,12.0,1526.0,0.7863695937090431,Saone-et-Loire
71,2020-06-06,0,147,0,0.0,11.0,1575.0,0.6984126984126984,Saone-et-Loire
71,2020-06-07,0,42,0,0.0,10.0,1554.0,0.6435006435006435,Saone-et-Loire
71,2020-06-08,2,329,0,0.6079027355623101,11.0,1741.0,0.6318207926479035,Saone-et-Loire
71,2020-06-09,0,306,0,0.0,8.0,1703.0,0.4697592483852026,Saone-et-Loire
71,2020-06-10,2,311,0,0.6430868167202572,8.0,1727.0,0.4632310364794441,Saone-et-Loire
71,2020-06-11,0,225,0,0.0,8.0,1672.0,0.4784688995215311,Saone-et-Loire
71,2020-06-12,1,331,0,0.3021148036253776,5.0,1691.0,0.29568302779420463,Saone-et-Loire
71,2020-06-13,0,101,0,0.0,5.0,1645.0,0.30395136778115506,Saone-et-Loire
71,2020-06-14,1,46,0,2.1739130434782608,6.0,1649.0,0.3638568829593693,Saone-et-Loire
71,2020-06-15,1,328,0,0.3048780487804878,5.0,1648.0,0.3033980582524272,Saone-et-Loire
71,2020-06-16,1,277,0,0.36101083032490977,6.0,1619.0,0.3705991352686844,Saone-et-Loire
71,2020-06-17,0,289,0,0.0,4.0,1597.0,0.2504696305572949,Saone-et-Loire
71,2020-06-18,1,194,0,0.5154639175257731,5.0,1566.0,0.31928480204342274,Saone-et-Loire
71,2020-06-19,2,264,0,0.7575757575757576,6.0,1499.0,0.4002668445630421,Saone-et-Loire
71,2020-06-20,0,81,0,0.0,6.0,1479.0,0.4056795131845842,Saone-et-Loire
71,2020-06-21,1,42,0,2.380952380952381,6.0,1475.0,0.4067796610169492,Saone-et-Loire
71,2020-06-22,0,403,0,0.0,5.0,1550.0,0.3225806451612903,Saone-et-Loire
71,2020-06-23,0,264,0,0.0,4.0,1537.0,0.2602472348731295,Saone-et-Loire
71,2020-06-24,1,211,0,0.4739336492890995,5.0,1459.0,0.3427004797806717,Saone-et-Loire
71,2020-06-25,1,172,0,0.5813953488372093,5.0,1437.0,0.3479471120389701,Saone-et-Loire
71,2020-06-26,1,266,0,0.3759398496240601,4.0,1439.0,0.27797081306462823,Saone-et-Loire
71,2020-06-27,4,228,0,1.7543859649122806,8.0,1586.0,0.5044136191677175,Saone-et-Loire
71,2020-06-28,1,49,0,2.0408163265306123,8.0,1593.0,0.5021971123666039,Saone-et-Loire
71,2020-06-29,3,307,0,0.9771986970684038,11.0,1497.0,0.7348029392117569,Saone-et-Loire
71,2020-06-30,5,411,0,1.2165450121654502,16.0,1644.0,0.97323600973236,Saone-et-Loire
71,2020-07-01,1,324,0,0.308641975308642,16.0,1757.0,0.9106431417188391,Saone-et-Loire
71,2020-07-02,3,281,0,1.0676156583629894,18.0,1866.0,0.964630225080386,Saone-et-Loire
71,2020-07-03,2,389,0,0.5141388174807198,19.0,1989.0,0.9552538964303672,Saone-et-Loire
71,2020-07-04,0,129,0,0.0,15.0,1890.0,0.7936507936507936,Saone-et-Loire
71,2020-07-05,0,57,0,0.0,14.0,1898.0,0.7376185458377239,Saone-et-Loire
71,2020-07-06,3,389,0,0.7712082262210797,14.0,1980.0,0.7070707070707071,Saone-et-Loire
71,2020-07-07,3,391,0,0.7672634271099744,12.0,1960.0,0.6122448979591837,Saone-et-Loire
71,2020-07-08,5,481,0,1.0395010395010396,16.0,2117.0,0.7557864903164856,Saone-et-Loire
71,2020-07-09,0,410,0,0.0,13.0,2246.0,0.578806767586821,Saone-et-Loire
71,2020-07-10,3,304,0,0.986842105263158,14.0,2161.0,0.6478482184173994,Saone-et-Loire
71,2020-07-11,0,95,0,0.0,14.0,2127.0,0.6582040432534085,Saone-et-Loire
71,2020-07-12,0,61,0,0.0,14.0,2131.0,0.656968559361802,Saone-et-Loire
71,2020-07-13,3,319,0,0.9404388714733544,14.0,2061.0,0.6792819019893256,Saone-et-Loire
71,2020-07-14,0,48,0,0.0,11.0,1718.0,0.6402793946449359,Saone-et-Loire
71,2020-07-15,2,549,0,0.3642987249544625,8.0,1786.0,0.4479283314669653,Saone-et-Loire
71,2020-07-16,2,505,0,0.3960396039603961,10.0,1881.0,0.531632110579479,Saone-et-Loire
71,2020-07-17,1,478,0,0.20920502092050208,8.0,2055.0,0.3892944038929441,Saone-et-Loire
71,2020-07-18,0,178,0,0.0,8.0,2138.0,0.37418147801683815,Saone-et-Loire
71,2020-07-19,0,73,0,0.0,8.0,2150.0,0.372093023255814,Saone-et-Loire
71,2020-07-20,0,468,0,0.0,5.0,2299.0,0.2174858634188778,Saone-et-Loire
71,2020-07-21,1,496,0,0.20161290322580644,6.0,2747.0,0.2184200946487077,Saone-et-Loire
71,2020-07-22,2,428,0,0.4672897196261682,6.0,2626.0,0.2284843869002285,Saone-et-Loire
71,2020-07-23,1,457,0,0.2188183807439825,5.0,2578.0,0.1939487975174554,Saone-et-Loire
71,2020-07-24,1,511,0,0.19569471624266144,5.0,2611.0,0.19149751053236308,Saone-et-Loire
71,2020-07-25,2,137,0,1.45985401459854,7.0,2570.0,0.2723735408560311,Saone-et-Loire
71,2020-07-26,1,84,0,1.1904761904761905,8.0,2581.0,0.3099573808601317,Saone-et-Loire
71,2020-07-27,6,410,0,1.4634146341463417,14.0,2523.0,0.5548949663099485,Saone-et-Loire
71,2020-07-28,1,462,0,0.21645021645021645,14.0,2489.0,0.5624748895138609,Saone-et-Loire
71,2020-07-29,2,344,0,0.5813953488372093,14.0,2405.0,0.5821205821205822,Saone-et-Loire
71,2020-07-30,4,343,0,1.1661807580174928,17.0,2291.0,0.7420340462680053,Saone-et-Loire
71,2020-07-31,0,408,0,0.0,16.0,2188.0,0.7312614259597806,Saone-et-Loire
71,2020-08-01,0,153,0,0.0,14.0,2204.0,0.6352087114337568,Saone-et-Loire
71,2020-08-02,1,73,0,1.3698630136986298,14.0,2193.0,0.6383948928408573,Saone-et-Loire
71,2020-08-03,1,452,0,0.22123893805309736,9.0,2235.0,0.4026845637583893,Saone-et-Loire
71,2020-08-04,2,414,0,0.4830917874396135,10.0,2187.0,0.4572473708276178,Saone-et-Loire
71,2020-08-05,4,361,0,1.10803324099723,12.0,2204.0,0.5444646098003629,Saone-et-Loire
71,2020-08-06,0,493,0,0.0,8.0,2354.0,0.33984706881903143,Saone-et-Loire
71,2020-08-07,3,409,0,0.7334963325183375,11.0,2355.0,0.4670912951167728,Saone-et-Loire
71,2020-08-08,3,149,0,2.013422818791946,14.0,2351.0,0.5954912803062526,Saone-et-Loire
71,2020-08-09,1,67,0,1.4925373134328357,14.0,2345.0,0.5970149253731344,Saone-et-Loire
71,2020-08-10,6,397,0,1.5113350125944585,19.0,2290.0,0.8296943231441047,Saone-et-Loire
71,2020-08-11,6,406,0,1.477832512315271,23.0,2282.0,1.007887817703769,Saone-et-Loire
71,2020-08-12,5,505,0,0.99009900990099,24.0,2426.0,0.989282769991756,Saone-et-Loire
71,2020-08-13,10,437,0,2.2883295194508007,34.0,2370.0,1.4345991561181437,Saone-et-Loire
71,2020-08-14,9,558,0,1.6129032258064515,40.0,2519.0,1.5879317189360858,Saone-et-Loire
71,2020-08-15,1,94,0,1.0638297872340423,38.0,2464.0,1.542207792207792,Saone-et-Loire
71,2020-08-16,5,70,0,7.142857142857142,42.0,2467.0,1.7024726388325904,Saone-et-Loire
71,2020-08-17,20,506,0,3.9525691699604746,56.0,2576.0,2.1739130434782608,Saone-et-Loire
71,2020-08-18,16,535,0,2.990654205607477,66.0,2705.0,2.43992606284658,Saone-et-Loire
71,2020-08-19,23,541,0,4.251386321626617,84.0,2741.0,3.064574972637724,Saone-et-Loire
71,2020-08-20,8,706,0,1.13314447592068,82.0,3010.0,2.724252491694352,Saone-et-Loire
71,2020-08-21,10,736,0,1.358695652173913,83.0,3188.0,2.603513174404015,Saone-et-Loire
71,2020-08-22,5,495,0,1.0101010101010102,87.0,3589.0,2.424073558094177,Saone-et-Loire
71,2020-08-23,6,166,0,3.6144578313253017,88.0,3685.0,2.388059701492537,Saone-et-Loire
71,2020-08-24,24,892,0,2.690582959641256,92.0,4071.0,2.2598870056497176,Saone-et-Loire
71,2020-08-25,20,789,0,2.5348542458808616,96.0,4325.0,2.2196531791907512,Saone-et-Loire
71,2020-08-26,14,646,0,2.1671826625387,87.0,4430.0,1.963882618510158,Saone-et-Loire
71,2020-08-27,26,856,0,3.037383177570093,105.0,4580.0,2.292576419213974,Saone-et-Loire
71,2020-08-28,17,910,0,1.868131868131868,112.0,4754.0,2.3559108119478336,Saone-et-Loire
71,2020-08-29,6,313,0,1.9169329073482428,113.0,4572.0,2.4715660542432203,Saone-et-Loire
71,2020-08-30,3,97,0,3.0927835051546397,110.0,4503.0,2.442815900510771,Saone-et-Loire
71,2020-08-31,33,936,0,3.525641025641025,119.0,4547.0,2.617110182537937,Saone-et-Loire
71,2020-09-01,37,989,0,3.741152679474216,136.0,4747.0,2.864967347798609,Saone-et-Loire
71,2020-09-02,34,975,0,3.4871794871794872,156.0,5076.0,3.0732860520094563,Saone-et-Loire
71,2020-09-03,41,1218,0,3.3661740558292284,171.0,5438.0,3.1445384332475173,Saone-et-Loire
71,2020-09-04,52,1220,0,4.2622950819672125,206.0,5748.0,3.583855254001392,Saone-et-Loire
71,2020-09-05,28,535,0,5.233644859813086,228.0,5970.0,3.8190954773869352,Saone-et-Loire
71,2020-09-06,4,185,0,2.1621621621621623,229.0,6058.0,3.780125453945196,Saone-et-Loire
71,2020-09-07,58,1395,0,4.157706093189963,254.0,6517.0,3.897498849163725,Saone-et-Loire
71,2020-09-08,41,1264,0,3.2436708860759493,258.0,6792.0,3.7985865724381616,Saone-et-Loire
71,2020-09-09,42,1232,0,3.4090909090909087,266.0,7049.0,3.7735849056603774,Saone-et-Loire
71,2020-09-10,43,1292,0,3.3281733746130038,268.0,7123.0,3.762459637793065,Saone-et-Loire
71,2020-09-11,77,1645,0,4.680851063829787,293.0,7548.0,3.8818229994700575,Saone-et-Loire
71,2020-09-12,17,469,0,3.6247334754797436,282.0,7482.0,3.769045709703288,Saone-et-Loire
71,2020-09-13,8,123,0,6.504065040650407,286.0,7420.0,3.8544474393531,Saone-et-Loire
71,2020-09-14,87,1921,0,4.5288912024986985,315.0,7946.0,3.9642587465391386,Saone-et-Loire
71,2020-09-15,46,1712,0,2.6869158878504678,320.0,8394.0,3.812246842983083,Saone-et-Loire
71,2020-09-16,63,1457,0,4.323953328757722,341.0,8619.0,3.9563754495881187,Saone-et-Loire
71,2020-09-17,83,1444,0,5.74792243767313,381.0,8771.0,4.343860449207616,Saone-et-Loire
71,2020-09-18,57,1628,0,3.501228501228501,361.0,8754.0,4.1238291066940835,Saone-et-Loire
71,2020-09-19,13,450,0,2.888888888888889,357.0,8735.0,4.087006296508299,Saone-et-Loire
71,2020-09-20,8,141,0,5.673758865248227,357.0,8753.0,4.0786016223009245,Saone-et-Loire
71,2020-09-21,78,1662,0,4.693140794223827,348.0,8494.0,4.0970096538733225,Saone-et-Loire
71,2020-09-22,71,1403,0,5.0605844618674265,373.0,8185.0,4.557116676847892,Saone-et-Loire
71,2020-09-23,55,1360,0,4.044117647058823,365.0,8088.0,4.512858555885262,Saone-et-Loire
71,2020-09-24,71,1295,0,5.4826254826254806,353.0,7939.0,4.446403829197632,Saone-et-Loire
71,2020-09-25,72,1302,0,5.529953917050692,368.0,7613.0,4.833836858006042,Saone-et-Loire
71,2020-09-26,25,324,0,7.716049382716049,380.0,7487.0,5.075464137838921,Saone-et-Loire
71,2020-09-27,9,124,0,7.258064516129032,381.0,7470.0,5.100401606425703,Saone-et-Loire
71,2020-09-28,78,1439,0,5.420430854760251,381.0,7247.0,5.257347868083343,Saone-et-Loire
71,2020-09-29,68,1177,0,5.777400169923534,378.0,7021.0,5.383848454636091,Saone-et-Loire
71,2020-09-30,96,1142,0,8.40630472854641,419.0,6803.0,6.159047479053358,Saone-et-Loire
71,2020-10-01,117,1084,0,10.793357933579335,465.0,6592.0,7.054004854368932,Saone-et-Loire
71,2020-10-02,144,1318,0,10.925644916540213,537.0,6608.0,8.126513317191284,Saone-et-Loire
71,2020-10-03,46,396,0,11.616161616161616,558.0,6680.0,8.353293413173652,Saone-et-Loire
71,2020-10-04,5,111,0,4.504504504504505,554.0,6667.0,8.309584520773964,Saone-et-Loire
71,2020-10-05,174,1585,0,10.977917981072554,650.0,6813.0,9.540584177308087,Saone-et-Loire
71,2020-10-06,136,1453,0,9.359944941500345,718.0,7089.0,10.128367893920158,Saone-et-Loire
71,2020-10-07,188,1600,0,11.75,810.0,7547.0,10.73274148668345,Saone-et-Loire
71,2020-10-08,170,1460,0,11.643835616438356,863.0,7923.0,10.89233876057049,Saone-et-Loire
71,2020-10-09,273,2167,0,12.598061836640518,992.0,8772.0,11.308709530323755,Saone-et-Loire
71,2020-10-10,69,677,0,10.19202363367799,1015.0,9053.0,11.211753010051916,Saone-et-Loire
71,2020-10-11,8,160,0,5.0,1018.0,9102.0,11.184355086794113,Saone-et-Loire
71,2020-10-12,356,2379,0,14.964270701975622,1200.0,9896.0,12.126111560226354,Saone-et-Loire
71,2020-10-13,321,1955,0,16.419437340153454,1385.0,10398.0,13.319869205616465,Saone-et-Loire
71,2020-10-14,299,1993,0,15.002508780732565,1496.0,10791.0,13.863404689092762,Saone-et-Loire
71,2020-10-15,340,2363,0,14.388489208633091,1666.0,11694.0,14.246622199418507,Saone-et-Loire
71,2020-10-16,422,2441,0,17.28799672265465,1815.0,11968.0,15.165441176470587,Saone-et-Loire
71,2020-10-17,119,773,0,15.39456662354463,1865.0,12064.0,15.459217506631301,Saone-et-Loire
71,2020-10-18,22,157,0,14.012738853503187,1879.0,12061.0,15.579139374844539,Saone-et-Loire
71,2020-10-19,471,2733,0,17.233809001097693,1994.0,12415.0,16.061216270640358,Saone-et-Loire
71,2020-10-20,417,2348,0,17.759795570698465,2090.0,12808.0,16.31792629606496,Saone-et-Loire
71,2020-10-21,412,1799,0,22.90161200667037,2203.0,12614.0,17.464721737751702,Saone-et-Loire
89,2020-05-13,4,384,0,1.0416666666666663,,,,Yonne
89,2020-05-14,0,349,0,0.0,,,,Yonne
89,2020-05-15,4,413,0,0.9685230024213076,,,,Yonne
89,2020-05-16,8,196,0,4.081632653061225,,,,Yonne
89,2020-05-17,3,52,0,5.769230769230768,,,,Yonne
89,2020-05-18,2,434,0,0.4608294930875576,,,,Yonne
89,2020-05-19,8,430,0,1.8604651162790695,29.0,2258.0,1.2843224092116916,Yonne
89,2020-05-20,5,394,0,1.269035532994924,30.0,2268.0,1.3227513227513228,Yonne
89,2020-05-21,2,64,0,3.125,32.0,1983.0,1.6137165910237017,Yonne
89,2020-05-22,2,354,0,0.5649717514124294,30.0,1924.0,1.5592515592515594,Yonne
89,2020-05-23,5,182,0,2.7472527472527477,27.0,1910.0,1.4136125654450262,Yonne
89,2020-05-24,3,58,0,5.172413793103448,27.0,1916.0,1.4091858037578289,Yonne
89,2020-05-25,0,373,0,0.0,25.0,1855.0,1.3477088948787064,Yonne
89,2020-05-26,2,356,0,0.5617977528089888,19.0,1781.0,1.0668163952835483,Yonne
89,2020-05-27,1,302,0,0.3311258278145696,15.0,1689.0,0.8880994671403196,Yonne
89,2020-05-28,0,272,0,0.0,13.0,1897.0,0.6852925672113864,Yonne
89,2020-05-29,0,355,0,0.0,11.0,1898.0,0.5795574288724974,Yonne
89,2020-05-30,1,138,0,0.7246376811594203,7.0,1854.0,0.37756202804746497,Yonne
89,2020-05-31,0,45,0,0.0,4.0,1841.0,0.21727322107550245,Yonne
89,2020-06-01,0,48,0,0.0,4.0,1516.0,0.2638522427440633,Yonne
89,2020-06-02,8,493,0,1.6227180527383367,10.0,1653.0,0.6049606775559588,Yonne
89,2020-06-03,6,307,0,1.954397394136808,15.0,1658.0,0.9047044632086853,Yonne
89,2020-06-04,2,278,0,0.7194244604316548,17.0,1664.0,1.0216346153846154,Yonne
89,2020-06-05,2,312,0,0.641025641025641,19.0,1621.0,1.1721159777914871,Yonne
89,2020-06-06,2,127,0,1.574803149606299,20.0,1610.0,1.2422360248447204,Yonne
89,2020-06-07,0,39,0,0.0,20.0,1604.0,1.2468827930174564,Yonne
89,2020-06-08,1,312,0,0.3205128205128205,21.0,1868.0,1.1241970021413277,Yonne
89,2020-06-09,0,272,0,0.0,13.0,1647.0,0.7893139040680024,Yonne
89,2020-06-10,1,286,0,0.34965034965034963,8.0,1626.0,0.4920049200492005,Yonne
89,2020-06-11,1,321,0,0.3115264797507788,7.0,1669.0,0.4194128220491312,Yonne
89,2020-06-12,0,286,0,0.0,5.0,1643.0,0.30432136335970783,Yonne
89,2020-06-13,0,123,0,0.0,3.0,1639.0,0.18303843807199516,Yonne
89,2020-06-14,0,73,0,0.0,3.0,1673.0,0.17931858936043038,Yonne
89,2020-06-15,0,248,0,0.0,2.0,1609.0,0.1243008079552517,Yonne
89,2020-06-16,2,236,0,0.8474576271186439,4.0,1573.0,0.2542911633820725,Yonne
89,2020-06-17,0,289,0,0.0,3.0,1576.0,0.1903553299492386,Yonne
89,2020-06-18,0,211,0,0.0,2.0,1466.0,0.1364256480218281,Yonne
89,2020-06-19,0,330,0,0.0,2.0,1510.0,0.13245033112582782,Yonne
89,2020-06-20,1,106,0,0.9433962264150944,3.0,1493.0,0.20093770931011384,Yonne
89,2020-06-21,0,34,0,0.0,3.0,1454.0,0.2063273727647868,Yonne
89,2020-06-22,1,200,0,0.5,4.0,1406.0,0.2844950213371266,Yonne
89,2020-06-23,2,167,0,1.1976047904191618,4.0,1337.0,0.2991772625280479,Yonne
89,2020-06-24,2,213,0,0.9389671361502347,6.0,1261.0,0.4758128469468675,Yonne
89,2020-06-25,2,167,0,1.1976047904191618,8.0,1217.0,0.6573541495480689,Yonne
89,2020-06-26,0,259,0,0.0,8.0,1146.0,0.6980802792321117,Yonne
89,2020-06-27,3,132,0,2.272727272727273,10.0,1172.0,0.8532423208191127,Yonne
89,2020-06-28,4,55,0,7.272727272727272,14.0,1193.0,1.173512154233026,Yonne
89,2020-06-29,0,312,0,0.0,13.0,1305.0,0.996168582375479,Yonne
89,2020-06-30,0,490,0,0.0,11.0,1628.0,0.6756756756756757,Yonne
89,2020-07-01,2,303,0,0.6600660066006601,11.0,1718.0,0.6402793946449359,Yonne
89,2020-07-02,1,279,0,0.35842293906810035,10.0,1830.0,0.5464480874316939,Yonne
89,2020-07-03,0,293,0,0.0,10.0,1864.0,0.5364806866952789,Yonne
89,2020-07-04,0,264,0,0.0,7.0,1996.0,0.35070140280561124,Yonne
89,2020-07-05,1,58,0,1.7241379310344829,4.0,1999.0,0.2001000500250125,Yonne
89,2020-07-06,0,277,0,0.0,4.0,1964.0,0.20366598778004072,Yonne
89,2020-07-07,2,303,0,0.6600660066006601,6.0,1777.0,0.3376477208778841,Yonne
89,2020-07-08,0,311,0,0.0,4.0,1785.0,0.22408963585434166,Yonne
89,2020-07-09,1,266,0,0.3759398496240601,4.0,1772.0,0.2257336343115124,Yonne
89,2020-07-10,2,290,0,0.6896551724137931,6.0,1769.0,0.3391746749576032,Yonne
89,2020-07-11,5,152,0,3.2894736842105265,11.0,1657.0,0.6638503319251661,Yonne
89,2020-07-12,1,62,0,1.6129032258064515,11.0,1661.0,0.6622516556291391,Yonne
89,2020-07-13,0,259,0,0.0,11.0,1643.0,0.6695069993913573,Yonne
89,2020-07-14,1,64,0,1.5625,10.0,1404.0,0.7122507122507122,Yonne
89,2020-07-15,3,282,0,1.0638297872340423,13.0,1375.0,0.9454545454545455,Yonne
89,2020-07-16,2,480,0,0.4166666666666667,14.0,1589.0,0.8810572687224669,Yonne
89,2020-07-17,2,372,0,0.5376344086021506,14.0,1671.0,0.8378216636744463,Yonne
89,2020-07-18,0,236,0,0.0,9.0,1755.0,0.5128205128205128,Yonne
89,2020-07-19,0,61,0,0.0,8.0,1754.0,0.4561003420752566,Yonne
89,2020-07-20,2,352,0,0.5681818181818182,10.0,1847.0,0.5414185165132648,Yonne
89,2020-07-21,2,312,0,0.641025641025641,11.0,2095.0,0.5250596658711217,Yonne
89,2020-07-22,0,276,0,0.0,8.0,2089.0,0.3829583532790809,Yonne
89,2020-07-23,5,374,0,1.3368983957219251,11.0,1983.0,0.5547150781643975,Yonne
89,2020-07-24,3,384,0,0.78125,12.0,1995.0,0.6015037593984963,Yonne
89,2020-07-25,1,223,0,0.4484304932735426,13.0,1982.0,0.6559031281533804,Yonne
89,2020-07-26,3,49,0,6.1224489795918355,16.0,1970.0,0.8121827411167513,Yonne
89,2020-07-27,4,381,0,1.0498687664041997,18.0,1999.0,0.9004502251125562,Yonne
89,2020-07-28,2,481,0,0.4158004158004158,18.0,2168.0,0.8302583025830259,Yonne
89,2020-07-29,5,360,0,1.3888888888888888,23.0,2252.0,1.0213143872113677,Yonne
89,2020-07-30,2,391,0,0.5115089514066496,20.0,2269.0,0.881445570736007,Yonne
89,2020-07-31,3,361,0,0.8310249307479225,20.0,2246.0,0.8904719501335707,Yonne
89,2020-08-01,1,211,0,0.4739336492890995,20.0,2234.0,0.8952551477170994,Yonne
89,2020-08-02,0,57,0,0.0,17.0,2242.0,0.7582515611061552,Yonne
89,2020-08-03,4,354,0,1.1299435028248588,17.0,2215.0,0.7674943566591422,Yonne
89,2020-08-04,4,349,0,1.146131805157593,19.0,2083.0,0.9121459433509362,Yonne
89,2020-08-05,6,311,0,1.929260450160772,20.0,2034.0,0.983284169124877,Yonne
89,2020-08-06,8,355,0,2.2535211267605635,26.0,1998.0,1.3013013013013013,Yonne
89,2020-08-07,2,321,0,0.6230529595015576,25.0,1958.0,1.2768130745658837,Yonne
89,2020-08-08,1,202,0,0.4950495049504951,25.0,1949.0,1.2827090815802975,Yonne
89,2020-08-09,0,57,0,0.0,25.0,1949.0,1.2827090815802975,Yonne
89,2020-08-10,2,338,0,0.591715976331361,23.0,1933.0,1.189860320744956,Yonne
89,2020-08-11,3,357,0,0.8403361344537815,22.0,1941.0,1.1334363730036066,Yonne
89,2020-08-12,5,335,0,1.4925373134328357,21.0,1965.0,1.068702290076336,Yonne
89,2020-08-13,5,377,0,1.326259946949602,18.0,1987.0,0.9058882737795672,Yonne
89,2020-08-14,4,413,0,0.9685230024213076,20.0,2079.0,0.962000962000962,Yonne
89,2020-08-15,3,107,0,2.803738317757009,22.0,1984.0,1.1088709677419355,Yonne
89,2020-08-16,1,72,0,1.3888888888888888,23.0,1999.0,1.150575287643822,Yonne
89,2020-08-17,8,523,0,1.5296367112810707,29.0,2184.0,1.3278388278388278,Yonne
89,2020-08-18,11,482,0,2.282157676348548,37.0,2309.0,1.6024252923343438,Yonne
89,2020-08-19,4,470,0,0.851063829787234,36.0,2444.0,1.4729950900163666,Yonne
89,2020-08-20,11,461,0,2.386117136659436,42.0,2528.0,1.661392405063291,Yonne
89,2020-08-21,13,581,0,2.2375215146299485,51.0,2696.0,1.8916913946587541,Yonne
89,2020-08-22,8,401,0,1.9950124688279298,56.0,2990.0,1.8729096989966556,Yonne
89,2020-08-23,8,81,0,9.876543209876543,63.0,2999.0,2.100700233411137,Yonne
89,2020-08-24,17,666,0,2.5525525525525525,72.0,3142.0,2.2915340547422023,Yonne
89,2020-08-25,16,570,0,2.8070175438596485,77.0,3230.0,2.3839009287925697,Yonne
89,2020-08-26,25,639,0,3.912363067292645,98.0,3399.0,2.8832009414533686,Yonne
89,2020-08-27,14,738,0,1.8970189701897016,101.0,3676.0,2.747551686615887,Yonne
89,2020-08-28,26,694,0,3.746397694524496,114.0,3789.0,3.0087094220110853,Yonne
89,2020-08-29,9,527,0,1.7077798861480076,115.0,3915.0,2.9374201787994885,Yonne
89,2020-08-30,1,83,0,1.2048192771084338,108.0,3917.0,2.7572121521572632,Yonne
89,2020-08-31,36,1004,0,3.5856573705179287,127.0,4255.0,2.984723854289072,Yonne
89,2020-09-01,16,579,0,2.763385146804836,127.0,4264.0,2.9784240150093813,Yonne
89,2020-09-02,12,564,0,2.127659574468085,114.0,4189.0,2.721413225113392,Yonne
89,2020-09-03,19,680,0,2.7941176470588243,119.0,4131.0,2.8806584362139915,Yonne
89,2020-09-04,13,722,0,1.8005540166204987,106.0,4159.0,2.5486895888434717,Yonne
89,2020-09-05,2,356,0,0.5617977528089888,99.0,3988.0,2.482447342026078,Yonne
89,2020-09-06,2,139,0,1.4388489208633095,100.0,4044.0,2.4727992087042527,Yonne
89,2020-09-07,20,786,0,2.5445292620865136,84.0,3826.0,2.1955044432828017,Yonne
89,2020-09-08,15,737,0,2.03527815468114,83.0,3984.0,2.083333333333333,Yonne
89,2020-09-09,15,828,0,1.8115942028985508,86.0,4248.0,2.024482109227872,Yonne
89,2020-09-10,28,912,0,3.070175438596491,95.0,4480.0,2.1205357142857144,Yonne
89,2020-09-11,42,941,0,4.4633368756641865,124.0,4699.0,2.6388593317727183,Yonne
89,2020-09-12,16,493,0,3.2454361054766734,138.0,4836.0,2.853598014888337,Yonne
89,2020-09-13,5,85,0,5.882352941176469,141.0,4782.0,2.9485570890840656,Yonne
89,2020-09-14,38,876,0,4.337899543378995,159.0,4872.0,3.263546798029557,Yonne
89,2020-09-15,31,824,0,3.762135922330097,175.0,4959.0,3.5289372857430936,Yonne
89,2020-09-16,28,672,0,4.166666666666666,188.0,4803.0,3.9142202789922966,Yonne
89,2020-09-17,36,741,0,4.8582995951417,196.0,4632.0,4.231433506044905,Yonne
89,2020-09-18,43,841,0,5.112960760998812,197.0,4532.0,4.3468667255075015,Yonne
89,2020-09-19,24,481,0,4.989604989604991,205.0,4520.0,4.5353982300884965,Yonne
89,2020-09-20,2,51,0,3.92156862745098,202.0,4486.0,4.502897904592063,Yonne
89,2020-09-21,49,636,0,7.704402515723269,213.0,4246.0,5.016486104569006,Yonne
89,2020-09-22,80,717,0,11.157601115760114,262.0,4139.0,6.33003140855279,Yonne
89,2020-09-23,37,492,0,7.5203252032520345,271.0,3959.0,6.845162919929275,Yonne
89,2020-09-24,44,634,0,6.940063091482648,279.0,3852.0,7.242990654205607,Yonne
89,2020-09-25,25,741,0,3.373819163292848,261.0,3752.0,6.956289978678039,Yonne
89,2020-09-26,23,388,0,5.927835051546391,260.0,3659.0,7.105766602896966,Yonne
89,2020-09-27,2,60,0,3.333333333333333,260.0,3668.0,7.088331515812433,Yonne
89,2020-09-28,51,687,0,7.423580786026203,262.0,3719.0,7.04490454423232,Yonne
89,2020-09-29,40,565,0,7.079646017699115,222.0,3567.0,6.223717409587889,Yonne
89,2020-09-30,34,616,0,5.51948051948052,219.0,3691.0,5.933351395285831,Yonne
89,2020-10-01,24,629,0,3.8155802861685215,199.0,3686.0,5.3988062940857295,Yonne
89,2020-10-02,46,631,0,7.290015847860539,220.0,3576.0,6.152125279642058,Yonne
89,2020-10-03,27,337,0,8.011869436201781,224.0,3525.0,6.354609929078015,Yonne
89,2020-10-04,1,71,0,1.4084507042253522,223.0,3536.0,6.3065610859728505,Yonne
89,2020-10-05,57,629,0,9.062003179650238,229.0,3478.0,6.584243818286371,Yonne
89,2020-10-06,45,572,0,7.8671328671328675,234.0,3485.0,6.714490674318508,Yonne
89,2020-10-07,74,533,0,13.883677298311445,274.0,3402.0,8.054085831863611,Yonne
89,2020-10-08,57,605,0,9.421487603305783,307.0,3378.0,9.088217880402603,Yonne
89,2020-10-09,74,707,0,10.466760961810467,335.0,3454.0,9.69889982628836,Yonne
89,2020-10-10,29,399,0,7.268170426065162,337.0,3516.0,9.584755403868032,Yonne
89,2020-10-11,9,107,0,8.411214953271028,345.0,3552.0,9.712837837837835,Yonne
89,2020-10-12,105,768,0,13.671875,393.0,3691.0,10.647520997019779,Yonne
89,2020-10-13,101,742,0,13.611859838274937,449.0,3861.0,11.62911162911163,Yonne
89,2020-10-14,101,839,0,12.03814064362336,476.0,4167.0,11.423086153107754,Yonne
89,2020-10-15,106,903,0,11.738648947951274,525.0,4465.0,11.758118701007838,Yonne
89,2020-10-16,88,852,0,10.328638497652582,539.0,4610.0,11.691973969631233,Yonne
89,2020-10-17,131,597,0,21.943048576214405,641.0,4808.0,13.331946755407653,Yonne
89,2020-10-18,15,101,0,14.85148514851485,647.0,4802.0,13.473552686380675,Yonne
89,2020-10-19,155,890,0,17.415730337078653,697.0,4924.0,14.155158407798538,Yonne
89,2020-10-20,124,576,0,21.527777777777782,720.0,4758.0,15.132408575031526,Yonne
89,2020-10-21,122,591,0,20.642978003384094,741.0,4510.0,16.430155210643015,Yonne
90,2020-05-13,0,60,0,0.0,,,,Territoire de Belfort
90,2020-05-14,1,67,0,1.4925373134328357,,,,Territoire de Belfort
90,2020-05-15,1,81,0,1.2345679012345678,,,,Territoire de Belfort
90,2020-05-16,0,36,0,0.0,,,,Territoire de Belfort
90,2020-05-17,0,28,0,0.0,,,,Territoire de Belfort
90,2020-05-18,7,132,0,5.303030303030303,,,,Territoire de Belfort
90,2020-05-19,4,121,0,3.3057851239669422,13.0,525.0,2.4761904761904763,Territoire de Belfort
90,2020-05-20,3,76,0,3.947368421052632,16.0,541.0,2.957486136783734,Territoire de Belfort
90,2020-05-21,0,16,0,0.0,15.0,490.0,3.0612244897959178,Territoire de Belfort
90,2020-05-22,0,53,0,0.0,14.0,462.0,3.0303030303030303,Territoire de Belfort
90,2020-05-23,1,19,0,5.263157894736842,15.0,445.0,3.3707865168539324,Territoire de Belfort
90,2020-05-24,1,2,0,50.0,16.0,419.0,3.818615751789976,Territoire de Belfort
90,2020-05-25,0,105,0,0.0,9.0,392.0,2.295918367346939,Territoire de Belfort
90,2020-05-26,0,116,0,0.0,5.0,387.0,1.2919896640826871,Territoire de Belfort
90,2020-05-27,3,124,0,2.419354838709677,5.0,435.0,1.1494252873563218,Territoire de Belfort
90,2020-05-28,4,80,0,5.0,9.0,499.0,1.8036072144288575,Territoire de Belfort
90,2020-05-29,2,168,0,1.1904761904761905,11.0,614.0,1.7915309446254073,Territoire de Belfort
90,2020-05-30,1,60,0,1.6666666666666667,11.0,655.0,1.6793893129770994,Territoire de Belfort
90,2020-05-31,1,39,0,2.564102564102564,11.0,692.0,1.5895953757225432,Territoire de Belfort
90,2020-06-01,1,43,0,2.3255813953488373,12.0,630.0,1.9047619047619049,Territoire de Belfort
90,2020-06-02,1,131,0,0.7633587786259541,13.0,645.0,2.0155038759689923,Territoire de Belfort
90,2020-06-03,2,106,0,1.8867924528301887,12.0,627.0,1.9138755980861244,Territoire de Belfort
90,2020-06-04,1,71,0,1.4084507042253522,9.0,618.0,1.4563106796116505,Territoire de Belfort
90,2020-06-05,3,100,0,3.0,10.0,550.0,1.818181818181818,Territoire de Belfort
90,2020-06-06,0,52,0,0.0,9.0,542.0,1.6605166051660518,Territoire de Belfort
90,2020-06-07,0,20,0,0.0,8.0,523.0,1.5296367112810707,Territoire de Belfort
90,2020-06-08,0,160,0,0.0,7.0,640.0,1.09375,Territoire de Belfort
90,2020-06-09,1,120,0,0.8333333333333334,7.0,629.0,1.1128775834658189,Territoire de Belfort
90,2020-06-10,1,146,0,0.6849315068493149,6.0,669.0,0.8968609865470852,Territoire de Belfort
90,2020-06-11,1,130,0,0.7692307692307693,6.0,728.0,0.8241758241758242,Territoire de Belfort
90,2020-06-12,2,158,0,1.2658227848101269,5.0,786.0,0.6361323155216284,Territoire de Belfort
90,2020-06-13,0,139,0,0.0,5.0,873.0,0.572737686139748,Territoire de Belfort
90,2020-06-14,1,64,0,1.5625,6.0,917.0,0.6543075245365322,Territoire de Belfort
90,2020-06-15,1,114,0,0.8771929824561403,7.0,871.0,0.8036739380022963,Territoire de Belfort
90,2020-06-16,0,112,0,0.0,6.0,863.0,0.6952491309385863,Territoire de Belfort
90,2020-06-17,0,82,0,0.0,5.0,799.0,0.6257822277847309,Territoire de Belfort
90,2020-06-18,1,83,0,1.2048192771084338,5.0,752.0,0.6648936170212766,Territoire de Belfort
90,2020-06-19,4,93,0,4.301075268817205,7.0,687.0,1.0189228529839884,Territoire de Belfort
90,2020-06-20,0,51,0,0.0,7.0,599.0,1.1686143572621035,Territoire de Belfort
90,2020-06-21,0,53,0,0.0,6.0,588.0,1.020408163265306,Territoire de Belfort
90,2020-06-22,0,144,0,0.0,5.0,618.0,0.8090614886731391,Territoire de Belfort
90,2020-06-23,0,91,0,0.0,5.0,597.0,0.8375209380234505,Territoire de Belfort
90,2020-06-24,0,87,0,0.0,5.0,602.0,0.8305647840531563,Territoire de Belfort
90,2020-06-25,1,66,0,1.5151515151515151,5.0,585.0,0.8547008547008548,Territoire de Belfort
90,2020-06-26,0,94,0,0.0,1.0,586.0,0.17064846416382254,Territoire de Belfort
90,2020-06-27,0,53,0,0.0,1.0,588.0,0.17006802721088435,Territoire de Belfort
90,2020-06-28,0,47,0,0.0,1.0,582.0,0.1718213058419244,Territoire de Belfort
90,2020-06-29,0,111,0,0.0,1.0,549.0,0.18214936247723126,Territoire de Belfort
90,2020-06-30,0,105,0,0.0,1.0,563.0,0.17761989342806395,Territoire de Belfort
90,2020-07-01,0,106,0,0.0,1.0,582.0,0.1718213058419244,Territoire de Belfort
90,2020-07-02,0,95,0,0.0,0.0,611.0,0.0,Territoire de Belfort
90,2020-07-03,1,125,0,0.8,1.0,642.0,0.1557632398753894,Territoire de Belfort
90,2020-07-04,0,82,0,0.0,1.0,671.0,0.14903129657228018,Territoire de Belfort
90,2020-07-05,0,38,0,0.0,1.0,662.0,0.1510574018126888,Territoire de Belfort
90,2020-07-06,0,109,0,0.0,1.0,660.0,0.15151515151515152,Territoire de Belfort
90,2020-07-07,1,147,0,0.6802721088435374,2.0,702.0,0.2849002849002849,Territoire de Belfort
90,2020-07-08,1,124,0,0.8064516129032258,3.0,720.0,0.4166666666666667,Territoire de Belfort
90,2020-07-09,0,104,0,0.0,3.0,729.0,0.41152263374485604,Territoire de Belfort
90,2020-07-10,0,117,0,0.0,2.0,721.0,0.27739251040221913,Territoire de Belfort
90,2020-07-11,1,39,0,2.564102564102564,3.0,678.0,0.4424778761061947,Territoire de Belfort
90,2020-07-12,0,38,0,0.0,3.0,678.0,0.4424778761061947,Territoire de Belfort
90,2020-07-13,0,132,0,0.0,3.0,701.0,0.42796005706134094,Territoire de Belfort
90,2020-07-14,1,38,0,2.631578947368421,3.0,592.0,0.5067567567567568,Territoire de Belfort
90,2020-07-15,0,147,0,0.0,2.0,615.0,0.3252032520325203,Territoire de Belfort
90,2020-07-16,2,120,0,1.6666666666666667,4.0,631.0,0.6339144215530903,Territoire de Belfort
90,2020-07-17,1,126,0,0.7936507936507936,5.0,640.0,0.78125,Territoire de Belfort
90,2020-07-18,0,87,0,0.0,4.0,688.0,0.5813953488372093,Territoire de Belfort
90,2020-07-19,0,39,0,0.0,4.0,689.0,0.5805515239477503,Territoire de Belfort
90,2020-07-20,2,151,0,1.3245033112582782,6.0,708.0,0.8474576271186439,Territoire de Belfort
90,2020-07-21,0,168,0,0.0,5.0,838.0,0.5966587112171837,Territoire de Belfort
90,2020-07-22,0,162,0,0.0,5.0,853.0,0.5861664712778429,Territoire de Belfort
90,2020-07-23,0,152,0,0.0,3.0,885.0,0.3389830508474576,Territoire de Belfort
90,2020-07-24,0,137,0,0.0,2.0,896.0,0.2232142857142857,Territoire de Belfort
90,2020-07-25,0,63,0,0.0,2.0,872.0,0.22935779816513766,Territoire de Belfort
90,2020-07-26,0,37,0,0.0,2.0,870.0,0.2298850574712644,Territoire de Belfort
90,2020-07-27,0,178,0,0.0,0.0,897.0,0.0,Territoire de Belfort
90,2020-07-28,0,182,0,0.0,0.0,911.0,0.0,Territoire de Belfort
90,2020-07-29,1,153,0,0.6535947712418301,1.0,902.0,0.11086474501108648,Territoire de Belfort
90,2020-07-30,1,156,0,0.641025641025641,2.0,906.0,0.22075055187637968,Territoire de Belfort
90,2020-07-31,3,139,0,2.1582733812949644,5.0,908.0,0.5506607929515419,Territoire de Belfort
90,2020-08-01,1,80,0,1.25,6.0,925.0,0.6486486486486486,Territoire de Belfort
90,2020-08-02,1,45,0,2.2222222222222223,7.0,933.0,0.7502679528403001,Territoire de Belfort
90,2020-08-03,1,165,0,0.6060606060606061,8.0,920.0,0.8695652173913043,Territoire de Belfort
90,2020-08-04,1,160,0,0.625,9.0,898.0,1.0022271714922049,Territoire de Belfort
90,2020-08-05,3,188,0,1.5957446808510638,11.0,933.0,1.1789924973204715,Territoire de Belfort
90,2020-08-06,0,141,0,0.0,10.0,918.0,1.0893246187363834,Territoire de Belfort
90,2020-08-07,3,144,0,2.083333333333333,10.0,923.0,1.0834236186348862,Territoire de Belfort
90,2020-08-08,2,72,0,2.7777777777777777,11.0,915.0,1.2021857923497268,Territoire de Belfort
90,2020-08-09,1,47,0,2.127659574468085,11.0,917.0,1.1995637949836424,Territoire de Belfort
90,2020-08-10,5,163,0,3.0674846625766867,15.0,915.0,1.639344262295082,Territoire de Belfort
90,2020-08-11,4,141,0,2.8368794326241136,18.0,896.0,2.008928571428572,Territoire de Belfort
90,2020-08-12,1,176,0,0.5681818181818182,16.0,884.0,1.809954751131222,Territoire de Belfort
90,2020-08-13,3,170,0,1.7647058823529411,19.0,913.0,2.0810514786418404,Territoire de Belfort
90,2020-08-14,3,205,0,1.4634146341463417,19.0,974.0,1.9507186858316223,Territoire de Belfort
90,2020-08-15,1,47,0,2.127659574468085,18.0,949.0,1.8967334035827188,Territoire de Belfort
90,2020-08-16,4,60,0,6.666666666666668,21.0,962.0,2.1829521829521834,Territoire de Belfort
90,2020-08-17,4,244,0,1.639344262295082,20.0,1043.0,1.917545541706616,Territoire de Belfort
90,2020-08-18,8,214,0,3.738317757009345,24.0,1116.0,2.1505376344086025,Territoire de Belfort
90,2020-08-19,3,182,0,1.6483516483516485,26.0,1122.0,2.3172905525846703,Territoire de Belfort
90,2020-08-20,4,194,0,2.061855670103093,27.0,1146.0,2.356020942408377,Territoire de Belfort
90,2020-08-21,5,272,0,1.8382352941176472,29.0,1213.0,2.390766694146744,Territoire de Belfort
90,2020-08-22,3,167,0,1.7964071856287425,31.0,1333.0,2.3255813953488373,Territoire de Belfort
90,2020-08-23,3,78,0,3.8461538461538463,30.0,1351.0,2.220577350111029,Territoire de Belfort
90,2020-08-24,6,399,0,1.5037593984962403,32.0,1506.0,2.1248339973439574,Territoire de Belfort
90,2020-08-25,4,266,0,1.5037593984962403,28.0,1558.0,1.7971758664955069,Territoire de Belfort
90,2020-08-26,8,228,0,3.5087719298245608,33.0,1604.0,2.0573566084788033,Territoire de Belfort
90,2020-08-27,4,252,0,1.5873015873015872,33.0,1662.0,1.985559566787004,Territoire de Belfort
90,2020-08-28,7,287,0,2.4390243902439024,35.0,1677.0,2.0870602265951104,Territoire de Belfort
90,2020-08-29,2,169,0,1.183431952662722,34.0,1679.0,2.0250148898153664,Territoire de Belfort
90,2020-08-30,1,79,0,1.2658227848101269,32.0,1680.0,1.9047619047619049,Territoire de Belfort
90,2020-08-31,10,265,0,3.7735849056603774,36.0,1546.0,2.3285899094437257,Territoire de Belfort
90,2020-09-01,5,276,0,1.8115942028985508,37.0,1556.0,2.377892030848329,Territoire de Belfort
90,2020-09-02,8,545,0,1.4678899082568808,37.0,1873.0,1.9754404698344905,Territoire de Belfort
90,2020-09-03,4,211,0,1.895734597156398,37.0,1832.0,2.019650655021834,Territoire de Belfort
90,2020-09-04,4,226,0,1.7699115044247788,34.0,1771.0,1.9198193111236588,Territoire de Belfort
90,2020-09-05,5,188,0,2.6595744680851063,37.0,1790.0,2.067039106145251,Territoire de Belfort
90,2020-09-06,3,55,0,5.454545454545454,39.0,1766.0,2.2083805209513017,Territoire de Belfort
90,2020-09-07,11,287,0,3.8327526132404177,40.0,1788.0,2.237136465324385,Territoire de Belfort
90,2020-09-08,8,306,0,2.6143790849673203,43.0,1818.0,2.3652365236523654,Territoire de Belfort
90,2020-09-09,11,384,0,2.864583333333333,46.0,1657.0,2.776101388050694,Territoire de Belfort
90,2020-09-10,17,418,0,4.066985645933015,59.0,1864.0,3.1652360515021467,Territoire de Belfort
90,2020-09-11,23,444,0,5.180180180180179,78.0,2082.0,3.746397694524496,Territoire de Belfort
90,2020-09-12,1,220,0,0.4545454545454545,74.0,2114.0,3.500473036896877,Territoire de Belfort
90,2020-09-13,0,52,0,0.0,71.0,2111.0,3.3633349123638085,Territoire de Belfort
90,2020-09-14,18,603,0,2.985074626865672,78.0,2427.0,3.2138442521631645,Territoire de Belfort
90,2020-09-15,15,537,0,2.793296089385475,85.0,2658.0,3.1978931527464263,Territoire de Belfort
90,2020-09-16,8,345,0,2.318840579710145,82.0,2619.0,3.1309660175639555,Territoire de Belfort
90,2020-09-17,11,391,0,2.8132992327365733,76.0,2592.0,2.9320987654320985,Territoire de Belfort
90,2020-09-18,12,348,0,3.4482758620689653,65.0,2496.0,2.604166666666667,Territoire de Belfort
90,2020-09-19,2,203,0,0.9852216748768472,66.0,2479.0,2.662363856393707,Territoire de Belfort
90,2020-09-20,1,53,0,1.8867924528301887,67.0,2480.0,2.7016129032258065,Territoire de Belfort
90,2020-09-21,7,333,0,2.1021021021021022,56.0,2210.0,2.5339366515837103,Territoire de Belfort
90,2020-09-22,8,341,0,2.3460410557184748,49.0,2014.0,2.432969215491559,Territoire de Belfort
90,2020-09-23,8,261,0,3.065134099616858,49.0,1930.0,2.5388601036269427,Territoire de Belfort
90,2020-09-24,9,223,0,4.035874439461884,47.0,1762.0,2.667423382519864,Territoire de Belfort
90,2020-09-25,6,284,0,2.112676056338028,41.0,1698.0,2.4146054181389878,Territoire de Belfort
90,2020-09-26,3,135,0,2.2222222222222223,42.0,1630.0,2.5766871165644174,Territoire de Belfort
90,2020-09-27,0,42,0,0.0,41.0,1619.0,2.5324274243360096,Territoire de Belfort
90,2020-09-28,6,278,0,2.1582733812949644,40.0,1564.0,2.557544757033248,Territoire de Belfort
90,2020-09-29,8,293,0,2.7303754266211606,40.0,1516.0,2.638522427440633,Territoire de Belfort
90,2020-09-30,26,209,0,12.440191387559807,58.0,1464.0,3.9617486338797816,Territoire de Belfort
90,2020-10-01,7,190,0,3.6842105263157885,56.0,1431.0,3.913347309573725,Territoire de Belfort
90,2020-10-02,9,273,0,3.296703296703297,59.0,1420.0,4.154929577464789,Territoire de Belfort
90,2020-10-03,5,184,0,2.717391304347826,61.0,1469.0,4.152484683458135,Territoire de Belfort
90,2020-10-04,0,53,0,0.0,61.0,1480.0,4.121621621621622,Territoire de Belfort
90,2020-10-05,9,282,0,3.191489361702128,64.0,1484.0,4.3126684636118595,Territoire de Belfort
90,2020-10-06,10,275,0,3.636363636363636,66.0,1466.0,4.502046384720328,Territoire de Belfort
90,2020-10-07,9,231,0,3.8961038961038965,49.0,1488.0,3.293010752688172,Territoire de Belfort
90,2020-10-08,11,234,0,4.700854700854701,53.0,1532.0,3.4595300261096606,Territoire de Belfort
90,2020-10-09,11,266,0,4.135338345864661,55.0,1525.0,3.606557377049181,Territoire de Belfort
90,2020-10-10,4,175,0,2.2857142857142856,54.0,1516.0,3.5620052770448547,Territoire de Belfort
90,2020-10-11,1,42,0,2.380952380952381,55.0,1505.0,3.654485049833888,Territoire de Belfort
90,2020-10-12,17,292,0,5.821917808219178,63.0,1515.0,4.158415841584159,Territoire de Belfort
90,2020-10-13,9,250,0,3.6,62.0,1490.0,4.161073825503356,Territoire de Belfort
90,2020-10-14,12,206,0,5.825242718446603,65.0,1465.0,4.436860068259387,Territoire de Belfort
90,2020-10-15,16,239,0,6.694560669456067,70.0,1470.0,4.761904761904762,Territoire de Belfort
90,2020-10-16,32,279,0,11.469534050179211,91.0,1483.0,6.136210384356035,Territoire de Belfort
90,2020-10-17,11,186,0,5.913978494623656,98.0,1494.0,6.559571619812584,Territoire de Belfort
90,2020-10-18,3,48,0,6.25,100.0,1500.0,6.666666666666668,Territoire de Belfort
90,2020-10-19,40,378,0,10.582010582010582,123.0,1586.0,7.755359394703658,Territoire de Belfort
90,2020-10-20,51,299,0,17.056856187290972,165.0,1635.0,10.091743119266058,Territoire de Belfort
90,2020-10-21,41,292,0,14.041095890410961,194.0,1721.0,11.272515979081929,Territoire de Belfort
