dep,sexe,jour,Personnes hospitalisées,Personnes en réanimation,Personnes de retour à domicile (cumul),Personnes décédées (cumul),dep_ok
21,0,2020-03-18,60,16,4,0,Côte-d'Or
25,0,2020-03-18,26,3,8,1,Doubs
39,0,2020-03-18,2,1,1,0,Jura
58,0,2020-03-18,0,0,0,0,Nièvre
70,0,2020-03-18,14,4,2,0,Haute-Saône
71,0,2020-03-18,35,0,4,5,Saône-et-Loire
89,0,2020-03-18,6,0,1,0,Yonne
90,0,2020-03-18,25,9,0,0,Territoire de Belfort
21,0,2020-03-19,53,19,28,2,Côte-d'Or
25,0,2020-03-19,33,11,10,2,Doubs
39,0,2020-03-19,2,1,1,0,Jura
58,0,2020-03-19,0,0,0,0,Nièvre
70,0,2020-03-19,14,3,3,0,Haute-Saône
71,0,2020-03-19,48,3,7,5,Saône-et-Loire
89,0,2020-03-19,5,1,1,2,Yonne
90,0,2020-03-19,39,9,0,3,Territoire de Belfort
21,0,2020-03-20,82,31,37,3,Côte-d'Or
25,0,2020-03-20,43,15,13,4,Doubs
39,0,2020-03-20,6,1,2,0,Jura
58,0,2020-03-20,1,1,0,0,Nièvre
70,0,2020-03-20,26,6,5,0,Haute-Saône
71,0,2020-03-20,53,5,10,8,Saône-et-Loire
89,0,2020-03-20,10,3,1,2,Yonne
90,0,2020-03-20,49,9,0,5,Territoire de Belfort
21,0,2020-03-21,79,30,45,3,Côte-d'Or
25,0,2020-03-21,48,21,19,6,Doubs
39,0,2020-03-21,7,1,2,0,Jura
58,0,2020-03-21,1,1,0,0,Nièvre
70,0,2020-03-21,26,6,5,0,Haute-Saône
71,0,2020-03-21,50,6,14,10,Saône-et-Loire
89,0,2020-03-21,11,3,1,2,Yonne
90,0,2020-03-21,61,11,2,6,Territoire de Belfort
21,0,2020-03-22,101,31,73,4,Côte-d'Or
25,0,2020-03-22,63,21,20,8,Doubs
39,0,2020-03-22,8,1,2,0,Jura
58,0,2020-03-22,1,1,0,0,Nièvre
70,0,2020-03-22,26,6,5,0,Haute-Saône
71,0,2020-03-22,65,6,36,12,Saône-et-Loire
89,0,2020-03-22,13,3,1,2,Yonne
90,0,2020-03-22,68,14,28,14,Territoire de Belfort
21,0,2020-03-23,113,34,84,13,Côte-d'Or
25,0,2020-03-23,65,22,25,10,Doubs
39,0,2020-03-23,10,1,2,0,Jura
58,0,2020-03-23,3,2,0,0,Nièvre
70,0,2020-03-23,26,6,5,0,Haute-Saône
71,0,2020-03-23,84,7,50,13,Saône-et-Loire
89,0,2020-03-23,16,7,1,2,Yonne
90,0,2020-03-23,94,20,31,24,Territoire de Belfort
21,0,2020-03-24,114,34,106,22,Côte-d'Or
25,0,2020-03-24,80,26,30,11,Doubs
39,0,2020-03-24,24,2,4,0,Jura
58,0,2020-03-24,3,2,0,0,Nièvre
70,0,2020-03-24,37,13,8,3,Haute-Saône
71,0,2020-03-24,92,14,98,20,Saône-et-Loire
89,0,2020-03-24,18,8,1,2,Yonne
90,0,2020-03-24,109,22,38,27,Territoire de Belfort
21,0,2020-03-25,153,42,127,27,Côte-d'Or
25,0,2020-03-25,84,27,44,12,Doubs
39,0,2020-03-25,28,4,4,0,Jura
58,0,2020-03-25,3,2,0,0,Nièvre
70,0,2020-03-25,44,18,11,6,Haute-Saône
71,0,2020-03-25,109,19,119,25,Saône-et-Loire
89,0,2020-03-25,32,11,1,2,Yonne
90,0,2020-03-25,138,27,42,30,Territoire de Belfort
21,0,2020-03-26,163,40,139,32,Côte-d'Or
25,0,2020-03-26,84,29,52,18,Doubs
39,0,2020-03-26,45,9,4,0,Jura
58,0,2020-03-26,4,2,0,0,Nièvre
70,0,2020-03-26,62,22,13,6,Haute-Saône
71,0,2020-03-26,149,22,140,29,Saône-et-Loire
89,0,2020-03-26,35,12,2,3,Yonne
90,0,2020-03-26,137,30,52,35,Territoire de Belfort
21,0,2020-03-27,170,42,138,34,Côte-d'Or
25,0,2020-03-27,100,37,60,21,Doubs
39,0,2020-03-27,48,12,5,0,Jura
58,0,2020-03-27,6,3,0,0,Nièvre
70,0,2020-03-27,67,23,22,6,Haute-Saône
71,0,2020-03-27,165,27,145,32,Saône-et-Loire
89,0,2020-03-27,37,12,2,3,Yonne
90,0,2020-03-27,147,30,60,43,Territoire de Belfort
21,0,2020-03-28,202,45,155,35,Côte-d'Or
25,0,2020-03-28,91,38,72,22,Doubs
39,0,2020-03-28,37,9,15,1,Jura
58,0,2020-03-28,7,4,1,0,Nièvre
70,0,2020-03-28,66,21,26,9,Haute-Saône
71,0,2020-03-28,182,31,161,34,Saône-et-Loire
89,0,2020-03-28,38,12,2,3,Yonne
90,0,2020-03-28,164,34,61,44,Territoire de Belfort
21,0,2020-03-29,218,48,181,37,Côte-d'Or
25,0,2020-03-29,148,56,84,25,Doubs
39,0,2020-03-29,37,9,15,1,Jura
58,0,2020-03-29,9,6,1,0,Nièvre
70,0,2020-03-29,66,18,29,10,Haute-Saône
71,0,2020-03-29,184,27,167,36,Saône-et-Loire
89,0,2020-03-29,40,13,6,4,Yonne
90,0,2020-03-29,171,40,66,51,Territoire de Belfort
21,0,2020-03-30,211,46,213,37,Côte-d'Or
25,0,2020-03-30,152,53,89,26,Doubs
39,0,2020-03-30,48,9,15,2,Jura
58,0,2020-03-30,12,7,1,0,Nièvre
70,0,2020-03-30,63,16,38,14,Haute-Saône
71,0,2020-03-30,187,34,167,43,Saône-et-Loire
89,0,2020-03-30,52,15,8,4,Yonne
90,0,2020-03-30,177,40,73,61,Territoire de Belfort
21,0,2020-03-31,166,40,220,42,Côte-d'Or
25,0,2020-03-31,148,51,107,34,Doubs
39,0,2020-03-31,52,9,21,3,Jura
58,0,2020-03-31,12,8,1,2,Nièvre
70,0,2020-03-31,69,15,45,19,Haute-Saône
71,0,2020-03-31,191,30,181,48,Saône-et-Loire
89,0,2020-03-31,75,16,9,5,Yonne
90,0,2020-03-31,201,43,91,61,Territoire de Belfort
21,0,2020-04-01,190,44,244,45,Côte-d'Or
25,0,2020-04-01,161,53,117,34,Doubs
39,0,2020-04-01,55,9,25,4,Jura
58,0,2020-04-01,12,9,1,3,Nièvre
70,0,2020-04-01,68,16,55,22,Haute-Saône
71,0,2020-04-01,173,33,96,50,Saône-et-Loire
89,0,2020-04-01,85,21,13,8,Yonne
90,0,2020-04-01,219,44,91,64,Territoire de Belfort
21,0,2020-04-02,202,56,273,63,Côte-d'Or
25,0,2020-04-02,186,62,130,35,Doubs
39,0,2020-04-02,55,10,29,4,Jura
58,0,2020-04-02,15,7,2,4,Nièvre
70,0,2020-04-02,77,15,60,28,Haute-Saône
71,0,2020-04-02,169,35,116,53,Saône-et-Loire
89,0,2020-04-02,97,19,15,9,Yonne
90,0,2020-04-02,216,46,121,75,Territoire de Belfort
21,0,2020-04-03,212,62,290,67,Côte-d'Or
25,0,2020-04-03,173,72,151,43,Doubs
39,0,2020-04-03,60,11,36,10,Jura
58,0,2020-04-03,21,7,2,5,Nièvre
70,0,2020-04-03,81,14,63,30,Haute-Saône
71,0,2020-04-03,163,36,137,60,Saône-et-Loire
89,0,2020-04-03,101,20,25,10,Yonne
90,0,2020-04-03,217,43,131,78,Territoire de Belfort
21,0,2020-04-04,255,66,297,69,Côte-d'Or
25,0,2020-04-04,175,76,168,46,Doubs
39,0,2020-04-04,70,11,39,13,Jura
58,0,2020-04-04,27,8,5,5,Nièvre
70,0,2020-04-04,80,16,69,33,Haute-Saône
71,0,2020-04-04,162,37,146,63,Saône-et-Loire
89,0,2020-04-04,102,19,31,11,Yonne
90,0,2020-04-04,204,41,155,83,Territoire de Belfort
21,0,2020-04-05,259,65,307,73,Côte-d'Or
25,0,2020-04-05,183,73,178,49,Doubs
39,0,2020-04-05,78,11,42,14,Jura
58,0,2020-04-05,34,11,6,5,Nièvre
70,0,2020-04-05,80,17,70,37,Haute-Saône
71,0,2020-04-05,173,37,148,65,Saône-et-Loire
89,0,2020-04-05,101,18,31,12,Yonne
90,0,2020-04-05,212,43,160,86,Territoire de Belfort
21,0,2020-04-06,284,76,311,76,Côte-d'Or
25,0,2020-04-06,183,75,184,51,Doubs
39,0,2020-04-06,77,10,42,17,Jura
58,0,2020-04-06,36,10,6,6,Nièvre
70,0,2020-04-06,79,16,72,44,Haute-Saône
71,0,2020-04-06,193,38,170,69,Saône-et-Loire
89,0,2020-04-06,103,18,37,15,Yonne
90,0,2020-04-06,221,42,164,89,Territoire de Belfort
21,0,2020-04-07,307,79,324,83,Côte-d'Or
25,0,2020-04-07,196,81,188,58,Doubs
39,0,2020-04-07,90,11,47,18,Jura
58,0,2020-04-07,34,9,8,7,Nièvre
70,0,2020-04-07,84,17,82,45,Haute-Saône
71,0,2020-04-07,191,36,192,74,Saône-et-Loire
89,0,2020-04-07,94,19,48,17,Yonne
90,0,2020-04-07,216,43,188,94,Territoire de Belfort
21,0,2020-04-08,310,74,336,94,Côte-d'Or
25,0,2020-04-08,199,81,205,59,Doubs
39,0,2020-04-08,100,12,50,19,Jura
58,0,2020-04-08,36,9,11,7,Nièvre
70,0,2020-04-08,87,18,85,45,Haute-Saône
71,0,2020-04-08,191,36,211,75,Saône-et-Loire
89,0,2020-04-08,95,19,58,17,Yonne
90,0,2020-04-08,209,43,204,96,Territoire de Belfort
21,0,2020-04-09,290,73,364,95,Côte-d'Or
25,0,2020-04-09,199,77,219,60,Doubs
39,0,2020-04-09,105,13,58,23,Jura
58,0,2020-04-09,37,8,11,7,Nièvre
70,0,2020-04-09,91,18,91,45,Haute-Saône
71,0,2020-04-09,188,35,222,81,Saône-et-Loire
89,0,2020-04-09,91,18,62,18,Yonne
90,0,2020-04-09,210,41,210,98,Territoire de Belfort
21,0,2020-04-10,350,79,370,102,Côte-d'Or
25,0,2020-04-10,190,75,234,65,Doubs
39,0,2020-04-10,111,16,60,24,Jura
58,0,2020-04-10,48,10,13,7,Nièvre
70,0,2020-04-10,89,17,98,47,Haute-Saône
71,0,2020-04-10,184,36,234,89,Saône-et-Loire
89,0,2020-04-10,88,20,74,23,Yonne
90,0,2020-04-10,222,37,226,102,Territoire de Belfort
21,0,2020-04-11,325,72,402,106,Côte-d'Or
25,0,2020-04-11,186,77,248,68,Doubs
39,0,2020-04-11,112,14,65,26,Jura
58,0,2020-04-11,53,10,15,7,Nièvre
70,0,2020-04-11,87,17,100,48,Haute-Saône
71,0,2020-04-11,174,33,258,91,Saône-et-Loire
89,0,2020-04-11,85,20,85,25,Yonne
90,0,2020-04-11,217,35,238,107,Territoire de Belfort
21,0,2020-04-12,344,72,406,116,Côte-d'Or
25,0,2020-04-12,213,75,263,72,Doubs
39,0,2020-04-12,117,15,65,27,Jura
58,0,2020-04-12,56,10,16,7,Nièvre
70,0,2020-04-12,85,17,102,49,Haute-Saône
71,0,2020-04-12,175,34,262,92,Saône-et-Loire
89,0,2020-04-12,84,20,85,26,Yonne
90,0,2020-04-12,220,35,242,111,Territoire de Belfort
21,0,2020-04-13,340,73,418,119,Côte-d'Or
25,0,2020-04-13,212,75,268,72,Doubs
39,0,2020-04-13,124,17,65,28,Jura
58,0,2020-04-13,60,11,16,8,Nièvre
70,0,2020-04-13,85,17,102,50,Haute-Saône
71,0,2020-04-13,176,34,263,92,Saône-et-Loire
89,0,2020-04-13,83,20,85,28,Yonne
90,0,2020-04-13,229,37,246,115,Territoire de Belfort
21,0,2020-04-14,346,73,419,133,Côte-d'Or
25,0,2020-04-14,234,75,277,80,Doubs
39,0,2020-04-14,131,18,65,30,Jura
58,0,2020-04-14,58,10,17,12,Nièvre
70,0,2020-04-14,95,18,104,51,Haute-Saône
71,0,2020-04-14,180,34,268,97,Saône-et-Loire
89,0,2020-04-14,91,21,90,32,Yonne
90,0,2020-04-14,226,36,248,116,Territoire de Belfort
21,0,2020-04-15,361,78,437,141,Côte-d'Or
25,0,2020-04-15,230,70,287,81,Doubs
39,0,2020-04-15,132,18,74,32,Jura
58,0,2020-04-15,55,11,21,12,Nièvre
70,0,2020-04-15,89,16,122,56,Haute-Saône
71,0,2020-04-15,187,31,280,104,Saône-et-Loire
89,0,2020-04-15,86,19,105,32,Yonne
90,0,2020-04-15,201,31,268,123,Territoire de Belfort
21,0,2020-04-16,384,81,442,149,Côte-d'Or
25,0,2020-04-16,221,71,299,85,Doubs
39,0,2020-04-16,132,17,82,34,Jura
58,0,2020-04-16,63,11,22,12,Nièvre
70,0,2020-04-16,89,16,127,57,Haute-Saône
71,0,2020-04-16,190,32,299,113,Saône-et-Loire
89,0,2020-04-16,96,19,106,33,Yonne
90,0,2020-04-16,195,32,282,124,Territoire de Belfort
21,0,2020-04-17,380,74,465,154,Côte-d'Or
25,0,2020-04-17,213,66,312,88,Doubs
39,0,2020-04-17,145,17,83,34,Jura
58,0,2020-04-17,61,10,26,12,Nièvre
70,0,2020-04-17,95,17,130,58,Haute-Saône
71,0,2020-04-17,201,30,311,115,Saône-et-Loire
89,0,2020-04-17,97,19,109,33,Yonne
90,0,2020-04-17,188,29,292,129,Territoire de Belfort
21,0,2020-04-18,391,77,468,159,Côte-d'Or
25,0,2020-04-18,192,59,333,93,Doubs
39,0,2020-04-18,139,14,94,37,Jura
58,0,2020-04-18,60,11,28,14,Nièvre
70,0,2020-04-18,96,17,130,58,Haute-Saône
71,0,2020-04-18,202,29,316,116,Saône-et-Loire
89,0,2020-04-18,90,19,113,37,Yonne
90,0,2020-04-18,181,29,306,130,Territoire de Belfort
21,0,2020-04-19,367,66,499,165,Côte-d'Or
25,0,2020-04-19,190,53,339,94,Doubs
39,0,2020-04-19,136,14,97,37,Jura
58,0,2020-04-19,59,11,28,15,Nièvre
70,0,2020-04-19,96,17,130,58,Haute-Saône
71,0,2020-04-19,202,30,324,120,Saône-et-Loire
89,0,2020-04-19,94,19,114,38,Yonne
90,0,2020-04-19,183,29,308,130,Territoire de Belfort
21,0,2020-04-20,367,65,505,171,Côte-d'Or
25,0,2020-04-20,193,53,340,95,Doubs
39,0,2020-04-20,136,12,98,37,Jura
58,0,2020-04-20,58,10,28,18,Nièvre
70,0,2020-04-20,90,19,143,60,Haute-Saône
71,0,2020-04-20,209,30,326,123,Saône-et-Loire
89,0,2020-04-20,93,20,117,41,Yonne
90,0,2020-04-20,188,29,307,132,Territoire de Belfort
21,0,2020-04-21,366,63,517,178,Côte-d'Or
25,0,2020-04-21,196,52,348,99,Doubs
39,0,2020-04-21,122,9,112,39,Jura
58,0,2020-04-21,58,9,29,19,Nièvre
70,0,2020-04-21,91,18,146,60,Haute-Saône
71,0,2020-04-21,207,30,346,135,Saône-et-Loire
89,0,2020-04-21,104,20,121,41,Yonne
90,0,2020-04-21,175,28,322,134,Territoire de Belfort
21,0,2020-04-22,361,63,529,179,Côte-d'Or
25,0,2020-04-22,198,55,358,99,Doubs
39,0,2020-04-22,115,11,124,40,Jura
58,0,2020-04-22,55,7,31,21,Nièvre
70,0,2020-04-22,91,17,148,62,Haute-Saône
71,0,2020-04-22,227,29,366,137,Saône-et-Loire
89,0,2020-04-22,119,26,134,43,Yonne
90,0,2020-04-22,168,26,328,140,Territoire de Belfort
21,0,2020-04-23,340,56,549,189,Côte-d'Or
25,0,2020-04-23,177,50,377,106,Doubs
39,0,2020-04-23,108,10,135,43,Jura
58,0,2020-04-23,51,7,38,21,Nièvre
70,0,2020-04-23,96,17,148,63,Haute-Saône
71,0,2020-04-23,230,27,370,141,Saône-et-Loire
89,0,2020-04-23,117,27,139,49,Yonne
90,0,2020-04-23,164,23,332,141,Territoire de Belfort
21,0,2020-04-24,303,54,582,200,Côte-d'Or
25,0,2020-04-24,177,49,388,106,Doubs
39,0,2020-04-24,108,9,137,43,Jura
58,0,2020-04-24,52,8,41,21,Nièvre
70,0,2020-04-24,114,15,151,63,Haute-Saône
71,0,2020-04-24,214,25,392,146,Saône-et-Loire
89,0,2020-04-24,109,23,147,50,Yonne
90,0,2020-04-24,156,20,337,141,Territoire de Belfort
21,0,2020-04-25,292,59,606,203,Côte-d'Or
25,0,2020-04-25,171,46,393,112,Doubs
39,0,2020-04-25,104,8,145,43,Jura
58,0,2020-04-25,52,8,43,22,Nièvre
70,0,2020-04-25,111,13,151,66,Haute-Saône
71,0,2020-04-25,223,25,396,147,Saône-et-Loire
89,0,2020-04-25,115,23,148,51,Yonne
90,0,2020-04-25,148,19,345,142,Territoire de Belfort
21,0,2020-04-26,285,50,609,207,Côte-d'Or
25,0,2020-04-26,179,49,395,113,Doubs
39,0,2020-04-26,104,8,145,43,Jura
58,0,2020-04-26,51,7,43,22,Nièvre
70,0,2020-04-26,113,13,151,67,Haute-Saône
71,0,2020-04-26,224,26,398,149,Saône-et-Loire
89,0,2020-04-26,113,22,150,53,Yonne
90,0,2020-04-26,149,20,346,143,Territoire de Belfort
21,0,2020-04-27,288,52,618,213,Côte-d'Or
25,0,2020-04-27,179,49,397,115,Doubs
39,0,2020-04-27,103,9,147,44,Jura
58,0,2020-04-27,50,6,44,22,Nièvre
70,0,2020-04-27,101,13,164,67,Haute-Saône
71,0,2020-04-27,231,26,401,154,Saône-et-Loire
89,0,2020-04-27,112,21,151,54,Yonne
90,0,2020-04-27,146,20,347,145,Territoire de Belfort
21,0,2020-04-28,288,53,618,215,Côte-d'Or
25,0,2020-04-28,178,40,402,116,Doubs
39,0,2020-04-28,97,10,156,44,Jura
58,0,2020-04-28,50,6,44,22,Nièvre
70,0,2020-04-28,98,13,170,67,Haute-Saône
71,0,2020-04-28,234,28,415,155,Saône-et-Loire
89,0,2020-04-28,108,21,154,55,Yonne
90,0,2020-04-28,146,20,347,145,Territoire de Belfort
21,0,2020-04-29,285,54,635,217,Côte-d'Or
25,0,2020-04-29,168,41,417,116,Doubs
39,0,2020-04-29,93,9,162,44,Jura
58,0,2020-04-29,51,6,47,22,Nièvre
70,0,2020-04-29,97,12,173,69,Haute-Saône
71,0,2020-04-29,243,24,420,158,Saône-et-Loire
89,0,2020-04-29,110,21,160,59,Yonne
90,0,2020-04-29,139,19,361,147,Territoire de Belfort
21,0,2020-04-30,287,57,648,218,Côte-d'Or
25,0,2020-04-30,160,38,425,118,Doubs
39,0,2020-04-30,99,8,165,46,Jura
58,0,2020-04-30,52,4,47,22,Nièvre
70,0,2020-04-30,101,9,173,69,Haute-Saône
71,0,2020-04-30,238,24,443,159,Saône-et-Loire
89,0,2020-04-30,109,22,162,59,Yonne
90,0,2020-04-30,135,19,368,147,Territoire de Belfort
21,0,2020-05-01,274,56,670,218,Côte-d'Or
25,0,2020-05-01,155,38,428,118,Doubs
39,0,2020-05-01,98,8,167,46,Jura
58,0,2020-05-01,50,4,48,22,Nièvre
70,0,2020-05-01,102,9,174,69,Haute-Saône
71,0,2020-05-01,228,24,454,159,Saône-et-Loire
89,0,2020-05-01,102,21,170,62,Yonne
90,0,2020-05-01,131,18,373,149,Territoire de Belfort
21,0,2020-05-02,278,57,670,218,Côte-d'Or
25,0,2020-05-02,157,38,433,118,Doubs
39,0,2020-05-02,98,8,167,46,Jura
58,0,2020-05-02,49,4,48,23,Nièvre
70,0,2020-05-02,101,8,174,70,Haute-Saône
71,0,2020-05-02,229,22,453,160,Saône-et-Loire
89,0,2020-05-02,100,18,173,64,Yonne
90,0,2020-05-02,127,17,374,151,Territoire de Belfort
21,0,2020-05-03,276,57,670,220,Côte-d'Or
25,0,2020-05-03,156,38,434,118,Doubs
39,0,2020-05-03,98,8,167,46,Jura
58,0,2020-05-03,49,4,48,23,Nièvre
70,0,2020-05-03,100,7,174,71,Haute-Saône
71,0,2020-05-03,229,25,456,163,Saône-et-Loire
89,0,2020-05-03,106,18,173,64,Yonne
90,0,2020-05-03,129,17,373,151,Territoire de Belfort
21,0,2020-05-04,273,50,673,220,Côte-d'Or
25,0,2020-05-04,156,38,435,121,Doubs
39,0,2020-05-04,97,5,171,48,Jura
58,0,2020-05-04,49,4,48,23,Nièvre
70,0,2020-05-04,98,7,180,73,Haute-Saône
71,0,2020-05-04,222,21,463,166,Saône-et-Loire
89,0,2020-05-04,115,20,173,65,Yonne
90,0,2020-05-04,131,16,369,153,Territoire de Belfort
21,0,2020-05-05,267,34,680,221,Côte-d'Or
25,0,2020-05-05,145,32,467,128,Doubs
39,0,2020-05-05,83,6,181,48,Jura
58,0,2020-05-05,48,4,49,23,Nièvre
70,0,2020-05-05,97,8,181,73,Haute-Saône
71,0,2020-05-05,224,19,472,166,Saône-et-Loire
89,0,2020-05-05,110,18,177,67,Yonne
90,0,2020-05-05,139,14,375,158,Territoire de Belfort
21,0,2020-05-06,270,27,685,224,Côte-d'Or
25,0,2020-05-06,140,31,474,132,Doubs
39,0,2020-05-06,84,6,182,48,Jura
58,0,2020-05-06,46,3,50,24,Nièvre
70,0,2020-05-06,93,4,188,73,Haute-Saône
71,0,2020-05-06,225,14,480,167,Saône-et-Loire
89,0,2020-05-06,109,16,180,69,Yonne
90,0,2020-05-06,144,13,379,159,Territoire de Belfort
21,0,2020-05-07,244,28,719,227,Côte-d'Or
25,0,2020-05-07,134,29,481,134,Doubs
39,0,2020-05-07,83,5,185,49,Jura
58,0,2020-05-07,42,3,54,24,Nièvre
70,0,2020-05-07,78,4,207,73,Haute-Saône
71,0,2020-05-07,218,13,488,168,Saône-et-Loire
89,0,2020-05-07,107,17,185,70,Yonne
90,0,2020-05-07,143,13,383,161,Territoire de Belfort
21,0,2020-05-08,225,28,738,228,Côte-d'Or
25,0,2020-05-08,124,29,496,134,Doubs
39,0,2020-05-08,86,5,188,49,Jura
58,0,2020-05-08,42,3,54,24,Nièvre
70,0,2020-05-08,77,5,209,74,Haute-Saône
71,0,2020-05-08,209,13,499,172,Saône-et-Loire
89,0,2020-05-08,108,17,187,71,Yonne
90,0,2020-05-08,140,15,393,162,Territoire de Belfort
21,0,2020-05-09,226,27,740,230,Côte-d'Or
25,0,2020-05-09,122,28,501,134,Doubs
39,0,2020-05-09,74,3,198,52,Jura
58,0,2020-05-09,42,3,54,24,Nièvre
70,0,2020-05-09,79,5,209,74,Haute-Saône
71,0,2020-05-09,208,13,501,173,Saône-et-Loire
89,0,2020-05-09,109,17,187,72,Yonne
90,0,2020-05-09,142,15,393,162,Territoire de Belfort
21,0,2020-05-10,218,24,742,230,Côte-d'Or
25,0,2020-05-10,124,28,500,134,Doubs
39,0,2020-05-10,74,3,198,52,Jura
58,0,2020-05-10,41,1,54,25,Nièvre
70,0,2020-05-10,80,5,209,74,Haute-Saône
71,0,2020-05-10,207,13,503,175,Saône-et-Loire
89,0,2020-05-10,113,17,187,72,Yonne
90,0,2020-05-10,143,15,393,164,Territoire de Belfort
21,0,2020-05-11,174,22,746,230,Côte-d'Or
25,0,2020-05-11,128,27,504,137,Doubs
39,0,2020-05-11,75,5,198,55,Jura
58,0,2020-05-11,42,3,55,25,Nièvre
70,0,2020-05-11,79,5,211,75,Haute-Saône
71,0,2020-05-11,203,14,508,179,Saône-et-Loire
89,0,2020-05-11,113,16,187,74,Yonne
90,0,2020-05-11,144,16,395,164,Territoire de Belfort
21,0,2020-05-12,141,24,752,234,Côte-d'Or
25,0,2020-05-12,130,29,506,136,Doubs
39,0,2020-05-12,71,3,201,56,Jura
58,0,2020-05-12,44,4,55,25,Nièvre
70,0,2020-05-12,77,3,216,75,Haute-Saône
71,0,2020-05-12,189,14,521,182,Saône-et-Loire
89,0,2020-05-12,110,13,191,74,Yonne
90,0,2020-05-12,134,15,405,165,Territoire de Belfort
21,0,2020-05-13,135,23,768,235,Côte-d'Or
25,0,2020-05-13,128,28,509,136,Doubs
39,0,2020-05-13,72,3,202,56,Jura
58,0,2020-05-13,39,2,57,25,Nièvre
70,0,2020-05-13,78,2,217,75,Haute-Saône
71,0,2020-05-13,187,11,532,185,Saône-et-Loire
89,0,2020-05-13,110,13,195,74,Yonne
90,0,2020-05-13,130,14,407,167,Territoire de Belfort
21,0,2020-05-14,133,23,773,235,Côte-d'Or
25,0,2020-05-14,118,27,519,137,Doubs
39,0,2020-05-14,70,3,204,56,Jura
58,0,2020-05-14,38,2,58,25,Nièvre
70,0,2020-05-14,79,2,217,76,Haute-Saône
71,0,2020-05-14,189,12,536,185,Saône-et-Loire
89,0,2020-05-14,112,13,195,74,Yonne
90,0,2020-05-14,124,13,413,168,Territoire de Belfort
21,0,2020-05-15,121,22,786,235,Côte-d'Or
25,0,2020-05-15,115,25,521,137,Doubs
39,0,2020-05-15,67,3,208,57,Jura
58,0,2020-05-15,39,3,58,25,Nièvre
70,0,2020-05-15,78,2,219,76,Haute-Saône
71,0,2020-05-15,183,13,545,186,Saône-et-Loire
89,0,2020-05-15,108,13,200,74,Yonne
90,0,2020-05-15,120,13,418,168,Territoire de Belfort
21,0,2020-05-16,121,22,788,235,Côte-d'Or
25,0,2020-05-16,108,24,528,138,Doubs
39,0,2020-05-16,64,3,213,58,Jura
58,0,2020-05-16,38,3,59,25,Nièvre
70,0,2020-05-16,78,2,219,76,Haute-Saône
71,0,2020-05-16,181,14,539,185,Saône-et-Loire
89,0,2020-05-16,109,13,203,74,Yonne
90,0,2020-05-16,112,13,426,168,Territoire de Belfort
21,0,2020-05-17,119,22,790,235,Côte-d'Or
25,0,2020-05-17,108,24,528,138,Doubs
39,0,2020-05-17,64,3,213,58,Jura
58,0,2020-05-17,38,3,59,25,Nièvre
70,0,2020-05-17,78,2,219,76,Haute-Saône
71,0,2020-05-17,181,14,539,185,Saône-et-Loire
89,0,2020-05-17,109,13,203,74,Yonne
90,0,2020-05-17,113,13,426,168,Territoire de Belfort
21,0,2020-05-18,119,22,790,235,Côte-d'Or
25,0,2020-05-18,95,20,539,142,Doubs
39,0,2020-05-18,63,2,214,58,Jura
58,0,2020-05-18,38,3,59,25,Nièvre
70,0,2020-05-18,77,3,221,77,Haute-Saône
71,0,2020-05-18,185,11,541,187,Saône-et-Loire
89,0,2020-05-18,106,12,209,77,Yonne
90,0,2020-05-18,114,13,426,168,Territoire de Belfort
21,0,2020-05-19,108,20,796,237,Côte-d'Or
25,0,2020-05-19,90,17,544,144,Doubs
39,0,2020-05-19,58,1,218,58,Jura
58,0,2020-05-19,38,3,59,25,Nièvre
70,0,2020-05-19,73,2,226,77,Haute-Saône
71,0,2020-05-19,179,10,552,191,Saône-et-Loire
89,0,2020-05-19,103,10,213,78,Yonne
90,0,2020-05-19,109,12,431,168,Territoire de Belfort
21,0,2020-05-20,106,20,801,238,Côte-d'Or
25,0,2020-05-20,86,16,549,144,Doubs
39,0,2020-05-20,56,0,224,58,Jura
58,0,2020-05-20,29,2,69,25,Nièvre
70,0,2020-05-20,72,1,227,77,Haute-Saône
71,0,2020-05-20,171,10,562,191,Saône-et-Loire
89,0,2020-05-20,100,10,219,79,Yonne
90,0,2020-05-20,110,11,435,168,Territoire de Belfort
21,0,2020-05-21,104,20,803,238,Côte-d'Or
25,0,2020-05-21,83,14,552,144,Doubs
39,0,2020-05-21,56,0,225,58,Jura
58,0,2020-05-21,24,2,73,25,Nièvre
70,0,2020-05-21,72,1,227,77,Haute-Saône
71,0,2020-05-21,169,9,564,191,Saône-et-Loire
89,0,2020-05-21,101,10,221,81,Yonne
90,0,2020-05-21,75,11,476,169,Territoire de Belfort
21,0,2020-05-22,98,17,806,239,Côte-d'Or
25,0,2020-05-22,80,12,553,146,Doubs
39,0,2020-05-22,55,0,228,59,Jura
58,0,2020-05-22,24,2,73,25,Nièvre
70,0,2020-05-22,72,1,227,77,Haute-Saône
71,0,2020-05-22,162,10,574,191,Saône-et-Loire
89,0,2020-05-22,94,9,227,82,Yonne
90,0,2020-05-22,76,11,476,169,Territoire de Belfort
21,0,2020-05-23,99,17,807,239,Côte-d'Or
25,0,2020-05-23,76,14,558,146,Doubs
39,0,2020-05-23,55,0,229,59,Jura
58,0,2020-05-23,24,2,73,25,Nièvre
70,0,2020-05-23,72,0,227,77,Haute-Saône
71,0,2020-05-23,162,10,574,191,Saône-et-Loire
89,0,2020-05-23,98,9,228,82,Yonne
90,0,2020-05-23,72,10,480,169,Territoire de Belfort
21,0,2020-05-24,99,17,809,239,Côte-d'Or
25,0,2020-05-24,76,14,558,146,Doubs
39,0,2020-05-24,55,0,229,59,Jura
58,0,2020-05-24,23,2,73,26,Nièvre
70,0,2020-05-24,72,0,227,77,Haute-Saône
71,0,2020-05-24,161,10,575,191,Saône-et-Loire
89,0,2020-05-24,99,9,229,82,Yonne
90,0,2020-05-24,71,9,480,170,Territoire de Belfort
21,0,2020-05-25,84,14,827,239,Côte-d'Or
25,0,2020-05-25,75,13,560,146,Doubs
39,0,2020-05-25,55,0,229,59,Jura
58,0,2020-05-25,23,2,73,26,Nièvre
70,0,2020-05-25,62,0,237,77,Haute-Saône
71,0,2020-05-25,159,12,586,193,Saône-et-Loire
89,0,2020-05-25,94,9,234,83,Yonne
90,0,2020-05-25,72,8,480,171,Territoire de Belfort
21,0,2020-05-26,66,13,850,241,Côte-d'Or
25,0,2020-05-26,61,12,572,146,Doubs
39,0,2020-05-26,24,0,262,60,Jura
58,0,2020-05-26,21,2,74,26,Nièvre
70,0,2020-05-26,48,0,252,77,Haute-Saône
71,0,2020-05-26,147,10,600,193,Saône-et-Loire
89,0,2020-05-26,78,9,251,83,Yonne
90,0,2020-05-26,69,8,482,171,Territoire de Belfort
21,0,2020-05-27,53,11,860,241,Côte-d'Or
25,0,2020-05-27,43,12,598,147,Doubs
39,0,2020-05-27,21,0,265,60,Jura
58,0,2020-05-27,18,1,75,27,Nièvre
70,0,2020-05-27,49,0,253,77,Haute-Saône
71,0,2020-05-27,142,9,606,193,Saône-et-Loire
89,0,2020-05-27,80,9,255,84,Yonne
90,0,2020-05-27,61,7,488,172,Territoire de Belfort
21,0,2020-05-28,48,9,863,241,Côte-d'Or
25,0,2020-05-28,39,13,603,148,Doubs
39,0,2020-05-28,20,0,266,61,Jura
58,0,2020-05-28,17,1,77,27,Nièvre
70,0,2020-05-28,48,0,254,77,Haute-Saône
71,0,2020-05-28,139,9,612,193,Saône-et-Loire
89,0,2020-05-28,78,9,257,84,Yonne
90,0,2020-05-28,59,7,491,173,Territoire de Belfort
21,0,2020-05-29,44,8,869,242,Côte-d'Or
25,0,2020-05-29,37,10,603,148,Doubs
39,0,2020-05-29,29,0,282,61,Jura
58,0,2020-05-29,8,1,85,27,Nièvre
70,0,2020-05-29,49,0,254,77,Haute-Saône
71,0,2020-05-29,130,6,622,195,Saône-et-Loire
89,0,2020-05-29,70,9,265,84,Yonne
90,0,2020-05-29,55,6,493,174,Territoire de Belfort
21,0,2020-05-30,44,7,872,243,Côte-d'Or
25,0,2020-05-30,33,5,607,148,Doubs
39,0,2020-05-30,27,0,284,61,Jura
58,0,2020-05-30,11,1,86,27,Nièvre
70,0,2020-05-30,50,0,253,77,Haute-Saône
71,0,2020-05-30,130,6,622,195,Saône-et-Loire
89,0,2020-05-30,69,9,266,84,Yonne
90,0,2020-05-30,57,6,491,174,Territoire de Belfort
21,0,2020-05-31,44,7,872,243,Côte-d'Or
25,0,2020-05-31,33,5,607,148,Doubs
39,0,2020-05-31,27,0,284,61,Jura
58,0,2020-05-31,11,1,86,27,Nièvre
70,0,2020-05-31,50,0,253,77,Haute-Saône
71,0,2020-05-31,130,6,622,195,Saône-et-Loire
89,0,2020-05-31,64,9,272,84,Yonne
90,0,2020-05-31,57,6,491,175,Territoire de Belfort
21,0,2020-06-01,45,7,874,243,Côte-d'Or
25,0,2020-06-01,33,5,607,148,Doubs
39,0,2020-06-01,27,0,284,61,Jura
58,0,2020-06-01,11,1,86,27,Nièvre
70,0,2020-06-01,50,0,253,77,Haute-Saône
71,0,2020-06-01,130,6,622,195,Saône-et-Loire
89,0,2020-06-01,63,9,272,85,Yonne
90,0,2020-06-01,56,6,492,175,Territoire de Belfort
21,0,2020-06-02,44,5,875,243,Côte-d'Or
25,0,2020-06-02,32,5,611,148,Doubs
39,0,2020-06-02,24,0,287,61,Jura
58,0,2020-06-02,11,1,86,27,Nièvre
70,0,2020-06-02,46,0,257,77,Haute-Saône
71,0,2020-06-02,120,6,635,195,Saône-et-Loire
89,0,2020-06-02,60,9,272,86,Yonne
90,0,2020-06-02,53,6,495,176,Territoire de Belfort
21,0,2020-06-03,41,5,878,244,Côte-d'Or
25,0,2020-06-03,29,5,613,148,Doubs
39,0,2020-06-03,24,0,288,61,Jura
58,0,2020-06-03,12,1,86,27,Nièvre
70,0,2020-06-03,41,0,264,77,Haute-Saône
71,0,2020-06-03,102,6,654,197,Saône-et-Loire
89,0,2020-06-03,53,8,279,87,Yonne
90,0,2020-06-03,49,4,496,176,Territoire de Belfort
21,0,2020-06-04,42,5,884,246,Côte-d'Or
25,0,2020-06-04,28,5,613,148,Doubs
39,0,2020-06-04,23,0,289,61,Jura
58,0,2020-06-04,12,1,86,27,Nièvre
70,0,2020-06-04,40,0,266,77,Haute-Saône
71,0,2020-06-04,100,6,656,197,Saône-et-Loire
89,0,2020-06-04,49,5,284,89,Yonne
90,0,2020-06-04,43,4,503,177,Territoire de Belfort
21,0,2020-06-05,37,3,887,246,Côte-d'Or
25,0,2020-06-05,29,6,613,148,Doubs
39,0,2020-06-05,20,0,291,61,Jura
58,0,2020-06-05,12,1,86,27,Nièvre
70,0,2020-06-05,39,0,267,77,Haute-Saône
71,0,2020-06-05,97,6,660,197,Saône-et-Loire
89,0,2020-06-05,51,5,283,89,Yonne
90,0,2020-06-05,43,4,504,177,Territoire de Belfort
21,0,2020-06-06,35,2,888,247,Côte-d'Or
25,0,2020-06-06,29,6,613,148,Doubs
39,0,2020-06-06,20,0,291,60,Jura
58,0,2020-06-06,12,1,86,27,Nièvre
70,0,2020-06-06,35,0,271,77,Haute-Saône
71,0,2020-06-06,97,6,660,197,Saône-et-Loire
89,0,2020-06-06,53,5,284,89,Yonne
90,0,2020-06-06,43,4,504,177,Territoire de Belfort
21,0,2020-06-07,35,2,888,247,Côte-d'Or
25,0,2020-06-07,28,5,613,148,Doubs
39,0,2020-06-07,21,0,291,60,Jura
58,0,2020-06-07,12,1,86,27,Nièvre
70,0,2020-06-07,35,0,271,77,Haute-Saône
71,0,2020-06-07,97,6,660,197,Saône-et-Loire
89,0,2020-06-07,54,5,283,89,Yonne
90,0,2020-06-07,42,4,505,177,Territoire de Belfort
21,0,2020-06-08,34,1,891,247,Côte-d'Or
25,0,2020-06-08,28,4,614,148,Doubs
39,0,2020-06-08,20,0,292,60,Jura
58,0,2020-06-08,11,1,86,27,Nièvre
70,0,2020-06-08,32,0,274,77,Haute-Saône
71,0,2020-06-08,99,7,662,198,Saône-et-Loire
89,0,2020-06-08,55,5,283,89,Yonne
90,0,2020-06-08,42,4,505,177,Territoire de Belfort
21,0,2020-06-09,29,1,905,248,Côte-d'Or
25,0,2020-06-09,27,4,614,149,Doubs
39,0,2020-06-09,20,0,292,60,Jura
58,0,2020-06-09,10,1,87,27,Nièvre
70,0,2020-06-09,25,0,281,77,Haute-Saône
71,0,2020-06-09,94,7,671,198,Saône-et-Loire
89,0,2020-06-09,53,5,285,89,Yonne
90,0,2020-06-09,41,4,505,179,Territoire de Belfort
21,0,2020-06-10,30,1,905,248,Côte-d'Or
25,0,2020-06-10,26,4,615,149,Doubs
39,0,2020-06-10,19,0,292,60,Jura
58,0,2020-06-10,10,1,87,27,Nièvre
70,0,2020-06-10,19,0,288,77,Haute-Saône
71,0,2020-06-10,80,7,685,199,Saône-et-Loire
89,0,2020-06-10,50,5,287,90,Yonne
90,0,2020-06-10,37,4,506,181,Territoire de Belfort
21,0,2020-06-11,31,2,905,248,Côte-d'Or
25,0,2020-06-11,25,4,616,149,Doubs
39,0,2020-06-11,20,1,292,60,Jura
58,0,2020-06-11,10,1,87,27,Nièvre
70,0,2020-06-11,19,0,288,77,Haute-Saône
71,0,2020-06-11,75,5,690,199,Saône-et-Loire
89,0,2020-06-11,51,5,287,90,Yonne
90,0,2020-06-11,37,4,508,181,Territoire de Belfort
21,0,2020-06-12,31,2,908,248,Côte-d'Or
25,0,2020-06-12,25,4,617,149,Doubs
39,0,2020-06-12,20,1,292,60,Jura
58,0,2020-06-12,10,1,87,27,Nièvre
70,0,2020-06-12,19,0,288,77,Haute-Saône
71,0,2020-06-12,61,5,704,199,Saône-et-Loire
89,0,2020-06-12,33,4,322,89,Yonne
90,0,2020-06-12,35,4,510,181,Territoire de Belfort
21,0,2020-06-13,28,2,911,248,Côte-d'Or
25,0,2020-06-13,24,4,618,149,Doubs
39,0,2020-06-13,19,1,293,60,Jura
58,0,2020-06-13,10,1,87,27,Nièvre
70,0,2020-06-13,19,0,288,77,Haute-Saône
71,0,2020-06-13,59,5,705,199,Saône-et-Loire
89,0,2020-06-13,34,4,322,89,Yonne
90,0,2020-06-13,33,3,510,183,Territoire de Belfort
21,0,2020-06-14,28,2,911,248,Côte-d'Or
25,0,2020-06-14,24,4,618,149,Doubs
39,0,2020-06-14,19,1,293,60,Jura
58,0,2020-06-14,10,1,87,27,Nièvre
70,0,2020-06-14,19,0,288,77,Haute-Saône
71,0,2020-06-14,59,5,705,199,Saône-et-Loire
89,0,2020-06-14,29,4,327,89,Yonne
90,0,2020-06-14,33,3,510,183,Territoire de Belfort
21,0,2020-06-15,28,2,913,248,Côte-d'Or
25,0,2020-06-15,24,4,618,149,Doubs
39,0,2020-06-15,19,0,293,60,Jura
58,0,2020-06-15,10,1,87,27,Nièvre
70,0,2020-06-15,19,0,288,77,Haute-Saône
71,0,2020-06-15,60,5,705,199,Saône-et-Loire
89,0,2020-06-15,29,4,327,89,Yonne
90,0,2020-06-15,34,3,510,183,Territoire de Belfort
21,0,2020-06-16,29,2,913,248,Côte-d'Or
25,0,2020-06-16,23,4,618,149,Doubs
39,0,2020-06-16,18,0,295,60,Jura
58,0,2020-06-16,10,1,87,27,Nièvre
70,0,2020-06-16,19,0,289,77,Haute-Saône
71,0,2020-06-16,54,5,710,199,Saône-et-Loire
89,0,2020-06-16,26,3,331,89,Yonne
90,0,2020-06-16,32,3,512,183,Territoire de Belfort
21,0,2020-06-17,27,2,915,248,Côte-d'Or
25,0,2020-06-17,22,3,619,149,Doubs
39,0,2020-06-17,12,0,301,60,Jura
58,0,2020-06-17,10,1,87,27,Nièvre
70,0,2020-06-17,19,0,289,77,Haute-Saône
71,0,2020-06-17,53,5,710,199,Saône-et-Loire
89,0,2020-06-17,25,3,332,89,Yonne
90,0,2020-06-17,29,1,513,184,Territoire de Belfort
21,0,2020-06-18,24,2,917,248,Côte-d'Or
25,0,2020-06-18,22,3,619,149,Doubs
39,0,2020-06-18,13,0,300,60,Jura
58,0,2020-06-18,10,1,87,27,Nièvre
70,0,2020-06-18,19,0,289,77,Haute-Saône
71,0,2020-06-18,53,5,710,199,Saône-et-Loire
89,0,2020-06-18,24,3,333,89,Yonne
90,0,2020-06-18,27,1,515,185,Territoire de Belfort
21,0,2020-06-19,24,2,917,248,Côte-d'Or
25,0,2020-06-19,22,3,619,149,Doubs
39,0,2020-06-19,12,0,302,60,Jura
58,0,2020-06-19,10,1,87,27,Nièvre
70,0,2020-06-19,19,0,289,77,Haute-Saône
71,0,2020-06-19,38,4,726,199,Saône-et-Loire
89,0,2020-06-19,21,1,340,89,Yonne
90,0,2020-06-19,27,1,515,185,Territoire de Belfort
21,0,2020-06-20,24,2,917,248,Côte-d'Or
25,0,2020-06-20,22,3,619,149,Doubs
39,0,2020-06-20,12,0,302,60,Jura
58,0,2020-06-20,11,1,86,27,Nièvre
70,0,2020-06-20,19,0,289,77,Haute-Saône
71,0,2020-06-20,38,4,726,199,Saône-et-Loire
89,0,2020-06-20,20,1,341,89,Yonne
90,0,2020-06-20,27,1,515,185,Territoire de Belfort
21,0,2020-06-21,24,2,917,248,Côte-d'Or
25,0,2020-06-21,22,3,619,149,Doubs
39,0,2020-06-21,12,0,302,60,Jura
58,0,2020-06-21,11,1,86,27,Nièvre
70,0,2020-06-21,19,0,289,77,Haute-Saône
71,0,2020-06-21,38,4,726,199,Saône-et-Loire
89,0,2020-06-21,20,1,341,89,Yonne
90,0,2020-06-21,27,1,515,185,Territoire de Belfort
21,0,2020-06-22,24,2,917,248,Côte-d'Or
25,0,2020-06-22,21,2,619,150,Doubs
39,0,2020-06-22,11,0,303,60,Jura
58,0,2020-06-22,12,1,86,27,Nièvre
70,0,2020-06-22,19,0,289,77,Haute-Saône
71,0,2020-06-22,34,4,732,199,Saône-et-Loire
89,0,2020-06-22,22,1,341,89,Yonne
90,0,2020-06-22,28,2,515,185,Territoire de Belfort
21,0,2020-06-23,25,2,917,248,Côte-d'Or
25,0,2020-06-23,19,2,621,150,Doubs
39,0,2020-06-23,12,0,303,60,Jura
58,0,2020-06-23,12,1,86,27,Nièvre
70,0,2020-06-23,19,0,289,77,Haute-Saône
71,0,2020-06-23,28,5,738,199,Saône-et-Loire
89,0,2020-06-23,23,1,341,89,Yonne
90,0,2020-06-23,29,2,515,185,Territoire de Belfort
21,0,2020-06-24,24,2,918,248,Côte-d'Or
25,0,2020-06-24,18,2,621,151,Doubs
39,0,2020-06-24,13,0,303,60,Jura
58,0,2020-06-24,9,1,89,27,Nièvre
70,0,2020-06-24,19,0,289,77,Haute-Saône
71,0,2020-06-24,27,5,739,199,Saône-et-Loire
89,0,2020-06-24,24,1,341,89,Yonne
90,0,2020-06-24,28,2,516,185,Territoire de Belfort
21,0,2020-06-25,23,2,919,248,Côte-d'Or
25,0,2020-06-25,18,2,621,151,Doubs
39,0,2020-06-25,13,0,303,60,Jura
58,0,2020-06-25,9,1,89,27,Nièvre
70,0,2020-06-25,19,0,289,77,Haute-Saône
71,0,2020-06-25,27,5,739,199,Saône-et-Loire
89,0,2020-06-25,23,1,342,89,Yonne
90,0,2020-06-25,25,1,518,186,Territoire de Belfort
21,0,2020-06-26,23,2,919,248,Côte-d'Or
25,0,2020-06-26,19,2,621,151,Doubs
39,0,2020-06-26,13,0,303,60,Jura
58,0,2020-06-26,8,1,90,27,Nièvre
70,0,2020-06-26,19,0,289,77,Haute-Saône
71,0,2020-06-26,28,5,739,199,Saône-et-Loire
89,0,2020-06-26,23,1,342,89,Yonne
90,0,2020-06-26,25,1,518,186,Territoire de Belfort
21,0,2020-06-27,24,2,919,248,Côte-d'Or
25,0,2020-06-27,19,2,621,151,Doubs
39,0,2020-06-27,15,1,304,60,Jura
58,0,2020-06-27,8,1,90,27,Nièvre
70,0,2020-06-27,19,0,289,77,Haute-Saône
71,0,2020-06-27,28,5,739,199,Saône-et-Loire
89,0,2020-06-27,24,1,342,89,Yonne
90,0,2020-06-27,24,1,519,186,Territoire de Belfort
21,0,2020-06-28,25,2,919,248,Côte-d'Or
25,0,2020-06-28,19,2,621,151,Doubs
39,0,2020-06-28,15,1,304,60,Jura
58,0,2020-06-28,8,1,90,27,Nièvre
70,0,2020-06-28,19,0,289,77,Haute-Saône
71,0,2020-06-28,28,5,739,199,Saône-et-Loire
89,0,2020-06-28,24,1,342,89,Yonne
90,0,2020-06-28,23,1,520,186,Territoire de Belfort
21,0,2020-06-29,24,2,920,248,Côte-d'Or
25,0,2020-06-29,18,2,622,151,Doubs
39,0,2020-06-29,15,1,304,60,Jura
58,0,2020-06-29,8,1,90,27,Nièvre
70,0,2020-06-29,19,0,289,77,Haute-Saône
71,0,2020-06-29,29,4,740,199,Saône-et-Loire
89,0,2020-06-29,27,1,343,89,Yonne
90,0,2020-06-29,22,1,520,187,Territoire de Belfort
21,0,2020-06-30,24,2,921,248,Côte-d'Or
25,0,2020-06-30,17,2,623,151,Doubs
39,0,2020-06-30,15,1,304,60,Jura
58,0,2020-06-30,8,1,90,27,Nièvre
70,0,2020-06-30,18,0,291,77,Haute-Saône
71,0,2020-06-30,28,4,741,199,Saône-et-Loire
89,0,2020-06-30,26,1,345,89,Yonne
90,0,2020-06-30,11,0,530,187,Territoire de Belfort
21,0,2020-07-01,18,1,928,248,Côte-d'Or
25,0,2020-07-01,17,2,623,151,Doubs
39,0,2020-07-01,15,1,304,60,Jura
58,0,2020-07-01,7,1,91,27,Nièvre
70,0,2020-07-01,18,0,291,77,Haute-Saône
71,0,2020-07-01,25,3,743,201,Saône-et-Loire
89,0,2020-07-01,22,1,349,90,Yonne
90,0,2020-07-01,10,0,531,187,Territoire de Belfort
21,0,2020-07-02,18,1,929,249,Côte-d'Or
25,0,2020-07-02,16,2,623,151,Doubs
39,0,2020-07-02,6,0,313,60,Jura
58,0,2020-07-02,7,1,91,27,Nièvre
70,0,2020-07-02,18,0,291,77,Haute-Saône
71,0,2020-07-02,24,2,744,201,Saône-et-Loire
89,0,2020-07-02,22,1,350,90,Yonne
90,0,2020-07-02,10,0,531,187,Territoire de Belfort
21,0,2020-07-03,12,1,934,249,Côte-d'Or
25,0,2020-07-03,10,0,629,151,Doubs
39,0,2020-07-03,6,0,313,60,Jura
58,0,2020-07-03,8,1,90,27,Nièvre
70,0,2020-07-03,18,0,291,77,Haute-Saône
71,0,2020-07-03,24,2,746,201,Saône-et-Loire
89,0,2020-07-03,22,1,352,90,Yonne
90,0,2020-07-03,10,0,530,187,Territoire de Belfort
21,0,2020-07-04,11,1,938,249,Côte-d'Or
25,0,2020-07-04,10,0,629,151,Doubs
39,0,2020-07-04,6,0,313,60,Jura
58,0,2020-07-04,8,1,90,27,Nièvre
70,0,2020-07-04,18,0,291,77,Haute-Saône
71,0,2020-07-04,24,2,746,201,Saône-et-Loire
89,0,2020-07-04,22,1,353,90,Yonne
90,0,2020-07-04,10,0,530,187,Territoire de Belfort
21,0,2020-07-05,11,1,938,249,Côte-d'Or
25,0,2020-07-05,10,0,629,151,Doubs
39,0,2020-07-05,6,0,313,60,Jura
58,0,2020-07-05,8,1,90,27,Nièvre
70,0,2020-07-05,18,0,291,77,Haute-Saône
71,0,2020-07-05,24,2,746,201,Saône-et-Loire
89,0,2020-07-05,22,1,353,90,Yonne
90,0,2020-07-05,10,0,530,187,Territoire de Belfort
21,0,2020-07-06,8,1,940,249,Côte-d'Or
25,0,2020-07-06,10,0,629,151,Doubs
39,0,2020-07-06,6,0,313,60,Jura
58,0,2020-07-06,8,1,90,27,Nièvre
70,0,2020-07-06,18,0,291,77,Haute-Saône
71,0,2020-07-06,24,2,746,201,Saône-et-Loire
89,0,2020-07-06,24,1,353,90,Yonne
90,0,2020-07-06,11,0,529,187,Territoire de Belfort
21,0,2020-07-07,6,1,942,250,Côte-d'Or
25,0,2020-07-07,12,0,629,151,Doubs
39,0,2020-07-07,5,0,315,60,Jura
58,0,2020-07-07,8,1,90,27,Nièvre
70,0,2020-07-07,15,0,294,77,Haute-Saône
71,0,2020-07-07,24,2,746,201,Saône-et-Loire
89,0,2020-07-07,24,2,354,91,Yonne
90,0,2020-07-07,11,0,529,187,Territoire de Belfort
21,0,2020-07-08,7,1,942,250,Côte-d'Or
25,0,2020-07-08,12,0,629,151,Doubs
39,0,2020-07-08,5,0,316,60,Jura
58,0,2020-07-08,7,1,91,27,Nièvre
70,0,2020-07-08,15,0,294,77,Haute-Saône
71,0,2020-07-08,23,3,749,201,Saône-et-Loire
89,0,2020-07-08,22,2,356,91,Yonne
90,0,2020-07-08,11,0,529,187,Territoire de Belfort
21,0,2020-07-09,7,1,942,250,Côte-d'Or
25,0,2020-07-09,12,0,629,151,Doubs
39,0,2020-07-09,5,0,316,60,Jura
58,0,2020-07-09,7,1,91,27,Nièvre
70,0,2020-07-09,15,0,294,77,Haute-Saône
71,0,2020-07-09,14,2,758,201,Saône-et-Loire
89,0,2020-07-09,19,2,358,92,Yonne
90,0,2020-07-09,7,0,533,187,Territoire de Belfort
21,0,2020-07-10,7,1,942,250,Côte-d'Or
25,0,2020-07-10,11,0,630,151,Doubs
39,0,2020-07-10,5,0,317,60,Jura
58,0,2020-07-10,7,1,91,27,Nièvre
70,0,2020-07-10,15,0,294,77,Haute-Saône
71,0,2020-07-10,15,2,758,201,Saône-et-Loire
89,0,2020-07-10,19,2,359,92,Yonne
90,0,2020-07-10,7,0,552,199,Territoire de Belfort
21,0,2020-07-11,10,1,941,250,Côte-d'Or
25,0,2020-07-11,11,0,630,151,Doubs
39,0,2020-07-11,4,0,318,60,Jura
58,0,2020-07-11,7,1,91,27,Nièvre
70,0,2020-07-11,15,0,294,77,Haute-Saône
71,0,2020-07-11,17,4,758,201,Saône-et-Loire
89,0,2020-07-11,19,2,359,92,Yonne
90,0,2020-07-11,7,0,552,199,Territoire de Belfort
21,0,2020-07-12,10,1,941,250,Côte-d'Or
25,0,2020-07-12,11,0,630,151,Doubs
39,0,2020-07-12,4,0,318,60,Jura
58,0,2020-07-12,7,1,91,27,Nièvre
70,0,2020-07-12,15,0,294,77,Haute-Saône
71,0,2020-07-12,17,4,758,201,Saône-et-Loire
89,0,2020-07-12,19,2,359,92,Yonne
90,0,2020-07-12,7,0,552,199,Territoire de Belfort
21,0,2020-07-13,10,1,941,250,Côte-d'Or
25,0,2020-07-13,11,0,630,151,Doubs
39,0,2020-07-13,4,1,320,60,Jura
58,0,2020-07-13,7,1,91,27,Nièvre
70,0,2020-07-13,15,0,294,77,Haute-Saône
71,0,2020-07-13,19,4,759,201,Saône-et-Loire
89,0,2020-07-13,19,1,359,93,Yonne
90,0,2020-07-13,7,0,552,199,Territoire de Belfort
21,0,2020-07-14,10,1,941,250,Côte-d'Or
25,0,2020-07-14,11,0,630,151,Doubs
39,0,2020-07-14,4,1,320,60,Jura
58,0,2020-07-14,7,1,91,27,Nièvre
70,0,2020-07-14,15,0,294,77,Haute-Saône
71,0,2020-07-14,19,4,759,201,Saône-et-Loire
89,0,2020-07-14,18,1,360,93,Yonne
90,0,2020-07-14,7,0,552,199,Territoire de Belfort
21,0,2020-07-15,9,1,942,250,Côte-d'Or
25,0,2020-07-15,11,0,630,151,Doubs
39,0,2020-07-15,5,1,320,60,Jura
58,0,2020-07-15,8,1,91,27,Nièvre
70,0,2020-07-15,15,0,294,77,Haute-Saône
71,0,2020-07-15,19,4,761,201,Saône-et-Loire
89,0,2020-07-15,18,2,362,94,Yonne
90,0,2020-07-15,4,0,554,200,Territoire de Belfort
21,0,2020-07-16,9,2,943,250,Côte-d'Or
25,0,2020-07-16,4,0,636,151,Doubs
39,0,2020-07-16,5,1,320,60,Jura
58,0,2020-07-16,9,1,91,27,Nièvre
70,0,2020-07-16,15,0,294,77,Haute-Saône
71,0,2020-07-16,20,4,761,201,Saône-et-Loire
89,0,2020-07-16,18,2,362,94,Yonne
90,0,2020-07-16,4,0,554,200,Territoire de Belfort
21,0,2020-07-17,9,2,943,250,Côte-d'Or
25,0,2020-07-17,4,0,636,151,Doubs
39,0,2020-07-17,5,1,322,60,Jura
58,0,2020-07-17,8,0,91,28,Nièvre
70,0,2020-07-17,15,0,294,77,Haute-Saône
71,0,2020-07-17,16,2,763,201,Saône-et-Loire
89,0,2020-07-17,19,2,362,94,Yonne
90,0,2020-07-17,4,0,554,200,Territoire de Belfort
21,0,2020-07-18,9,2,944,250,Côte-d'Or
25,0,2020-07-18,4,0,636,151,Doubs
39,0,2020-07-18,4,1,323,60,Jura
58,0,2020-07-18,7,0,92,28,Nièvre
70,0,2020-07-18,15,0,294,77,Haute-Saône
71,0,2020-07-18,13,1,766,201,Saône-et-Loire
89,0,2020-07-18,19,2,362,94,Yonne
90,0,2020-07-18,4,0,554,200,Territoire de Belfort
21,0,2020-07-19,9,2,944,250,Côte-d'Or
25,0,2020-07-19,4,0,636,151,Doubs
39,0,2020-07-19,4,1,323,60,Jura
58,0,2020-07-19,7,0,92,28,Nièvre
70,0,2020-07-19,15,0,294,77,Haute-Saône
71,0,2020-07-19,13,1,766,201,Saône-et-Loire
89,0,2020-07-19,19,2,362,94,Yonne
90,0,2020-07-19,4,0,554,200,Territoire de Belfort
21,0,2020-07-20,8,2,945,250,Côte-d'Or
25,0,2020-07-20,4,0,636,151,Doubs
39,0,2020-07-20,4,1,323,60,Jura
58,0,2020-07-20,6,0,93,28,Nièvre
70,0,2020-07-20,14,0,295,77,Haute-Saône
71,0,2020-07-20,14,1,766,201,Saône-et-Loire
89,0,2020-07-20,20,2,365,94,Yonne
90,0,2020-07-20,4,0,554,200,Territoire de Belfort
21,0,2020-07-21,6,2,948,250,Côte-d'Or
25,0,2020-07-21,4,0,636,151,Doubs
39,0,2020-07-21,3,1,324,60,Jura
58,0,2020-07-21,2,0,97,28,Nièvre
70,0,2020-07-21,14,0,295,77,Haute-Saône
71,0,2020-07-21,11,1,769,201,Saône-et-Loire
89,0,2020-07-21,15,2,371,94,Yonne
90,0,2020-07-21,4,0,554,200,Territoire de Belfort
21,0,2020-07-22,6,2,948,250,Côte-d'Or
25,0,2020-07-22,3,0,637,151,Doubs
39,0,2020-07-22,3,1,324,60,Jura
58,0,2020-07-22,2,0,97,28,Nièvre
70,0,2020-07-22,14,0,295,77,Haute-Saône
71,0,2020-07-22,10,1,770,201,Saône-et-Loire
89,0,2020-07-22,16,2,371,94,Yonne
90,0,2020-07-22,1,0,557,200,Territoire de Belfort
21,0,2020-07-23,6,2,950,250,Côte-d'Or
25,0,2020-07-23,2,0,638,151,Doubs
39,0,2020-07-23,2,1,325,60,Jura
58,0,2020-07-23,2,0,97,28,Nièvre
70,0,2020-07-23,3,0,306,77,Haute-Saône
71,0,2020-07-23,8,1,773,201,Saône-et-Loire
89,0,2020-07-23,19,2,371,93,Yonne
90,0,2020-07-23,0,0,558,200,Territoire de Belfort
21,0,2020-07-24,6,2,950,250,Côte-d'Or
25,0,2020-07-24,1,0,640,151,Doubs
39,0,2020-07-24,2,1,325,60,Jura
58,0,2020-07-24,0,0,99,28,Nièvre
70,0,2020-07-24,1,0,308,77,Haute-Saône
71,0,2020-07-24,8,1,774,201,Saône-et-Loire
89,0,2020-07-24,18,2,371,94,Yonne
90,0,2020-07-24,0,0,558,200,Territoire de Belfort
21,0,2020-07-25,7,2,950,250,Côte-d'Or
25,0,2020-07-25,1,0,640,151,Doubs
39,0,2020-07-25,2,1,326,60,Jura
58,0,2020-07-25,0,0,99,28,Nièvre
70,0,2020-07-25,0,0,309,77,Haute-Saône
71,0,2020-07-25,9,1,773,201,Saône-et-Loire
89,0,2020-07-25,15,2,374,94,Yonne
90,0,2020-07-25,0,0,558,200,Territoire de Belfort
21,0,2020-07-26,7,2,950,250,Côte-d'Or
25,0,2020-07-26,1,0,640,151,Doubs
39,0,2020-07-26,2,1,326,60,Jura
58,0,2020-07-26,0,0,99,28,Nièvre
70,0,2020-07-26,0,0,309,77,Haute-Saône
71,0,2020-07-26,9,1,773,201,Saône-et-Loire
89,0,2020-07-26,15,2,374,94,Yonne
90,0,2020-07-26,0,0,558,200,Territoire de Belfort
21,0,2020-07-27,6,2,951,250,Côte-d'Or
25,0,2020-07-27,1,0,640,151,Doubs
39,0,2020-07-27,2,1,326,60,Jura
58,0,2020-07-27,0,0,99,28,Nièvre
70,0,2020-07-27,0,0,309,77,Haute-Saône
71,0,2020-07-27,9,1,774,201,Saône-et-Loire
89,0,2020-07-27,15,2,374,94,Yonne
90,0,2020-07-27,0,0,558,200,Territoire de Belfort
21,0,2020-07-28,6,1,951,250,Côte-d'Or
25,0,2020-07-28,1,0,640,151,Doubs
39,0,2020-07-28,1,0,327,60,Jura
58,0,2020-07-28,0,0,99,28,Nièvre
70,0,2020-07-28,0,0,309,77,Haute-Saône
71,0,2020-07-28,5,1,780,201,Saône-et-Loire
89,0,2020-07-28,15,2,375,94,Yonne
90,0,2020-07-28,0,0,558,200,Territoire de Belfort
21,0,2020-07-29,5,1,952,250,Côte-d'Or
25,0,2020-07-29,1,0,640,151,Doubs
39,0,2020-07-29,1,0,327,60,Jura
58,0,2020-07-29,0,0,99,28,Nièvre
70,0,2020-07-29,0,0,309,77,Haute-Saône
71,0,2020-07-29,3,1,782,201,Saône-et-Loire
89,0,2020-07-29,13,2,382,94,Yonne
90,0,2020-07-29,0,0,558,200,Territoire de Belfort
21,0,2020-07-30,3,0,955,250,Côte-d'Or
25,0,2020-07-30,2,0,640,151,Doubs
39,0,2020-07-30,1,0,327,60,Jura
58,0,2020-07-30,0,0,99,28,Nièvre
70,0,2020-07-30,0,0,309,77,Haute-Saône
71,0,2020-07-30,2,1,784,201,Saône-et-Loire
89,0,2020-07-30,12,2,385,94,Yonne
90,0,2020-07-30,2,0,557,200,Territoire de Belfort
21,0,2020-07-31,3,0,955,250,Côte-d'Or
25,0,2020-07-31,2,0,640,151,Doubs
39,0,2020-07-31,1,0,327,60,Jura
58,0,2020-07-31,0,0,99,28,Nièvre
70,0,2020-07-31,0,0,309,77,Haute-Saône
71,0,2020-07-31,2,1,784,201,Saône-et-Loire
89,0,2020-07-31,12,3,385,94,Yonne
90,0,2020-07-31,3,0,557,200,Territoire de Belfort
21,0,2020-08-01,3,0,955,250,Côte-d'Or
25,0,2020-08-01,2,0,640,151,Doubs
39,0,2020-08-01,1,0,327,60,Jura
58,0,2020-08-01,0,0,99,28,Nièvre
70,0,2020-08-01,0,0,309,77,Haute-Saône
71,0,2020-08-01,2,1,784,201,Saône-et-Loire
89,0,2020-08-01,12,3,386,94,Yonne
90,0,2020-08-01,3,0,557,200,Territoire de Belfort
21,0,2020-08-02,3,0,955,250,Côte-d'Or
25,0,2020-08-02,2,0,640,151,Doubs
39,0,2020-08-02,1,0,327,60,Jura
58,0,2020-08-02,0,0,99,28,Nièvre
70,0,2020-08-02,0,0,309,77,Haute-Saône
71,0,2020-08-02,2,1,784,201,Saône-et-Loire
89,0,2020-08-02,12,3,386,94,Yonne
90,0,2020-08-02,3,0,557,200,Territoire de Belfort
21,0,2020-08-03,3,0,955,250,Côte-d'Or
25,0,2020-08-03,1,0,641,151,Doubs
39,0,2020-08-03,1,0,327,60,Jura
58,0,2020-08-03,0,0,99,28,Nièvre
70,0,2020-08-03,0,0,309,77,Haute-Saône
71,0,2020-08-03,4,1,784,201,Saône-et-Loire
89,0,2020-08-03,9,3,389,94,Yonne
90,0,2020-08-03,3,0,558,200,Territoire de Belfort
21,0,2020-08-04,3,0,955,250,Côte-d'Or
25,0,2020-08-04,1,0,641,151,Doubs
39,0,2020-08-04,1,0,327,60,Jura
58,0,2020-08-04,0,0,99,28,Nièvre
70,0,2020-08-04,0,0,309,77,Haute-Saône
71,0,2020-08-04,4,1,784,201,Saône-et-Loire
89,0,2020-08-04,9,3,390,94,Yonne
90,0,2020-08-04,3,0,558,200,Territoire de Belfort
21,0,2020-08-05,2,0,955,251,Côte-d'Or
25,0,2020-08-05,1,0,641,151,Doubs
39,0,2020-08-05,1,0,327,60,Jura
58,0,2020-08-05,0,0,99,28,Nièvre
70,0,2020-08-05,0,0,309,77,Haute-Saône
71,0,2020-08-05,3,1,785,201,Saône-et-Loire
89,0,2020-08-05,10,3,390,94,Yonne
90,0,2020-08-05,4,0,558,200,Territoire de Belfort
21,0,2020-08-06,2,0,956,251,Côte-d'Or
25,0,2020-08-06,1,0,641,151,Doubs
39,0,2020-08-06,0,0,328,60,Jura
58,0,2020-08-06,0,0,99,28,Nièvre
70,0,2020-08-06,0,0,309,77,Haute-Saône
71,0,2020-08-06,3,1,785,201,Saône-et-Loire
89,0,2020-08-06,14,3,390,94,Yonne
90,0,2020-08-06,4,0,558,200,Territoire de Belfort
21,0,2020-08-07,2,0,956,251,Côte-d'Or
25,0,2020-08-07,1,0,641,151,Doubs
39,0,2020-08-07,0,0,328,60,Jura
58,0,2020-08-07,0,0,99,28,Nièvre
70,0,2020-08-07,0,0,309,77,Haute-Saône
71,0,2020-08-07,3,1,785,201,Saône-et-Loire
89,0,2020-08-07,14,3,390,94,Yonne
90,0,2020-08-07,4,0,558,200,Territoire de Belfort
21,0,2020-08-08,2,0,956,251,Côte-d'Or
25,0,2020-08-08,1,0,641,151,Doubs
39,0,2020-08-08,0,0,328,60,Jura
58,0,2020-08-08,0,0,99,28,Nièvre
70,0,2020-08-08,0,0,309,77,Haute-Saône
71,0,2020-08-08,3,1,785,201,Saône-et-Loire
89,0,2020-08-08,13,3,391,94,Yonne
90,0,2020-08-08,4,0,558,200,Territoire de Belfort
21,0,2020-08-09,2,0,956,251,Côte-d'Or
25,0,2020-08-09,1,0,641,151,Doubs
39,0,2020-08-09,0,0,328,60,Jura
58,0,2020-08-09,0,0,99,28,Nièvre
70,0,2020-08-09,0,0,309,77,Haute-Saône
71,0,2020-08-09,3,1,785,201,Saône-et-Loire
89,0,2020-08-09,13,3,391,94,Yonne
90,0,2020-08-09,4,0,558,200,Territoire de Belfort
21,0,2020-08-10,2,0,956,251,Côte-d'Or
25,0,2020-08-10,1,0,641,151,Doubs
39,0,2020-08-10,0,0,328,60,Jura
58,0,2020-08-10,0,0,99,28,Nièvre
70,0,2020-08-10,0,0,309,77,Haute-Saône
71,0,2020-08-10,3,1,786,201,Saône-et-Loire
89,0,2020-08-10,15,2,393,94,Yonne
90,0,2020-08-10,3,0,559,200,Territoire de Belfort
21,0,2020-08-11,2,0,956,251,Côte-d'Or
25,0,2020-08-11,1,0,641,151,Doubs
39,0,2020-08-11,0,0,328,60,Jura
58,0,2020-08-11,0,0,99,28,Nièvre
70,0,2020-08-11,0,0,309,77,Haute-Saône
71,0,2020-08-11,4,1,787,201,Saône-et-Loire
89,0,2020-08-11,15,2,393,94,Yonne
90,0,2020-08-11,3,0,559,200,Territoire de Belfort
21,0,2020-08-12,2,0,956,251,Côte-d'Or
25,0,2020-08-12,1,0,641,151,Doubs
39,0,2020-08-12,0,0,328,60,Jura
58,0,2020-08-12,0,0,99,28,Nièvre
70,0,2020-08-12,0,0,309,77,Haute-Saône
71,0,2020-08-12,4,1,787,201,Saône-et-Loire
89,0,2020-08-12,15,2,395,94,Yonne
90,0,2020-08-12,5,1,561,200,Territoire de Belfort
21,0,2020-08-13,2,0,956,251,Côte-d'Or
25,0,2020-08-13,1,0,641,151,Doubs
39,0,2020-08-13,0,0,328,60,Jura
58,0,2020-08-13,0,0,99,28,Nièvre
70,0,2020-08-13,0,0,309,77,Haute-Saône
71,0,2020-08-13,5,1,787,201,Saône-et-Loire
89,0,2020-08-13,15,2,395,94,Yonne
90,0,2020-08-13,5,1,561,200,Territoire de Belfort
21,0,2020-08-14,2,0,956,251,Côte-d'Or
25,0,2020-08-14,1,0,641,151,Doubs
39,0,2020-08-14,0,0,328,60,Jura
58,0,2020-08-14,0,0,99,28,Nièvre
70,0,2020-08-14,0,0,309,77,Haute-Saône
71,0,2020-08-14,5,1,787,201,Saône-et-Loire
89,0,2020-08-14,16,0,396,94,Yonne
90,0,2020-08-14,5,1,561,200,Territoire de Belfort
21,0,2020-08-15,2,0,956,251,Côte-d'Or
25,0,2020-08-15,2,0,641,151,Doubs
39,0,2020-08-15,0,0,328,60,Jura
58,0,2020-08-15,0,0,99,28,Nièvre
70,0,2020-08-15,0,0,309,77,Haute-Saône
71,0,2020-08-15,6,1,787,201,Saône-et-Loire
89,0,2020-08-15,16,0,396,94,Yonne
90,0,2020-08-15,5,1,561,200,Territoire de Belfort
21,0,2020-08-16,2,0,956,251,Côte-d'Or
25,0,2020-08-16,2,0,641,151,Doubs
39,0,2020-08-16,0,0,328,60,Jura
58,0,2020-08-16,0,0,99,28,Nièvre
70,0,2020-08-16,0,0,309,77,Haute-Saône
71,0,2020-08-16,6,1,787,201,Saône-et-Loire
89,0,2020-08-16,16,0,396,94,Yonne
90,0,2020-08-16,5,1,561,200,Territoire de Belfort
21,0,2020-08-17,3,0,956,251,Côte-d'Or
25,0,2020-08-17,3,0,641,151,Doubs
39,0,2020-08-17,0,0,328,60,Jura
58,0,2020-08-17,0,0,99,28,Nièvre
70,0,2020-08-17,0,0,309,77,Haute-Saône
71,0,2020-08-17,6,1,788,201,Saône-et-Loire
89,0,2020-08-17,17,0,397,95,Yonne
90,0,2020-08-17,4,1,562,200,Territoire de Belfort
21,0,2020-08-18,3,0,956,251,Côte-d'Or
25,0,2020-08-18,3,0,641,151,Doubs
39,0,2020-08-18,0,0,328,60,Jura
58,0,2020-08-18,0,0,99,28,Nièvre
70,0,2020-08-18,0,0,309,77,Haute-Saône
71,0,2020-08-18,6,1,788,201,Saône-et-Loire
89,0,2020-08-18,14,0,401,95,Yonne
90,0,2020-08-18,3,1,563,200,Territoire de Belfort
21,0,2020-08-19,2,0,957,251,Côte-d'Or
25,0,2020-08-19,3,0,641,151,Doubs
39,0,2020-08-19,0,0,328,60,Jura
58,0,2020-08-19,0,0,99,28,Nièvre
70,0,2020-08-19,0,0,309,77,Haute-Saône
71,0,2020-08-19,3,1,791,202,Saône-et-Loire
89,0,2020-08-19,14,0,402,95,Yonne
90,0,2020-08-19,3,1,563,200,Territoire de Belfort
21,0,2020-08-20,3,1,958,251,Côte-d'Or
25,0,2020-08-20,1,0,643,151,Doubs
39,0,2020-08-20,0,0,328,60,Jura
58,0,2020-08-20,0,0,99,28,Nièvre
70,0,2020-08-20,0,0,309,77,Haute-Saône
71,0,2020-08-20,4,1,791,202,Saône-et-Loire
89,0,2020-08-20,13,1,404,95,Yonne
90,0,2020-08-20,2,1,564,200,Territoire de Belfort
21,0,2020-08-21,3,1,959,251,Côte-d'Or
25,0,2020-08-21,1,0,643,151,Doubs
39,0,2020-08-21,0,0,328,60,Jura
58,0,2020-08-21,0,0,99,28,Nièvre
70,0,2020-08-21,0,0,309,77,Haute-Saône
71,0,2020-08-21,2,1,793,202,Saône-et-Loire
89,0,2020-08-21,10,1,408,95,Yonne
90,0,2020-08-21,2,1,564,200,Territoire de Belfort
21,0,2020-08-22,3,1,959,251,Côte-d'Or
25,0,2020-08-22,2,1,642,151,Doubs
39,0,2020-08-22,0,0,328,60,Jura
58,0,2020-08-22,0,0,99,28,Nièvre
70,0,2020-08-22,0,0,309,77,Haute-Saône
71,0,2020-08-22,2,1,793,202,Saône-et-Loire
89,0,2020-08-22,10,1,408,95,Yonne
90,0,2020-08-22,2,1,564,200,Territoire de Belfort
21,0,2020-08-23,3,1,959,251,Côte-d'Or
25,0,2020-08-23,2,1,642,151,Doubs
39,0,2020-08-23,0,0,328,60,Jura
58,0,2020-08-23,0,0,99,28,Nièvre
70,0,2020-08-23,0,0,309,77,Haute-Saône
71,0,2020-08-23,3,1,794,202,Saône-et-Loire
89,0,2020-08-23,10,1,408,95,Yonne
90,0,2020-08-23,2,1,564,200,Territoire de Belfort
21,0,2020-08-24,4,1,957,251,Côte-d'Or
25,0,2020-08-24,3,1,642,152,Doubs
39,0,2020-08-24,0,0,328,60,Jura
58,0,2020-08-24,0,0,99,28,Nièvre
70,0,2020-08-24,0,0,309,77,Haute-Saône
71,0,2020-08-24,3,1,794,202,Saône-et-Loire
89,0,2020-08-24,10,1,409,95,Yonne
90,0,2020-08-24,2,1,564,200,Territoire de Belfort
21,0,2020-08-25,4,1,957,251,Côte-d'Or
25,0,2020-08-25,3,1,642,152,Doubs
39,0,2020-08-25,0,0,328,60,Jura
58,0,2020-08-25,1,0,99,28,Nièvre
70,0,2020-08-25,0,0,309,77,Haute-Saône
71,0,2020-08-25,3,1,795,202,Saône-et-Loire
89,0,2020-08-25,7,1,411,95,Yonne
90,0,2020-08-25,2,1,564,200,Territoire de Belfort
21,0,2020-08-27,4,1,960,251,Côte-d'Or
25,0,2020-08-27,4,1,642,152,Doubs
39,0,2020-08-27,1,0,328,60,Jura
58,0,2020-08-27,1,0,99,28,Nièvre
70,0,2020-08-27,0,0,309,77,Haute-Saône
71,0,2020-08-27,3,1,795,202,Saône-et-Loire
89,0,2020-08-27,6,1,413,95,Yonne
90,0,2020-08-27,2,0,565,200,Territoire de Belfort
21,0,2020-08-26,2,1,959,251,Côte-d'Or
25,0,2020-08-26,3,1,642,152,Doubs
39,0,2020-08-26,1,0,328,60,Jura
58,0,2020-08-26,1,0,99,28,Nièvre
70,0,2020-08-26,0,0,309,77,Haute-Saône
71,0,2020-08-26,3,1,795,202,Saône-et-Loire
89,0,2020-08-26,6,1,413,95,Yonne
90,0,2020-08-26,2,0,564,200,Territoire de Belfort
21,0,2020-08-28,4,1,960,251,Côte-d'Or
25,0,2020-08-28,4,1,642,152,Doubs
39,0,2020-08-28,2,0,328,60,Jura
58,0,2020-08-28,1,0,99,28,Nièvre
70,0,2020-08-28,0,0,309,77,Haute-Saône
71,0,2020-08-28,5,1,794,202,Saône-et-Loire
89,0,2020-08-28,7,1,413,95,Yonne
90,0,2020-08-28,3,0,565,200,Territoire de Belfort
21,0,2020-08-29,4,1,960,251,Côte-d'Or
25,0,2020-08-29,4,1,642,152,Doubs
39,0,2020-08-29,2,0,328,60,Jura
58,0,2020-08-29,1,0,99,28,Nièvre
70,0,2020-08-29,0,0,309,77,Haute-Saône
71,0,2020-08-29,5,1,794,202,Saône-et-Loire
89,0,2020-08-29,7,1,413,95,Yonne
90,0,2020-08-29,3,0,565,200,Territoire de Belfort
21,0,2020-08-30,4,1,960,251,Côte-d'Or
25,0,2020-08-30,4,1,642,152,Doubs
39,0,2020-08-30,2,0,328,60,Jura
58,0,2020-08-30,1,0,99,28,Nièvre
70,0,2020-08-30,0,0,309,77,Haute-Saône
71,0,2020-08-30,5,1,794,202,Saône-et-Loire
89,0,2020-08-30,7,1,413,95,Yonne
90,0,2020-08-30,3,0,565,200,Territoire de Belfort
21,0,2020-08-31,4,1,960,251,Côte-d'Or
25,0,2020-08-31,4,1,642,152,Doubs
39,0,2020-08-31,2,0,328,60,Jura
58,0,2020-08-31,1,0,99,28,Nièvre
70,0,2020-08-31,0,0,309,77,Haute-Saône
71,0,2020-08-31,5,2,794,202,Saône-et-Loire
89,0,2020-08-31,7,1,414,95,Yonne
90,0,2020-08-31,3,0,565,200,Territoire de Belfort
21,0,2020-09-01,5,1,960,251,Côte-d'Or
25,0,2020-09-01,4,1,642,152,Doubs
39,0,2020-09-01,2,0,328,60,Jura
58,0,2020-09-01,1,0,99,28,Nièvre
70,0,2020-09-01,0,0,309,77,Haute-Saône
71,0,2020-09-01,4,2,795,202,Saône-et-Loire
89,0,2020-09-01,5,1,416,95,Yonne
90,0,2020-09-01,3,1,565,200,Territoire de Belfort
21,0,2020-09-02,7,1,960,251,Côte-d'Or
25,0,2020-09-02,3,1,644,152,Doubs
39,0,2020-09-02,2,0,328,60,Jura
58,0,2020-09-02,2,0,99,28,Nièvre
70,0,2020-09-02,0,0,309,77,Haute-Saône
71,0,2020-09-02,6,3,796,202,Saône-et-Loire
89,0,2020-09-02,8,1,416,95,Yonne
90,0,2020-09-02,2,1,566,200,Territoire de Belfort
21,0,2020-09-03,8,2,960,251,Côte-d'Or
25,0,2020-09-03,3,1,644,152,Doubs
39,0,2020-09-03,2,0,328,60,Jura
58,0,2020-09-03,2,0,99,28,Nièvre
70,0,2020-09-03,0,0,309,77,Haute-Saône
71,0,2020-09-03,5,3,797,202,Saône-et-Loire
89,0,2020-09-03,8,1,416,95,Yonne
90,0,2020-09-03,1,1,566,200,Territoire de Belfort
21,0,2020-09-04,9,2,960,251,Côte-d'Or
25,0,2020-09-04,3,1,644,152,Doubs
39,0,2020-09-04,2,0,328,60,Jura
58,0,2020-09-04,3,0,99,28,Nièvre
70,0,2020-09-04,0,0,309,77,Haute-Saône
71,0,2020-09-04,5,3,798,202,Saône-et-Loire
89,0,2020-09-04,7,1,417,95,Yonne
90,0,2020-09-04,3,1,567,200,Territoire de Belfort
21,0,2020-09-05,9,2,960,251,Côte-d'Or
25,0,2020-09-05,3,1,644,152,Doubs
39,0,2020-09-05,2,0,329,60,Jura
58,0,2020-09-05,3,0,99,28,Nièvre
70,0,2020-09-05,2,0,309,77,Haute-Saône
71,0,2020-09-05,5,3,798,202,Saône-et-Loire
89,0,2020-09-05,8,1,417,95,Yonne
90,0,2020-09-05,3,1,567,200,Territoire de Belfort
21,0,2020-09-06,9,2,960,251,Côte-d'Or
25,0,2020-09-06,3,1,644,152,Doubs
39,0,2020-09-06,2,0,329,60,Jura
58,0,2020-09-06,3,0,99,28,Nièvre
70,0,2020-09-06,2,0,309,77,Haute-Saône
71,0,2020-09-06,5,3,798,202,Saône-et-Loire
89,0,2020-09-06,8,1,417,95,Yonne
90,0,2020-09-06,3,1,567,200,Territoire de Belfort
21,0,2020-09-07,8,2,961,251,Côte-d'Or
25,0,2020-09-07,4,2,644,152,Doubs
39,0,2020-09-07,2,0,330,60,Jura
58,0,2020-09-07,4,0,99,28,Nièvre
70,0,2020-09-07,2,0,309,77,Haute-Saône
71,0,2020-09-07,8,3,798,202,Saône-et-Loire
89,0,2020-09-07,8,1,417,95,Yonne
90,0,2020-09-07,1,1,568,200,Territoire de Belfort
21,0,2020-09-08,8,2,961,251,Côte-d'Or
25,0,2020-09-08,5,2,644,152,Doubs
39,0,2020-09-08,2,0,330,60,Jura
58,0,2020-09-08,4,0,100,28,Nièvre
70,0,2020-09-08,2,0,309,77,Haute-Saône
71,0,2020-09-08,7,3,800,202,Saône-et-Loire
89,0,2020-09-08,8,1,417,95,Yonne
90,0,2020-09-08,2,0,568,200,Territoire de Belfort
21,0,2020-09-09,7,2,962,251,Côte-d'Or
25,0,2020-09-09,6,2,644,153,Doubs
39,0,2020-09-09,2,0,330,60,Jura
58,0,2020-09-09,4,0,100,28,Nièvre
70,0,2020-09-09,2,0,309,77,Haute-Saône
71,0,2020-09-09,8,1,800,202,Saône-et-Loire
89,0,2020-09-09,8,1,418,95,Yonne
90,0,2020-09-09,2,0,569,200,Territoire de Belfort
21,0,2020-09-10,7,3,963,252,Côte-d'Or
25,0,2020-09-10,7,2,644,153,Doubs
39,0,2020-09-10,2,0,330,60,Jura
58,0,2020-09-10,4,0,100,28,Nièvre
70,0,2020-09-10,2,0,309,77,Haute-Saône
71,0,2020-09-10,10,0,801,202,Saône-et-Loire
89,0,2020-09-10,9,1,418,95,Yonne
90,0,2020-09-10,5,1,569,200,Territoire de Belfort
21,0,2020-09-11,6,3,964,252,Côte-d'Or
25,0,2020-09-11,6,2,645,153,Doubs
39,0,2020-09-11,2,0,330,60,Jura
58,0,2020-09-11,4,0,100,28,Nièvre
70,0,2020-09-11,2,0,309,77,Haute-Saône
71,0,2020-09-11,13,1,801,202,Saône-et-Loire
89,0,2020-09-11,8,1,419,95,Yonne
90,0,2020-09-11,5,1,569,200,Territoire de Belfort
21,0,2020-09-12,6,3,964,252,Côte-d'Or
25,0,2020-09-12,6,2,645,153,Doubs
39,0,2020-09-12,2,0,330,60,Jura
58,0,2020-09-12,4,0,100,28,Nièvre
70,0,2020-09-12,2,0,309,77,Haute-Saône
71,0,2020-09-12,15,1,802,202,Saône-et-Loire
89,0,2020-09-12,8,1,419,95,Yonne
90,0,2020-09-12,5,1,569,200,Territoire de Belfort
21,0,2020-09-13,6,3,964,252,Côte-d'Or
25,0,2020-09-13,6,2,645,153,Doubs
39,0,2020-09-13,2,0,330,60,Jura
58,0,2020-09-13,4,0,100,28,Nièvre
70,0,2020-09-13,2,0,309,77,Haute-Saône
71,0,2020-09-13,13,1,804,202,Saône-et-Loire
89,0,2020-09-13,8,1,419,95,Yonne
90,0,2020-09-13,5,1,569,200,Territoire de Belfort
21,0,2020-09-14,6,3,964,252,Côte-d'Or
25,0,2020-09-14,6,1,646,153,Doubs
39,0,2020-09-14,3,0,331,60,Jura
58,0,2020-09-14,4,0,100,28,Nièvre
70,0,2020-09-14,2,0,309,77,Haute-Saône
71,0,2020-09-14,16,1,804,202,Saône-et-Loire
89,0,2020-09-14,10,1,422,95,Yonne
90,0,2020-09-14,3,1,571,201,Territoire de Belfort
21,0,2020-09-15,7,3,964,252,Côte-d'Or
25,0,2020-09-15,6,1,647,153,Doubs
39,0,2020-09-15,3,0,331,60,Jura
58,0,2020-09-15,4,0,100,28,Nièvre
70,0,2020-09-15,2,0,309,77,Haute-Saône
71,0,2020-09-15,18,1,805,202,Saône-et-Loire
89,0,2020-09-15,10,1,422,95,Yonne
90,0,2020-09-15,5,2,571,201,Territoire de Belfort
21,0,2020-09-16,7,3,964,252,Côte-d'Or
25,0,2020-09-16,6,1,649,153,Doubs
39,0,2020-09-16,4,0,331,60,Jura
58,0,2020-09-16,5,0,102,28,Nièvre
70,0,2020-09-16,2,0,309,77,Haute-Saône
71,0,2020-09-16,28,3,809,202,Saône-et-Loire
89,0,2020-09-16,8,1,425,95,Yonne
90,0,2020-09-16,5,2,572,201,Territoire de Belfort
21,0,2020-09-17,12,3,969,253,Côte-d'Or
25,0,2020-09-17,6,0,649,154,Doubs
39,0,2020-09-17,4,0,331,60,Jura
58,0,2020-09-17,6,0,101,28,Nièvre
70,0,2020-09-17,2,0,309,77,Haute-Saône
71,0,2020-09-17,28,2,810,203,Saône-et-Loire
89,0,2020-09-17,9,1,426,95,Yonne
90,0,2020-09-17,3,2,574,201,Territoire de Belfort
21,0,2020-09-18,11,3,970,253,Côte-d'Or
25,0,2020-09-18,7,0,650,154,Doubs
39,0,2020-09-18,4,0,331,60,Jura
58,0,2020-09-18,6,0,101,28,Nièvre
70,0,2020-09-18,2,0,309,77,Haute-Saône
71,0,2020-09-18,27,2,813,204,Saône-et-Loire
89,0,2020-09-18,9,1,426,95,Yonne
90,0,2020-09-18,5,2,573,201,Territoire de Belfort
21,0,2020-09-19,11,3,970,253,Côte-d'Or
25,0,2020-09-19,7,0,650,154,Doubs
39,0,2020-09-19,3,1,332,60,Jura
58,0,2020-09-19,7,0,101,28,Nièvre
70,0,2020-09-19,2,0,309,77,Haute-Saône
71,0,2020-09-19,29,2,813,204,Saône-et-Loire
89,0,2020-09-19,9,1,426,95,Yonne
90,0,2020-09-19,5,2,573,201,Territoire de Belfort
21,0,2020-09-20,11,3,970,253,Côte-d'Or
25,0,2020-09-20,7,0,650,154,Doubs
39,0,2020-09-20,3,1,332,60,Jura
58,0,2020-09-20,7,0,101,28,Nièvre
70,0,2020-09-20,2,0,309,77,Haute-Saône
71,0,2020-09-20,31,2,813,204,Saône-et-Loire
89,0,2020-09-20,9,1,426,95,Yonne
90,0,2020-09-20,5,2,573,201,Territoire de Belfort
21,0,2020-09-21,13,3,971,253,Côte-d'Or
25,0,2020-09-21,7,0,652,154,Doubs
39,0,2020-09-21,3,1,332,60,Jura
58,0,2020-09-21,7,0,103,28,Nièvre
70,0,2020-09-21,2,0,309,77,Haute-Saône
71,0,2020-09-21,37,2,813,204,Saône-et-Loire
89,0,2020-09-21,11,1,426,95,Yonne
90,0,2020-09-21,5,2,574,201,Territoire de Belfort
21,0,2020-09-22,13,3,971,253,Côte-d'Or
25,0,2020-09-22,7,1,653,154,Doubs
39,0,2020-09-22,3,1,332,60,Jura
58,0,2020-09-22,6,0,105,28,Nièvre
70,0,2020-09-22,2,0,309,77,Haute-Saône
71,0,2020-09-22,44,1,814,206,Saône-et-Loire
89,0,2020-09-22,14,3,427,95,Yonne
90,0,2020-09-22,3,2,577,201,Territoire de Belfort
21,0,2020-09-23,20,4,975,253,Côte-d'Or
25,0,2020-09-23,7,1,653,154,Doubs
39,0,2020-09-23,5,1,332,60,Jura
58,0,2020-09-23,4,0,107,28,Nièvre
70,0,2020-09-23,2,0,309,77,Haute-Saône
71,0,2020-09-23,46,1,819,208,Saône-et-Loire
89,0,2020-09-23,14,3,428,95,Yonne
90,0,2020-09-23,6,3,578,201,Territoire de Belfort
21,0,2020-09-24,20,4,982,253,Côte-d'Or
25,0,2020-09-24,8,2,653,154,Doubs
39,0,2020-09-24,8,1,332,60,Jura
58,0,2020-09-24,4,0,107,28,Nièvre
70,0,2020-09-24,2,0,309,77,Haute-Saône
71,0,2020-09-24,44,1,823,209,Saône-et-Loire
89,0,2020-09-24,13,3,431,95,Yonne
90,0,2020-09-24,6,4,578,201,Territoire de Belfort
21,0,2020-09-25,22,4,984,254,Côte-d'Or
25,0,2020-09-25,9,2,657,154,Doubs
39,0,2020-09-25,9,1,332,60,Jura
58,0,2020-09-25,1,1,112,28,Nièvre
70,0,2020-09-25,2,0,309,77,Haute-Saône
71,0,2020-09-25,47,2,829,210,Saône-et-Loire
89,0,2020-09-25,14,3,431,95,Yonne
90,0,2020-09-25,6,4,578,201,Territoire de Belfort
21,0,2020-09-26,27,5,984,254,Côte-d'Or
25,0,2020-09-26,11,4,657,154,Doubs
39,0,2020-09-26,7,0,335,60,Jura
58,0,2020-09-26,1,1,112,28,Nièvre
70,0,2020-09-26,2,0,309,77,Haute-Saône
71,0,2020-09-26,49,3,829,210,Saône-et-Loire
89,0,2020-09-26,14,2,432,95,Yonne
90,0,2020-09-26,6,4,578,201,Territoire de Belfort
21,0,2020-09-27,27,5,984,254,Côte-d'Or
25,0,2020-09-27,11,4,657,154,Doubs
39,0,2020-09-27,7,0,335,60,Jura
58,0,2020-09-27,1,1,112,28,Nièvre
70,0,2020-09-27,2,0,309,77,Haute-Saône
71,0,2020-09-27,51,4,829,210,Saône-et-Loire
89,0,2020-09-27,14,2,432,95,Yonne
90,0,2020-09-27,6,4,578,201,Territoire de Belfort
21,0,2020-09-28,26,5,987,254,Côte-d'Or
25,0,2020-09-28,7,4,662,154,Doubs
39,0,2020-09-28,8,0,334,60,Jura
58,0,2020-09-28,1,1,112,28,Nièvre
70,0,2020-09-28,0,0,311,77,Haute-Saône
71,0,2020-09-28,50,4,835,211,Saône-et-Loire
89,0,2020-09-28,14,3,434,95,Yonne
90,0,2020-09-28,6,4,578,201,Territoire de Belfort
21,0,2020-09-29,28,7,987,254,Côte-d'Or
25,0,2020-09-29,8,4,663,154,Doubs
39,0,2020-09-29,7,0,335,60,Jura
58,0,2020-09-29,5,0,112,28,Nièvre
70,0,2020-09-29,1,0,311,77,Haute-Saône
71,0,2020-09-29,49,7,841,211,Saône-et-Loire
89,0,2020-09-29,14,3,435,95,Yonne
90,0,2020-09-29,8,3,578,201,Territoire de Belfort
21,0,2020-09-30,31,11,997,257,Côte-d'Or
25,0,2020-09-30,8,4,663,154,Doubs
39,0,2020-09-30,6,0,336,60,Jura
58,0,2020-09-30,3,1,115,28,Nièvre
70,0,2020-09-30,1,0,311,77,Haute-Saône
71,0,2020-09-30,50,6,846,211,Saône-et-Loire
89,0,2020-09-30,14,4,437,95,Yonne
90,0,2020-09-30,7,2,579,201,Territoire de Belfort
21,0,2020-10-01,30,11,997,257,Côte-d'Or
25,0,2020-10-01,10,5,663,154,Doubs
39,0,2020-10-01,4,0,338,60,Jura
58,0,2020-10-01,4,1,115,28,Nièvre
70,0,2020-10-01,1,0,311,77,Haute-Saône
71,0,2020-10-01,45,7,851,213,Saône-et-Loire
89,0,2020-10-01,15,4,439,95,Yonne
90,0,2020-10-01,7,2,579,201,Territoire de Belfort
21,0,2020-10-02,32,11,1001,258,Côte-d'Or
25,0,2020-10-02,9,5,664,154,Doubs
39,0,2020-10-02,6,1,338,60,Jura
58,0,2020-10-02,7,1,115,28,Nièvre
70,0,2020-10-02,2,0,311,77,Haute-Saône
71,0,2020-10-02,45,7,855,213,Saône-et-Loire
89,0,2020-10-02,13,2,443,95,Yonne
90,0,2020-10-02,7,2,579,201,Territoire de Belfort
21,0,2020-10-03,32,11,1001,258,Côte-d'Or
25,0,2020-10-03,10,5,664,154,Doubs
39,0,2020-10-03,6,1,338,60,Jura
58,0,2020-10-03,6,2,116,28,Nièvre
70,0,2020-10-03,2,0,311,77,Haute-Saône
71,0,2020-10-03,46,5,858,214,Saône-et-Loire
89,0,2020-10-03,14,2,443,95,Yonne
90,0,2020-10-03,8,3,580,201,Territoire de Belfort
21,0,2020-10-04,32,11,1001,258,Côte-d'Or
25,0,2020-10-04,10,5,664,154,Doubs
39,0,2020-10-04,6,1,338,60,Jura
58,0,2020-10-04,6,2,116,28,Nièvre
70,0,2020-10-04,2,0,311,77,Haute-Saône
71,0,2020-10-04,48,5,858,214,Saône-et-Loire
89,0,2020-10-04,18,3,444,95,Yonne
90,0,2020-10-04,8,3,579,202,Territoire de Belfort
21,0,2020-10-05,35,11,1001,258,Côte-d'Or
25,0,2020-10-05,8,5,667,154,Doubs
39,0,2020-10-05,9,1,339,60,Jura
58,0,2020-10-05,6,2,116,28,Nièvre
70,0,2020-10-05,2,0,312,77,Haute-Saône
71,0,2020-10-05,48,5,859,214,Saône-et-Loire
89,0,2020-10-05,17,3,447,95,Yonne
90,0,2020-10-05,9,4,579,202,Territoire de Belfort
21,0,2020-10-06,35,9,1006,258,Côte-d'Or
25,0,2020-10-06,10,5,667,154,Doubs
39,0,2020-10-06,13,1,340,60,Jura
58,0,2020-10-06,6,2,116,28,Nièvre
70,0,2020-10-06,6,0,312,77,Haute-Saône
71,0,2020-10-06,50,5,865,214,Saône-et-Loire
89,0,2020-10-06,17,3,447,95,Yonne
90,0,2020-10-06,9,3,580,201,Territoire de Belfort
21,0,2020-10-07,31,9,1011,260,Côte-d'Or
25,0,2020-10-07,12,6,668,154,Doubs
39,0,2020-10-07,11,1,341,61,Jura
58,0,2020-10-07,7,2,116,28,Nièvre
70,0,2020-10-07,7,0,312,77,Haute-Saône
71,0,2020-10-07,51,6,870,216,Saône-et-Loire
89,0,2020-10-07,15,3,452,95,Yonne
90,0,2020-10-07,8,3,581,201,Territoire de Belfort
21,0,2020-10-08,31,7,1012,261,Côte-d'Or
25,0,2020-10-08,14,6,668,154,Doubs
39,0,2020-10-08,9,1,341,61,Jura
58,0,2020-10-08,7,2,116,28,Nièvre
70,0,2020-10-08,5,0,314,77,Haute-Saône
71,0,2020-10-08,57,7,873,217,Saône-et-Loire
89,0,2020-10-08,13,3,455,95,Yonne
90,0,2020-10-08,12,5,581,201,Territoire de Belfort
21,0,2020-10-09,28,6,1014,263,Côte-d'Or
25,0,2020-10-09,15,7,668,154,Doubs
39,0,2020-10-09,10,1,341,61,Jura
58,0,2020-10-09,8,2,117,28,Nièvre
70,0,2020-10-09,4,1,314,78,Haute-Saône
71,0,2020-10-09,55,6,879,219,Saône-et-Loire
89,0,2020-10-09,16,5,456,95,Yonne
90,0,2020-10-09,12,4,582,201,Territoire de Belfort
21,0,2020-10-10,35,6,1015,263,Côte-d'Or
25,0,2020-10-10,15,6,668,154,Doubs
39,0,2020-10-10,11,1,341,61,Jura
58,0,2020-10-10,8,2,118,28,Nièvre
70,0,2020-10-10,6,1,315,78,Haute-Saône
71,0,2020-10-10,55,6,881,219,Saône-et-Loire
89,0,2020-10-10,19,4,456,95,Yonne
90,0,2020-10-10,11,4,583,201,Territoire de Belfort
21,0,2020-10-11,35,6,1015,263,Côte-d'Or
25,0,2020-10-11,15,6,669,154,Doubs
39,0,2020-10-11,15,1,341,61,Jura
58,0,2020-10-11,9,3,118,29,Nièvre
70,0,2020-10-11,6,1,315,78,Haute-Saône
71,0,2020-10-11,57,6,883,219,Saône-et-Loire
89,0,2020-10-11,19,3,456,95,Yonne
90,0,2020-10-11,12,4,583,201,Territoire de Belfort
21,0,2020-10-12,38,6,1016,263,Côte-d'Or
25,0,2020-10-12,16,6,672,154,Doubs
39,0,2020-10-12,15,1,342,61,Jura
58,0,2020-10-12,9,3,118,29,Nièvre
70,0,2020-10-12,9,1,315,78,Haute-Saône
71,0,2020-10-12,59,5,885,222,Saône-et-Loire
89,0,2020-10-12,25,4,458,95,Yonne
90,0,2020-10-12,13,4,582,201,Territoire de Belfort
21,0,2020-10-13,48,11,1019,264,Côte-d'Or
25,0,2020-10-13,15,6,673,154,Doubs
39,0,2020-10-13,21,1,342,61,Jura
58,0,2020-10-13,11,3,119,29,Nièvre
70,0,2020-10-13,10,1,316,78,Haute-Saône
71,0,2020-10-13,75,8,889,223,Saône-et-Loire
89,0,2020-10-13,22,5,462,95,Yonne
90,0,2020-10-13,16,6,583,201,Territoire de Belfort
21,0,2020-10-14,49,12,1022,267,Côte-d'Or
25,0,2020-10-14,18,5,673,154,Doubs
39,0,2020-10-14,20,1,346,61,Jura
58,0,2020-10-14,13,3,121,29,Nièvre
70,0,2020-10-14,15,1,317,78,Haute-Saône
71,0,2020-10-14,85,9,905,224,Saône-et-Loire
89,0,2020-10-14,24,4,467,95,Yonne
90,0,2020-10-14,17,5,584,202,Territoire de Belfort
21,0,2020-10-15,52,12,1027,267,Côte-d'Or
25,0,2020-10-15,24,6,673,154,Doubs
39,0,2020-10-15,23,1,346,61,Jura
58,0,2020-10-15,15,4,122,29,Nièvre
70,0,2020-10-15,17,1,317,78,Haute-Saône
71,0,2020-10-15,94,9,907,224,Saône-et-Loire
89,0,2020-10-15,26,6,469,95,Yonne
90,0,2020-10-15,14,4,588,202,Territoire de Belfort
21,0,2020-10-16,55,15,1030,267,Côte-d'Or
25,0,2020-10-16,25,7,674,154,Doubs
39,0,2020-10-16,31,1,346,61,Jura
58,0,2020-10-16,13,3,124,29,Nièvre
70,0,2020-10-16,24,1,317,79,Haute-Saône
71,0,2020-10-16,95,9,913,227,Saône-et-Loire
89,0,2020-10-16,28,6,470,95,Yonne
90,0,2020-10-16,17,4,589,202,Territoire de Belfort
21,0,2020-10-17,58,16,1034,267,Côte-d'Or
25,0,2020-10-17,23,7,676,154,Doubs
39,0,2020-10-17,35,2,350,61,Jura
58,0,2020-10-17,12,3,125,29,Nièvre
70,0,2020-10-17,23,1,318,79,Haute-Saône
71,0,2020-10-17,97,9,917,228,Saône-et-Loire
89,0,2020-10-17,21,6,477,95,Yonne
90,0,2020-10-17,17,4,589,202,Territoire de Belfort
21,0,2020-10-18,58,16,1034,267,Côte-d'Or
25,0,2020-10-18,26,9,676,155,Doubs
39,0,2020-10-18,35,2,356,62,Jura
58,0,2020-10-18,14,4,125,29,Nièvre
70,0,2020-10-18,22,1,320,79,Haute-Saône
71,0,2020-10-18,107,9,918,229,Saône-et-Loire
89,0,2020-10-18,24,6,477,95,Yonne
90,0,2020-10-18,16,4,590,202,Territoire de Belfort
21,0,2020-10-19,59,14,1035,270,Côte-d'Or
25,0,2020-10-19,28,9,679,155,Doubs
39,0,2020-10-19,42,2,356,62,Jura
58,0,2020-10-19,17,5,125,29,Nièvre
70,0,2020-10-19,22,2,320,81,Haute-Saône
71,0,2020-10-19,127,12,926,232,Saône-et-Loire
89,0,2020-10-19,27,6,477,95,Yonne
90,0,2020-10-19,17,6,591,202,Territoire de Belfort
21,0,2020-10-20,69,14,1040,270,Côte-d'Or
25,0,2020-10-20,32,9,680,155,Doubs
39,0,2020-10-20,48,2,359,62,Jura
58,0,2020-10-20,15,4,127,29,Nièvre
70,0,2020-10-20,22,1,322,82,Haute-Saône
71,0,2020-10-20,147,15,937,234,Saône-et-Loire
89,0,2020-10-20,30,7,477,95,Yonne
90,0,2020-10-20,21,5,594,202,Territoire de Belfort
21,0,2020-10-21,75,14,1041,270,Côte-d'Or
25,0,2020-10-21,30,9,682,156,Doubs
39,0,2020-10-21,58,2,360,63,Jura
58,0,2020-10-21,15,4,129,29,Nièvre
70,0,2020-10-21,27,0,322,82,Haute-Saône
71,0,2020-10-21,151,17,956,236,Saône-et-Loire
89,0,2020-10-21,36,7,478,96,Yonne
90,0,2020-10-21,22,7,597,202,Territoire de Belfort
21,0,2020-10-22,79,16,1053,270,Côte-d'Or
25,0,2020-10-22,32,9,686,157,Doubs
39,0,2020-10-22,60,3,363,65,Jura
58,0,2020-10-22,13,3,131,29,Nièvre
70,0,2020-10-22,26,0,324,84,Haute-Saône
71,0,2020-10-22,157,14,973,238,Saône-et-Loire
89,0,2020-10-22,43,8,480,96,Yonne
90,0,2020-10-22,21,9,598,203,Territoire de Belfort
21,0,2020-10-23,76,17,1063,271,Côte-d'Or
25,0,2020-10-23,38,9,689,159,Doubs
39,0,2020-10-23,72,3,365,65,Jura
58,0,2020-10-23,15,4,132,29,Nièvre
70,0,2020-10-23,29,2,324,84,Haute-Saône
71,0,2020-10-23,169,16,992,242,Saône-et-Loire
89,0,2020-10-23,47,8,482,96,Yonne
90,0,2020-10-23,23,9,598,203,Territoire de Belfort
21,0,2020-10-24,85,19,1068,272,Côte-d'Or
25,0,2020-10-24,37,9,691,159,Doubs
39,0,2020-10-24,77,5,373,66,Jura
58,0,2020-10-24,15,4,133,30,Nièvre
70,0,2020-10-24,29,3,328,84,Haute-Saône
71,0,2020-10-24,185,18,1003,243,Saône-et-Loire
89,0,2020-10-24,47,9,486,96,Yonne
90,0,2020-10-24,35,10,599,205,Territoire de Belfort
21,0,2020-10-25,95,19,1068,274,Côte-d'Or
25,0,2020-10-25,43,13,691,159,Doubs
39,0,2020-10-25,82,5,375,66,Jura
58,0,2020-10-25,16,4,136,31,Nièvre
70,0,2020-10-25,29,3,328,84,Haute-Saône
71,0,2020-10-25,198,18,1008,248,Saône-et-Loire
89,0,2020-10-25,48,9,486,96,Yonne
90,0,2020-10-25,36,10,599,206,Territoire de Belfort
21,0,2020-10-26,113,28,1074,277,Côte-d'Or
25,0,2020-10-26,53,15,696,161,Doubs
39,0,2020-10-26,105,6,378,68,Jura
58,0,2020-10-26,18,4,136,31,Nièvre
70,0,2020-10-26,30,3,328,85,Haute-Saône
71,0,2020-10-26,226,18,1013,249,Saône-et-Loire
89,0,2020-10-26,64,9,487,96,Yonne
90,0,2020-10-26,36,11,601,206,Territoire de Belfort
21,0,2020-10-27,114,26,1085,277,Côte-d'Or
25,0,2020-10-27,54,14,704,162,Doubs
39,0,2020-10-27,110,7,384,69,Jura
58,0,2020-10-27,18,4,139,31,Nièvre
70,0,2020-10-27,42,5,331,86,Haute-Saône
71,0,2020-10-27,230,19,1051,262,Saône-et-Loire
89,0,2020-10-27,68,9,488,97,Yonne
90,0,2020-10-27,50,13,603,206,Territoire de Belfort
21,0,2020-10-28,122,26,1092,277,Côte-d'Or
25,0,2020-10-28,62,15,706,164,Doubs
39,0,2020-10-28,134,5,394,72,Jura
58,0,2020-10-28,19,4,139,32,Nièvre
70,0,2020-10-28,42,5,334,86,Haute-Saône
71,0,2020-10-28,251,23,1073,266,Saône-et-Loire
89,0,2020-10-28,85,10,493,97,Yonne
90,0,2020-10-28,58,12,606,206,Territoire de Belfort
21,0,2020-10-29,134,23,1102,277,Côte-d'Or
25,0,2020-10-29,64,17,711,150,Doubs
39,0,2020-10-29,135,7,400,72,Jura
58,0,2020-10-29,20,4,143,32,Nièvre
70,0,2020-10-29,48,4,336,88,Haute-Saône
71,0,2020-10-29,258,26,1093,270,Saône-et-Loire
89,0,2020-10-29,89,11,499,97,Yonne
90,0,2020-10-29,60,10,614,206,Territoire de Belfort
21,0,2020-10-30,163,34,1104,278,Côte-d'Or
25,0,2020-10-30,75,16,714,151,Doubs
39,0,2020-10-30,137,7,409,73,Jura
58,0,2020-10-30,25,5,144,32,Nièvre
70,0,2020-10-30,59,6,337,88,Haute-Saône
71,0,2020-10-30,272,27,1110,270,Saône-et-Loire
89,0,2020-10-30,94,13,506,97,Yonne
90,0,2020-10-30,63,11,617,210,Territoire de Belfort
21,0,2020-10-31,162,36,1119,281,Côte-d'Or
25,0,2020-10-31,77,15,716,152,Doubs
39,0,2020-10-31,141,8,414,75,Jura
58,0,2020-10-31,34,5,145,32,Nièvre
70,0,2020-10-31,56,4,341,88,Haute-Saône
71,0,2020-10-31,281,28,1126,272,Saône-et-Loire
89,0,2020-10-31,104,13,512,97,Yonne
90,0,2020-10-31,59,10,623,211,Territoire de Belfort
21,0,2020-11-01,158,33,1131,283,Côte-d'Or
25,0,2020-11-01,95,22,719,152,Doubs
39,0,2020-11-01,152,7,416,78,Jura
58,0,2020-11-01,42,7,144,32,Nièvre
70,0,2020-11-01,66,5,342,89,Haute-Saône
71,0,2020-11-01,297,28,1133,275,Saône-et-Loire
89,0,2020-11-01,107,14,512,97,Yonne
90,0,2020-11-01,56,8,624,213,Territoire de Belfort
21,0,2020-11-02,178,43,1139,286,Côte-d'Or
25,0,2020-11-02,108,23,722,152,Doubs
39,0,2020-11-02,166,9,422,80,Jura
58,0,2020-11-02,44,6,147,33,Nièvre
70,0,2020-11-02,76,5,342,90,Haute-Saône
71,0,2020-11-02,314,31,1139,286,Saône-et-Loire
89,0,2020-11-02,127,16,516,98,Yonne
90,0,2020-11-02,57,8,623,214,Territoire de Belfort
21,0,2020-11-03,200,39,1157,289,Côte-d'Or
25,0,2020-11-03,122,23,730,156,Doubs
39,0,2020-11-03,200,9,429,83,Jura
58,0,2020-11-03,47,6,147,33,Nièvre
70,0,2020-11-03,81,5,345,92,Haute-Saône
71,0,2020-11-03,343,36,1172,296,Saône-et-Loire
89,0,2020-11-03,124,13,526,100,Yonne
90,0,2020-11-03,57,8,623,214,Territoire de Belfort
21,0,2020-11-04,249,43,1182,294,Côte-d'Or
25,0,2020-11-04,128,23,735,158,Doubs
39,0,2020-11-04,190,7,450,84,Jura
58,0,2020-11-04,50,6,151,34,Nièvre
70,0,2020-11-04,80,9,350,94,Haute-Saône
71,0,2020-11-04,337,36,1196,300,Saône-et-Loire
89,0,2020-11-04,136,15,530,102,Yonne
90,0,2020-11-04,72,13,630,215,Territoire de Belfort
21,0,2020-11-05,274,57,1180,298,Côte-d'Or
25,0,2020-11-05,129,24,745,159,Doubs
39,0,2020-11-05,199,8,455,87,Jura
58,0,2020-11-05,59,9,152,35,Nièvre
70,0,2020-11-05,77,10,349,94,Haute-Saône
71,0,2020-11-05,342,32,1235,313,Saône-et-Loire
89,0,2020-11-05,140,15,533,103,Yonne
90,0,2020-11-05,78,14,634,216,Territoire de Belfort
