nom_dep,debut_7j,fin_7j,Taux d'incidence,Taux de positivité
Côte-d'Or,2020-05-13,2020-05-19,8.4,2.2
Côte-d'Or,2020-05-14,2020-05-20,8.6,2.2
Côte-d'Or,2020-05-15,2020-05-21,7.3,2.2
Côte-d'Or,2020-05-16,2020-05-22,8.4,2.7
Côte-d'Or,2020-05-17,2020-05-23,7.7,2.4
Côte-d'Or,2020-05-18,2020-05-24,7.9,2.5
Côte-d'Or,2020-05-19,2020-05-25,6.8,2.2
Côte-d'Or,2020-05-20,2020-05-26,4.9,1.6
Côte-d'Or,2020-05-21,2020-05-27,4.9,1.7
Côte-d'Or,2020-05-22,2020-05-28,5.4,1.7
Côte-d'Or,2020-05-23,2020-05-29,3.4,1.1
Côte-d'Or,2020-05-24,2020-05-30,3.8,1.2
Côte-d'Or,2020-05-25,2020-05-31,3.6,1.1
Côte-d'Or,2020-05-26,2020-06-01,2.8,1.0
Côte-d'Or,2020-05-27,2020-06-02,2.4,0.9
Côte-d'Or,2020-05-28,2020-06-03,1.5,0.6
Côte-d'Or,2020-05-29,2020-06-04,1.1,0.4
Côte-d'Or,2020-05-30,2020-06-05,0.8,0.3
Côte-d'Or,2020-05-31,2020-06-06,0.6,0.2
Côte-d'Or,2020-06-01,2020-06-07,0.6,0.2
Côte-d'Or,2020-06-02,2020-06-08,1.1,0.4
Côte-d'Or,2020-06-03,2020-06-09,1.3,0.4
Côte-d'Or,2020-06-04,2020-06-10,1.3,0.4
Côte-d'Or,2020-06-05,2020-06-11,1.5,0.5
Côte-d'Or,2020-06-06,2020-06-12,2.4,0.8
Côte-d'Or,2020-06-07,2020-06-13,2.3,0.7
Côte-d'Or,2020-06-08,2020-06-14,2.3,0.7
Côte-d'Or,2020-06-09,2020-06-15,2.6,0.8
Côte-d'Or,2020-06-10,2020-06-16,2.8,1.0
Côte-d'Or,2020-06-11,2020-06-17,3.0,1.0
Côte-d'Or,2020-06-12,2020-06-18,3.6,1.3
Côte-d'Or,2020-06-13,2020-06-19,2.8,1.0
Côte-d'Or,2020-06-14,2020-06-20,2.8,1.0
Côte-d'Or,2020-06-15,2020-06-21,2.8,1.0
Côte-d'Or,2020-06-16,2020-06-22,2.3,0.8
Côte-d'Or,2020-06-17,2020-06-23,2.4,0.8
Côte-d'Or,2020-06-18,2020-06-24,2.8,0.9
Côte-d'Or,2020-06-19,2020-06-25,1.9,0.6
Côte-d'Or,2020-06-20,2020-06-26,2.1,0.6
Côte-d'Or,2020-06-21,2020-06-27,2.1,0.6
Côte-d'Or,2020-06-22,2020-06-28,2.1,0.6
Côte-d'Or,2020-06-23,2020-06-29,1.9,0.5
Côte-d'Or,2020-06-24,2020-06-30,1.9,0.5
Côte-d'Or,2020-06-25,2020-07-01,1.7,0.5
Côte-d'Or,2020-06-26,2020-07-02,1.7,0.4
Côte-d'Or,2020-06-27,2020-07-03,1.5,0.4
Côte-d'Or,2020-06-28,2020-07-04,1.5,0.4
Côte-d'Or,2020-06-29,2020-07-05,1.5,0.4
Côte-d'Or,2020-06-30,2020-07-06,1.5,0.4
Côte-d'Or,2020-07-01,2020-07-07,1.3,0.3
Côte-d'Or,2020-07-02,2020-07-08,1.5,0.4
Côte-d'Or,2020-07-03,2020-07-09,2.8,0.7
Côte-d'Or,2020-07-04,2020-07-10,2.8,0.6
Côte-d'Or,2020-07-05,2020-07-11,3.4,0.7
Côte-d'Or,2020-07-06,2020-07-12,3.4,0.8
Côte-d'Or,2020-07-07,2020-07-13,3.4,0.7
Côte-d'Or,2020-07-08,2020-07-14,3.0,0.7
Côte-d'Or,2020-07-09,2020-07-15,3.0,0.7
Côte-d'Or,2020-07-10,2020-07-16,2.1,0.4
Côte-d'Or,2020-07-11,2020-07-17,2.8,0.5
Côte-d'Or,2020-07-12,2020-07-18,2.4,0.4
Côte-d'Or,2020-07-13,2020-07-19,2.6,0.4
Côte-d'Or,2020-07-14,2020-07-20,3.2,0.5
Côte-d'Or,2020-07-15,2020-07-21,3.0,0.4
Côte-d'Or,2020-07-16,2020-07-22,3.0,0.4
Côte-d'Or,2020-07-17,2020-07-23,3.9,0.5
Côte-d'Or,2020-07-18,2020-07-24,3.6,0.5
Côte-d'Or,2020-07-19,2020-07-25,3.9,0.5
Côte-d'Or,2020-07-20,2020-07-26,3.8,0.5
Côte-d'Or,2020-07-21,2020-07-27,4.5,0.6
Côte-d'Or,2020-07-22,2020-07-28,5.3,0.7
Côte-d'Or,2020-07-23,2020-07-29,5.3,0.7
Côte-d'Or,2020-07-24,2020-07-30,4.3,0.5
Côte-d'Or,2020-07-25,2020-07-31,4.9,0.6
Côte-d'Or,2020-07-26,2020-08-01,4.5,0.6
Côte-d'Or,2020-07-27,2020-08-02,4.9,0.7
Côte-d'Or,2020-07-28,2020-08-03,5.1,0.7
Côte-d'Or,2020-07-29,2020-08-04,5.3,0.7
Côte-d'Or,2020-07-30,2020-08-05,6.9,1.0
Côte-d'Or,2020-07-31,2020-08-06,7.9,1.2
Côte-d'Or,2020-08-01,2020-08-07,7.3,1.1
Côte-d'Or,2020-08-02,2020-08-08,7.5,1.1
Côte-d'Or,2020-08-03,2020-08-09,7.5,1.1
Côte-d'Or,2020-08-04,2020-08-10,6.6,0.9
Côte-d'Or,2020-08-05,2020-08-11,6.6,0.9
Côte-d'Or,2020-08-06,2020-08-12,7.1,1.0
Côte-d'Or,2020-08-07,2020-08-13,7.1,1.0
Côte-d'Or,2020-08-08,2020-08-14,9.0,1.2
Côte-d'Or,2020-08-09,2020-08-15,10.5,1.5
Côte-d'Or,2020-08-10,2020-08-16,10.9,1.6
Côte-d'Or,2020-08-11,2020-08-17,15.8,2.0
Côte-d'Or,2020-08-12,2020-08-18,18.4,2.0
Côte-d'Or,2020-08-13,2020-08-19,21.2,2.1
Côte-d'Or,2020-08-14,2020-08-20,26.3,2.4
Côte-d'Or,2020-08-15,2020-08-21,34.7,2.9
Côte-d'Or,2020-08-16,2020-08-22,40.0,2.9
Côte-d'Or,2020-08-17,2020-08-23,42.2,3.0
Côte-d'Or,2020-08-18,2020-08-24,48.0,3.1
Côte-d'Or,2020-08-19,2020-08-25,52.7,3.2
Côte-d'Or,2020-08-20,2020-08-26,58.7,3.2
Côte-d'Or,2020-08-21,2020-08-27,65.9,3.4
Côte-d'Or,2020-08-22,2020-08-28,68.1,3.2
Côte-d'Or,2020-08-23,2020-08-29,66.4,3.2
Côte-d'Or,2020-08-24,2020-08-30,66.8,3.1
Côte-d'Or,2020-08-25,2020-08-31,64.0,3.0
Côte-d'Or,2020-08-26,2020-09-01,68.3,3.1
Côte-d'Or,2020-08-27,2020-09-02,68.9,3.1
Côte-d'Or,2020-08-28,2020-09-03,70.0,3.2
Côte-d'Or,2020-08-29,2020-09-04,69.2,3.2
Côte-d'Or,2020-08-30,2020-09-05,69.8,3.2
Côte-d'Or,2020-08-31,2020-09-06,71.3,3.3
Côte-d'Or,2020-09-01,2020-09-07,84.1,3.8
Côte-d'Or,2020-09-02,2020-09-08,94.2,4.0
Côte-d'Or,2020-09-03,2020-09-09,95.7,4.0
Côte-d'Or,2020-09-04,2020-09-10,102.5,4.0
Côte-d'Or,2020-09-05,2020-09-11,105.7,3.8
Côte-d'Or,2020-09-06,2020-09-12,109.0,3.8
Côte-d'Or,2020-09-07,2020-09-13,110.9,3.9
Côte-d'Or,2020-09-08,2020-09-14,103.8,3.6
Côte-d'Or,2020-09-09,2020-09-15,96.6,3.5
Côte-d'Or,2020-09-10,2020-09-16,97.6,3.5
Côte-d'Or,2020-09-11,2020-09-17,92.3,3.5
Côte-d'Or,2020-09-12,2020-09-18,96.8,3.9
Côte-d'Or,2020-09-13,2020-09-19,98.1,4.0
Côte-d'Or,2020-09-14,2020-09-20,102.5,4.2
Côte-d'Or,2020-09-15,2020-09-21,105.5,4.5
Côte-d'Or,2020-09-16,2020-09-22,107.9,4.8
Côte-d'Or,2020-09-17,2020-09-23,114.7,5.4
Côte-d'Or,2020-09-18,2020-09-24,119.0,5.8
Côte-d'Or,2020-09-19,2020-09-25,114.8,5.8
Côte-d'Or,2020-09-20,2020-09-26,116.5,6.0
Côte-d'Or,2020-09-21,2020-09-27,110.5,6.0
Côte-d'Or,2020-09-22,2020-09-28,110.5,6.0
Côte-d'Or,2020-09-23,2020-09-29,107.7,5.8
Côte-d'Or,2020-09-24,2020-09-30,108.8,5.9
Côte-d'Or,2020-09-25,2020-10-01,104.5,5.7
Côte-d'Or,2020-09-26,2020-10-02,106.4,5.8
Côte-d'Or,2020-09-27,2020-10-03,102.3,5.6
Côte-d'Or,2020-09-28,2020-10-04,101.0,5.5
Côte-d'Or,2020-09-29,2020-10-05,107.7,5.9
Côte-d'Or,2020-09-30,2020-10-06,107.9,5.9
Côte-d'Or,2020-10-01,2020-10-07,113.7,6.2
Côte-d'Or,2020-10-02,2020-10-08,119.2,6.4
Côte-d'Or,2020-10-03,2020-10-09,129.1,6.9
Côte-d'Or,2020-10-04,2020-10-10,139.1,7.3
Côte-d'Or,2020-10-05,2020-10-11,140.2,7.4
Côte-d'Or,2020-10-06,2020-10-12,148.6,7.6
Côte-d'Or,2020-10-07,2020-10-13,164.0,8.0
Côte-d'Or,2020-10-08,2020-10-14,169.6,8.0
Côte-d'Or,2020-10-09,2020-10-15,185.6,8.5
Côte-d'Or,2020-10-10,2020-10-16,197.8,8.7
Côte-d'Or,2020-10-11,2020-10-17,207.5,8.9
Côte-d'Or,2020-10-12,2020-10-18,212.6,9.0
Côte-d'Or,2020-10-13,2020-10-19,228.9,9.4
Côte-d'Or,2020-10-14,2020-10-20,249.0,9.9
Côte-d'Or,2020-10-15,2020-10-21,281.9,10.6
Côte-d'Or,2020-10-16,2020-10-22,309.6,11.4
Côte-d'Or,2020-10-17,2020-10-23,351.5,12.4
Côte-d'Or,2020-10-18,2020-10-24,366.9,12.7
Côte-d'Or,2020-10-19,2020-10-25,380.9,13.0
Côte-d'Or,2020-10-20,2020-10-26,439.5,14.3
Côte-d'Or,2020-10-21,2020-10-27,486.6,15.1
Côte-d'Or,2020-10-22,2020-10-28,497.5,15.0
Côte-d'Or,2020-10-23,2020-10-29,510.2,15.1
Côte-d'Or,2020-10-24,2020-10-30,516.8,15.1
Côte-d'Or,2020-10-25,2020-10-31,529.0,15.3
Côte-d'Or,2020-10-26,2020-11-01,523.6,15.2
Côte-d'Or,2020-10-27,2020-11-02,545.9,15.7
Côte-d'Or,2020-10-28,2020-11-03,555.8,16.0
Côte-d'Or,2020-10-29,2020-11-04,573.7,16.5
Côte-d'Or,2020-10-30,2020-11-05,580.4,16.5
Côte-d'Or,2020-10-31,2020-11-06,578.9,16.5
Côte-d'Or,2020-11-01,2020-11-07,560.3,16.2
Côte-d'Or,2020-11-02,2020-11-08,558.1,16.3
Côte-d'Or,2020-11-03,2020-11-09,506.9,15.4
Côte-d'Or,2020-11-04,2020-11-10,467.6,14.5
Côte-d'Or,2020-11-05,2020-11-11,388.5,13.8
Côte-d'Or,2020-11-06,2020-11-12,364.2,12.9
Côte-d'Or,2020-11-07,2020-11-13,330.8,11.9
Côte-d'Or,2020-11-08,2020-11-14,317.9,11.6
Côte-d'Or,2020-11-09,2020-11-15,309.3,11.4
Côte-d'Or,2020-11-10,2020-11-16,276.8,10.7
Côte-d'Or,2020-11-11,2020-11-17,241.5,9.6
Côte-d'Or,2020-11-12,2020-11-18,255.4,9.5
Côte-d'Or,2020-11-13,2020-11-19,225.0,9.1
Côte-d'Or,2020-11-14,2020-11-20,200.8,8.7
Côte-d'Or,2020-11-15,2020-11-21,189.7,8.4
Côte-d'Or,2020-11-16,2020-11-22,186.3,8.3
Côte-d'Or,2020-11-17,2020-11-23,167.8,7.9
Côte-d'Or,2020-11-18,2020-11-24,155.8,7.8
Côte-d'Or,2020-11-19,2020-11-25,146.2,7.3
Côte-d'Or,2020-11-20,2020-11-26,144.5,7.4
Côte-d'Or,2020-11-21,2020-11-27,138.1,7.1
Côte-d'Or,2020-11-22,2020-11-28,136.6,7.2
Côte-d'Or,2020-11-23,2020-11-29,136.4,7.2
Côte-d'Or,2020-11-24,2020-11-30,142.8,7.4
Côte-d'Or,2020-11-25,2020-12-01,149.8,7.9
Côte-d'Or,2020-11-26,2020-12-02,155.0,8.3
Côte-d'Or,2020-11-27,2020-12-03,147.1,7.9
Côte-d'Or,2020-11-28,2020-12-04,145.2,7.7
Côte-d'Or,2020-11-29,2020-12-05,144.3,7.6
Côte-d'Or,2020-11-30,2020-12-06,144.1,7.5
Côte-d'Or,2020-12-01,2020-12-07,140.0,7.0
Côte-d'Or,2020-12-02,2020-12-08,146.7,7.2
Côte-d'Or,2020-12-03,2020-12-09,146.9,7.1
Côte-d'Or,2020-12-04,2020-12-10,153.3,7.3
Côte-d'Or,2020-12-05,2020-12-11,161.4,7.4
Côte-d'Or,2020-12-06,2020-12-12,170.8,7.7
Côte-d'Or,2020-12-07,2020-12-13,171.7,7.8
Côte-d'Or,2020-12-08,2020-12-14,188.6,8.3
Côte-d'Or,2020-12-09,2020-12-15,199.3,8.6
Côte-d'Or,2020-12-10,2020-12-16,208.1,8.4
Côte-d'Or,2020-12-11,2020-12-17,212.1,7.9
Côte-d'Or,2020-12-12,2020-12-18,217.9,7.3
Côte-d'Or,2020-12-13,2020-12-19,219.2,6.9
Côte-d'Or,2020-12-14,2020-12-20,223.7,6.9
Côte-d'Or,2020-12-15,2020-12-21,222.2,5.9
Côte-d'Or,2020-12-16,2020-12-22,218.8,4.9
Côte-d'Or,2020-12-17,2020-12-23,221.6,4.3
Côte-d'Or,2020-12-18,2020-12-24,221.1,4.2
Côte-d'Or,2020-12-19,2020-12-25,189.0,4.0
Côte-d'Or,2020-12-20,2020-12-26,186.7,4.1
Côte-d'Or,2020-12-21,2020-12-27,184.1,4.0
Côte-d'Or,2020-12-22,2020-12-28,184.1,4.5
Côte-d'Or,2020-12-23,2020-12-29,191.4,5.5
Côte-d'Or,2020-12-24,2020-12-30,189.9,6.3
Côte-d'Or,2020-12-25,2020-12-31,195.4,6.8
Côte-d'Or,2020-12-26,2021-01-01,198.4,6.8
Côte-d'Or,2020-12-27,2021-01-02,214.5,7.3
Côte-d'Or,2020-12-28,2021-01-03,218.4,7.4
Côte-d'Or,2020-12-29,2021-01-04,229.5,7.6
Côte-d'Or,2020-12-30,2021-01-05,229.3,7.7
Côte-d'Or,2020-12-31,2021-01-06,232.7,8.1
Côte-d'Or,2021-01-01,2021-01-07,231.6,8.1
Côte-d'Or,2021-01-02,2021-01-08,269.5,8.0
Côte-d'Or,2021-01-03,2021-01-09,261.2,7.9
Côte-d'Or,2021-01-04,2021-01-10,256.0,7.8
Côte-d'Or,2021-01-05,2021-01-11,249.4,7.7
Côte-d'Or,2021-01-06,2021-01-12,237.8,7.6
Côte-d'Or,2021-01-07,2021-01-13,228.0,7.5
Côte-d'Or,2021-01-08,2021-01-14,225.6,7.7
Côte-d'Or,2021-01-09,2021-01-15,216.4,7.5
Côte-d'Or,2021-01-10,2021-01-16,210.2,7.4
Côte-d'Or,2021-01-11,2021-01-17,210.0,7.4
Côte-d'Or,2021-01-12,2021-01-18,200.2,7.3
Côte-d'Or,2021-01-13,2021-01-19,204.2,7.4
Côte-d'Or,2021-01-14,2021-01-20,206.2,7.5
Côte-d'Or,2021-01-15,2021-01-21,205.1,7.3
Côte-d'Or,2021-01-16,2021-01-22,207.4,7.3
Côte-d'Or,2021-01-17,2021-01-23,207.2,7.3
Côte-d'Or,2021-01-18,2021-01-24,206.4,7.2
Côte-d'Or,2021-01-19,2021-01-25,215.1,7.4
Côte-d'Or,2021-01-20,2021-01-26,205.1,7.0
Côte-d'Or,2021-01-21,2021-01-27,201.2,6.8
Côte-d'Or,2021-01-22,2021-01-28,199.1,6.7
Côte-d'Or,2021-01-23,2021-01-29,197.0,6.5
Doubs,2020-05-13,2020-05-19,6.9,1.7
Doubs,2020-05-14,2020-05-20,6.7,1.6
Doubs,2020-05-15,2020-05-21,5.9,1.6
Doubs,2020-05-16,2020-05-22,5.7,1.7
Doubs,2020-05-17,2020-05-23,4.6,1.4
Doubs,2020-05-18,2020-05-24,4.6,1.4
Doubs,2020-05-19,2020-05-25,4.1,1.2
Doubs,2020-05-20,2020-05-26,3.3,1.1
Doubs,2020-05-21,2020-05-27,3.2,1.0
Doubs,2020-05-22,2020-05-28,3.3,0.9
Doubs,2020-05-23,2020-05-29,2.6,0.7
Doubs,2020-05-24,2020-05-30,3.3,0.9
Doubs,2020-05-25,2020-05-31,3.5,1.0
Doubs,2020-05-26,2020-06-01,3.3,1.0
Doubs,2020-05-27,2020-06-02,4.6,1.5
Doubs,2020-05-28,2020-06-03,4.3,1.3
Doubs,2020-05-29,2020-06-04,5.2,1.6
Doubs,2020-05-30,2020-06-05,5.6,1.7
Doubs,2020-05-31,2020-06-06,5.4,1.6
Doubs,2020-06-01,2020-06-07,5.0,1.5
Doubs,2020-06-02,2020-06-08,5.2,1.3
Doubs,2020-06-03,2020-06-09,4.1,1.1
Doubs,2020-06-04,2020-06-10,5.6,1.5
Doubs,2020-06-05,2020-06-11,4.4,1.2
Doubs,2020-06-06,2020-06-12,5.0,1.3
Doubs,2020-06-07,2020-06-13,4.4,1.2
Doubs,2020-06-08,2020-06-14,4.6,1.2
Doubs,2020-06-09,2020-06-15,4.6,1.2
Doubs,2020-06-10,2020-06-16,3.9,1.0
Doubs,2020-06-11,2020-06-17,3.0,0.8
Doubs,2020-06-12,2020-06-18,3.0,0.8
Doubs,2020-06-13,2020-06-19,2.6,0.7
Doubs,2020-06-14,2020-06-20,2.6,0.7
Doubs,2020-06-15,2020-06-21,2.4,0.6
Doubs,2020-06-16,2020-06-22,2.4,0.7
Doubs,2020-06-17,2020-06-23,2.6,0.7
Doubs,2020-06-18,2020-06-24,2.6,0.7
Doubs,2020-06-19,2020-06-25,3.0,0.8
Doubs,2020-06-20,2020-06-26,2.6,0.7
Doubs,2020-06-21,2020-06-27,2.6,0.7
Doubs,2020-06-22,2020-06-28,2.6,0.7
Doubs,2020-06-23,2020-06-29,3.0,0.8
Doubs,2020-06-24,2020-06-30,3.9,1.0
Doubs,2020-06-25,2020-07-01,3.9,1.0
Doubs,2020-06-26,2020-07-02,3.7,0.9
Doubs,2020-06-27,2020-07-03,3.5,0.8
Doubs,2020-06-28,2020-07-04,3.3,0.7
Doubs,2020-06-29,2020-07-05,3.3,0.8
Doubs,2020-06-30,2020-07-06,3.3,0.7
Doubs,2020-07-01,2020-07-07,2.8,0.6
Doubs,2020-07-02,2020-07-08,2.8,0.6
Doubs,2020-07-03,2020-07-09,3.5,0.7
Doubs,2020-07-04,2020-07-10,3.7,0.7
Doubs,2020-07-05,2020-07-11,4.1,0.8
Doubs,2020-07-06,2020-07-12,4.8,0.9
Doubs,2020-07-07,2020-07-13,5.2,0.9
Doubs,2020-07-08,2020-07-14,4.8,0.9
Doubs,2020-07-09,2020-07-15,4.3,0.8
Doubs,2020-07-10,2020-07-16,3.3,0.6
Doubs,2020-07-11,2020-07-17,3.5,0.6
Doubs,2020-07-12,2020-07-18,3.5,0.6
Doubs,2020-07-13,2020-07-19,2.8,0.5
Doubs,2020-07-14,2020-07-20,3.3,0.6
Doubs,2020-07-15,2020-07-21,3.9,0.6
Doubs,2020-07-16,2020-07-22,4.1,0.6
Doubs,2020-07-17,2020-07-23,4.8,0.7
Doubs,2020-07-18,2020-07-24,5.4,0.8
Doubs,2020-07-19,2020-07-25,5.4,0.8
Doubs,2020-07-20,2020-07-26,5.6,0.8
Doubs,2020-07-21,2020-07-27,5.0,0.7
Doubs,2020-07-22,2020-07-28,5.0,0.7
Doubs,2020-07-23,2020-07-29,5.4,0.8
Doubs,2020-07-24,2020-07-30,5.9,0.9
Doubs,2020-07-25,2020-07-31,6.3,0.9
Doubs,2020-07-26,2020-08-01,6.5,0.9
Doubs,2020-07-27,2020-08-02,6.7,1.0
Doubs,2020-07-28,2020-08-03,7.0,1.0
Doubs,2020-07-29,2020-08-04,6.5,0.9
Doubs,2020-07-30,2020-08-05,6.1,0.9
Doubs,2020-07-31,2020-08-06,6.5,0.9
Doubs,2020-08-01,2020-08-07,5.7,0.9
Doubs,2020-08-02,2020-08-08,5.7,0.9
Doubs,2020-08-03,2020-08-09,5.4,0.8
Doubs,2020-08-04,2020-08-10,6.1,1.0
Doubs,2020-08-05,2020-08-11,7.4,1.2
Doubs,2020-08-06,2020-08-12,8.9,1.4
Doubs,2020-08-07,2020-08-13,10.2,1.6
Doubs,2020-08-08,2020-08-14,12.6,1.8
Doubs,2020-08-09,2020-08-15,12.6,1.9
Doubs,2020-08-10,2020-08-16,13.2,1.9
Doubs,2020-08-11,2020-08-17,14.3,1.9
Doubs,2020-08-12,2020-08-18,17.6,2.1
Doubs,2020-08-13,2020-08-19,18.0,2.0
Doubs,2020-08-14,2020-08-20,17.4,1.8
Doubs,2020-08-15,2020-08-21,17.2,1.7
Doubs,2020-08-16,2020-08-22,17.2,1.6
Doubs,2020-08-17,2020-08-23,17.4,1.6
Doubs,2020-08-18,2020-08-24,17.2,1.5
Doubs,2020-08-19,2020-08-25,18.0,1.6
Doubs,2020-08-20,2020-08-26,20.8,1.7
Doubs,2020-08-21,2020-08-27,23.7,1.8
Doubs,2020-08-22,2020-08-28,27.1,2.0
Doubs,2020-08-23,2020-08-29,29.7,2.1
Doubs,2020-08-24,2020-08-30,30.4,2.2
Doubs,2020-08-25,2020-08-31,35.6,2.5
Doubs,2020-08-26,2020-09-01,35.6,2.4
Doubs,2020-08-27,2020-09-02,36.0,2.4
Doubs,2020-08-28,2020-09-03,34.5,2.3
Doubs,2020-08-29,2020-09-04,38.6,2.6
Doubs,2020-08-30,2020-09-05,41.0,2.7
Doubs,2020-08-31,2020-09-06,40.6,2.8
Doubs,2020-09-01,2020-09-07,40.8,2.8
Doubs,2020-09-02,2020-09-08,44.7,2.9
Doubs,2020-09-03,2020-09-09,46.3,2.8
Doubs,2020-09-04,2020-09-10,51.7,2.9
Doubs,2020-09-05,2020-09-11,49.5,2.6
Doubs,2020-09-06,2020-09-12,49.5,2.5
Doubs,2020-09-07,2020-09-13,49.5,2.5
Doubs,2020-09-08,2020-09-14,55.2,2.6
Doubs,2020-09-09,2020-09-15,57.5,2.6
Doubs,2020-09-10,2020-09-16,62.7,2.9
Doubs,2020-09-11,2020-09-17,68.2,3.2
Doubs,2020-09-12,2020-09-18,71.9,3.4
Doubs,2020-09-13,2020-09-19,72.3,3.5
Doubs,2020-09-14,2020-09-20,72.1,3.6
Doubs,2020-09-15,2020-09-21,70.3,3.5
Doubs,2020-09-16,2020-09-22,67.7,3.6
Doubs,2020-09-17,2020-09-23,65.8,3.6
Doubs,2020-09-18,2020-09-24,65.1,3.8
Doubs,2020-09-19,2020-09-25,60.4,3.6
Doubs,2020-09-20,2020-09-26,58.9,3.6
Doubs,2020-09-21,2020-09-27,58.2,3.6
Doubs,2020-09-22,2020-09-28,56.7,3.6
Doubs,2020-09-23,2020-09-29,55.2,3.6
Doubs,2020-09-24,2020-09-30,55.4,3.7
Doubs,2020-09-25,2020-10-01,50.6,3.5
Doubs,2020-09-26,2020-10-02,50.2,3.6
Doubs,2020-09-27,2020-10-03,53.0,3.8
Doubs,2020-09-28,2020-10-04,53.0,3.8
Doubs,2020-09-29,2020-10-05,54.7,3.9
Doubs,2020-09-30,2020-10-06,55.8,3.9
Doubs,2020-10-01,2020-10-07,57.3,3.9
Doubs,2020-10-02,2020-10-08,65.3,4.3
Doubs,2020-10-03,2020-10-09,73.8,4.8
Doubs,2020-10-04,2020-10-10,79.0,5.1
Doubs,2020-10-05,2020-10-11,80.6,5.2
Doubs,2020-10-06,2020-10-12,95.7,5.9
Doubs,2020-10-07,2020-10-13,112.0,6.8
Doubs,2020-10-08,2020-10-14,125.9,7.4
Doubs,2020-10-09,2020-10-15,139.8,7.7
Doubs,2020-10-10,2020-10-16,159.8,8.4
Doubs,2020-10-11,2020-10-17,177.0,8.8
Doubs,2020-10-12,2020-10-18,178.3,8.8
Doubs,2020-10-13,2020-10-19,210.2,9.7
Doubs,2020-10-14,2020-10-20,237.8,10.5
Doubs,2020-10-15,2020-10-21,281.2,11.6
Doubs,2020-10-16,2020-10-22,325.9,12.4
Doubs,2020-10-17,2020-10-23,368.9,13.2
Doubs,2020-10-18,2020-10-24,379.3,13.5
Doubs,2020-10-19,2020-10-25,383.0,13.6
Doubs,2020-10-20,2020-10-26,434.7,14.5
Doubs,2020-10-21,2020-10-27,480.9,15.5
Doubs,2020-10-22,2020-10-28,515.5,16.3
Doubs,2020-10-23,2020-10-29,547.0,17.3
Doubs,2020-10-24,2020-10-30,594.9,18.2
Doubs,2020-10-25,2020-10-31,645.5,19.0
Doubs,2020-10-26,2020-11-01,645.8,19.0
Doubs,2020-10-27,2020-11-02,718.9,20.5
Doubs,2020-10-28,2020-11-03,767.1,21.1
Doubs,2020-10-29,2020-11-04,782.8,21.1
Doubs,2020-10-30,2020-11-05,785.2,20.5
Doubs,2020-10-31,2020-11-06,755.0,19.7
Doubs,2020-11-01,2020-11-07,724.6,19.1
Doubs,2020-11-02,2020-11-08,725.0,19.2
Doubs,2020-11-03,2020-11-09,674.0,18.3
Doubs,2020-11-04,2020-11-10,633.2,17.5
Doubs,2020-11-05,2020-11-11,518.9,16.8
Doubs,2020-11-06,2020-11-12,517.4,16.7
Doubs,2020-11-07,2020-11-13,508.5,16.7
Doubs,2020-11-08,2020-11-14,479.7,16.2
Doubs,2020-11-09,2020-11-15,477.2,16.1
Doubs,2020-11-10,2020-11-16,429.3,15.1
Doubs,2020-11-11,2020-11-17,382.1,14.2
Doubs,2020-11-12,2020-11-18,420.1,14.0
Doubs,2020-11-13,2020-11-19,362.8,13.2
Doubs,2020-11-14,2020-11-20,320.5,12.5
Doubs,2020-11-15,2020-11-21,315.9,12.4
Doubs,2020-11-16,2020-11-22,315.1,12.4
Doubs,2020-11-17,2020-11-23,282.9,11.8
Doubs,2020-11-18,2020-11-24,259.5,11.1
Doubs,2020-11-19,2020-11-25,251.6,10.9
Doubs,2020-11-20,2020-11-26,235.6,10.8
Doubs,2020-11-21,2020-11-27,230.6,10.8
Doubs,2020-11-22,2020-11-28,229.9,10.9
Doubs,2020-11-23,2020-11-29,228.8,10.8
Doubs,2020-11-24,2020-11-30,223.9,10.9
Doubs,2020-11-25,2020-12-01,226.9,11.6
Doubs,2020-11-26,2020-12-02,226.3,11.8
Doubs,2020-11-27,2020-12-03,228.9,11.9
Doubs,2020-11-28,2020-12-04,231.7,12.0
Doubs,2020-11-29,2020-12-05,232.8,11.9
Doubs,2020-11-30,2020-12-06,232.6,11.9
Doubs,2020-12-01,2020-12-07,251.7,12.3
Doubs,2020-12-02,2020-12-08,246.9,11.6
Doubs,2020-12-03,2020-12-09,257.9,11.6
Doubs,2020-12-04,2020-12-10,264.0,11.7
Doubs,2020-12-05,2020-12-11,260.5,11.4
Doubs,2020-12-06,2020-12-12,268.4,11.4
Doubs,2020-12-07,2020-12-13,269.9,11.5
Doubs,2020-12-08,2020-12-14,261.4,10.9
Doubs,2020-12-09,2020-12-15,279.0,11.3
Doubs,2020-12-10,2020-12-16,284.0,11.0
Doubs,2020-12-11,2020-12-17,289.0,10.4
Doubs,2020-12-12,2020-12-18,306.1,9.9
Doubs,2020-12-13,2020-12-19,304.9,9.2
Doubs,2020-12-14,2020-12-20,306.1,9.2
Doubs,2020-12-15,2020-12-21,319.8,8.4
Doubs,2020-12-16,2020-12-22,327.2,7.5
Doubs,2020-12-17,2020-12-23,325.9,6.6
Doubs,2020-12-18,2020-12-24,319.2,6.1
Doubs,2020-12-19,2020-12-25,264.7,5.7
Doubs,2020-12-20,2020-12-26,274.7,6.1
Doubs,2020-12-21,2020-12-27,270.8,6.0
Doubs,2020-12-22,2020-12-28,267.1,6.6
Doubs,2020-12-23,2020-12-29,267.9,7.6
Doubs,2020-12-24,2020-12-30,288.6,9.4
Doubs,2020-12-25,2020-12-31,297.2,10.5
Doubs,2020-12-26,2021-01-01,297.5,10.5
Doubs,2020-12-27,2021-01-02,301.6,10.4
Doubs,2020-12-28,2021-01-03,302.7,10.4
Doubs,2020-12-29,2021-01-04,323.1,10.5
Doubs,2020-12-30,2021-01-05,322.0,10.4
Doubs,2020-12-31,2021-01-06,300.7,10.4
Doubs,2021-01-01,2021-01-07,304.0,10.7
Doubs,2021-01-02,2021-01-08,354.8,10.6
Doubs,2021-01-03,2021-01-09,336.1,10.6
Doubs,2021-01-04,2021-01-10,336.1,10.6
Doubs,2021-01-05,2021-01-11,307.4,10.3
Doubs,2021-01-06,2021-01-12,284.5,9.8
Doubs,2021-01-07,2021-01-13,276.9,9.7
Doubs,2021-01-08,2021-01-14,264.2,9.5
Doubs,2021-01-09,2021-01-15,253.0,9.3
Doubs,2021-01-10,2021-01-16,259.9,9.7
Doubs,2021-01-11,2021-01-17,259.2,9.7
Doubs,2021-01-12,2021-01-18,257.7,9.9
Doubs,2021-01-13,2021-01-19,270.1,10.3
Doubs,2021-01-14,2021-01-20,268.6,10.1
Doubs,2021-01-15,2021-01-21,275.1,10.1
Doubs,2021-01-16,2021-01-22,280.5,10.0
Doubs,2021-01-17,2021-01-23,274.5,9.6
Doubs,2021-01-18,2021-01-24,274.0,9.6
Doubs,2021-01-19,2021-01-25,265.8,9.3
Doubs,2021-01-20,2021-01-26,254.7,9.0
Doubs,2021-01-21,2021-01-27,246.0,8.7
Doubs,2021-01-22,2021-01-28,234.9,8.3
Doubs,2021-01-23,2021-01-29,229.5,8.0
Jura,2020-05-13,2020-05-19,3.1,1.0
Jura,2020-05-14,2020-05-20,3.9,1.3
Jura,2020-05-15,2020-05-21,4.7,1.7
Jura,2020-05-16,2020-05-22,5.0,1.7
Jura,2020-05-17,2020-05-23,5.0,1.6
Jura,2020-05-18,2020-05-24,4.7,1.5
Jura,2020-05-19,2020-05-25,5.8,1.7
Jura,2020-05-20,2020-05-26,5.4,1.6
Jura,2020-05-21,2020-05-27,4.7,1.4
Jura,2020-05-22,2020-05-28,3.9,1.1
Jura,2020-05-23,2020-05-29,1.2,0.4
Jura,2020-05-24,2020-05-30,1.2,0.4
Jura,2020-05-25,2020-05-31,1.2,0.4
Jura,2020-05-26,2020-06-01,0.0,0.0
Jura,2020-05-27,2020-06-02,0.0,0.0
Jura,2020-05-28,2020-06-03,0.0,0.0
Jura,2020-05-29,2020-06-04,0.4,0.1
Jura,2020-05-30,2020-06-05,0.4,0.1
Jura,2020-05-31,2020-06-06,0.4,0.1
Jura,2020-06-01,2020-06-07,0.4,0.1
Jura,2020-06-02,2020-06-08,0.8,0.2
Jura,2020-06-03,2020-06-09,1.2,0.4
Jura,2020-06-04,2020-06-10,1.6,0.5
Jura,2020-06-05,2020-06-11,1.6,0.6
Jura,2020-06-06,2020-06-12,1.6,0.6
Jura,2020-06-07,2020-06-13,1.6,0.6
Jura,2020-06-08,2020-06-14,1.6,0.6
Jura,2020-06-09,2020-06-15,1.2,0.4
Jura,2020-06-10,2020-06-16,1.9,0.7
Jura,2020-06-11,2020-06-17,2.3,0.8
Jura,2020-06-12,2020-06-18,1.9,0.7
Jura,2020-06-13,2020-06-19,1.9,0.7
Jura,2020-06-14,2020-06-20,1.9,0.7
Jura,2020-06-15,2020-06-21,1.9,0.7
Jura,2020-06-16,2020-06-22,2.7,1.0
Jura,2020-06-17,2020-06-23,2.3,0.9
Jura,2020-06-18,2020-06-24,1.6,0.6
Jura,2020-06-19,2020-06-25,1.9,0.7
Jura,2020-06-20,2020-06-26,2.3,0.9
Jura,2020-06-21,2020-06-27,2.3,0.8
Jura,2020-06-22,2020-06-28,3.1,1.1
Jura,2020-06-23,2020-06-29,3.1,1.0
Jura,2020-06-24,2020-06-30,2.3,0.7
Jura,2020-06-25,2020-07-01,3.1,0.8
Jura,2020-06-26,2020-07-02,3.1,0.6
Jura,2020-06-27,2020-07-03,3.1,0.5
Jura,2020-06-28,2020-07-04,3.5,0.5
Jura,2020-06-29,2020-07-05,3.1,0.5
Jura,2020-06-30,2020-07-06,2.3,0.4
Jura,2020-07-01,2020-07-07,2.7,0.4
Jura,2020-07-02,2020-07-08,2.7,0.4
Jura,2020-07-03,2020-07-09,2.7,0.4
Jura,2020-07-04,2020-07-10,4.7,0.6
Jura,2020-07-05,2020-07-11,4.3,0.5
Jura,2020-07-06,2020-07-12,3.9,0.5
Jura,2020-07-07,2020-07-13,5.0,0.6
Jura,2020-07-08,2020-07-14,4.7,0.6
Jura,2020-07-09,2020-07-15,3.9,0.5
Jura,2020-07-10,2020-07-16,3.9,0.6
Jura,2020-07-11,2020-07-17,4.3,0.7
Jura,2020-07-12,2020-07-18,5.0,0.8
Jura,2020-07-13,2020-07-19,6.6,1.0
Jura,2020-07-14,2020-07-20,6.6,0.9
Jura,2020-07-15,2020-07-21,7.4,0.9
Jura,2020-07-16,2020-07-22,7.4,0.8
Jura,2020-07-17,2020-07-23,8.5,0.9
Jura,2020-07-18,2020-07-24,8.1,1.0
Jura,2020-07-19,2020-07-25,7.8,0.9
Jura,2020-07-20,2020-07-26,6.6,0.8
Jura,2020-07-21,2020-07-27,6.6,0.9
Jura,2020-07-22,2020-07-28,5.8,0.8
Jura,2020-07-23,2020-07-29,6.6,1.0
Jura,2020-07-24,2020-07-30,5.0,0.7
Jura,2020-07-25,2020-07-31,2.7,0.4
Jura,2020-07-26,2020-08-01,2.7,0.4
Jura,2020-07-27,2020-08-02,2.3,0.3
Jura,2020-07-28,2020-08-03,1.6,0.2
Jura,2020-07-29,2020-08-04,1.9,0.3
Jura,2020-07-30,2020-08-05,1.9,0.3
Jura,2020-07-31,2020-08-06,2.3,0.4
Jura,2020-08-01,2020-08-07,4.7,0.9
Jura,2020-08-02,2020-08-08,5.4,1.0
Jura,2020-08-03,2020-08-09,5.4,1.0
Jura,2020-08-04,2020-08-10,5.8,1.1
Jura,2020-08-05,2020-08-11,6.2,1.2
Jura,2020-08-06,2020-08-12,6.6,1.3
Jura,2020-08-07,2020-08-13,7.0,1.4
Jura,2020-08-08,2020-08-14,7.0,1.4
Jura,2020-08-09,2020-08-15,6.2,1.3
Jura,2020-08-10,2020-08-16,7.0,1.4
Jura,2020-08-11,2020-08-17,8.1,1.5
Jura,2020-08-12,2020-08-18,10.1,1.8
Jura,2020-08-13,2020-08-19,10.1,1.6
Jura,2020-08-14,2020-08-20,12.0,1.7
Jura,2020-08-15,2020-08-21,12.4,1.6
Jura,2020-08-16,2020-08-22,13.6,1.6
Jura,2020-08-17,2020-08-23,12.8,1.5
Jura,2020-08-18,2020-08-24,13.2,1.5
Jura,2020-08-19,2020-08-25,12.4,1.4
Jura,2020-08-20,2020-08-26,14.0,1.4
Jura,2020-08-21,2020-08-27,14.7,1.4
Jura,2020-08-22,2020-08-28,16.7,1.5
Jura,2020-08-23,2020-08-29,17.8,1.6
Jura,2020-08-24,2020-08-30,18.2,1.6
Jura,2020-08-25,2020-08-31,18.2,1.5
Jura,2020-08-26,2020-09-01,23.3,1.8
Jura,2020-08-27,2020-09-02,23.3,1.9
Jura,2020-08-28,2020-09-03,21.7,1.8
Jura,2020-08-29,2020-09-04,23.7,2.0
Jura,2020-08-30,2020-09-05,23.3,1.9
Jura,2020-08-31,2020-09-06,24.0,2.0
Jura,2020-09-01,2020-09-07,24.0,2.1
Jura,2020-09-02,2020-09-08,23.3,2.1
Jura,2020-09-03,2020-09-09,24.4,2.0
Jura,2020-09-04,2020-09-10,25.6,2.0
Jura,2020-09-05,2020-09-11,24.0,1.8
Jura,2020-09-06,2020-09-12,27.9,2.0
Jura,2020-09-07,2020-09-13,29.1,2.0
Jura,2020-09-08,2020-09-14,32.2,2.1
Jura,2020-09-09,2020-09-15,29.9,1.9
Jura,2020-09-10,2020-09-16,33.0,1.9
Jura,2020-09-11,2020-09-17,36.1,2.0
Jura,2020-09-12,2020-09-18,36.5,2.1
Jura,2020-09-13,2020-09-19,31.8,1.9
Jura,2020-09-14,2020-09-20,29.9,1.8
Jura,2020-09-15,2020-09-21,33.0,2.0
Jura,2020-09-16,2020-09-22,39.2,2.4
Jura,2020-09-17,2020-09-23,39.9,2.7
Jura,2020-09-18,2020-09-24,43.8,3.1
Jura,2020-09-19,2020-09-25,45.8,3.4
Jura,2020-09-20,2020-09-26,48.9,3.7
Jura,2020-09-21,2020-09-27,49.3,3.7
Jura,2020-09-22,2020-09-28,47.7,3.8
Jura,2020-09-23,2020-09-29,45.8,3.8
Jura,2020-09-24,2020-09-30,43.8,3.6
Jura,2020-09-25,2020-10-01,42.7,3.5
Jura,2020-09-26,2020-10-02,46.5,3.8
Jura,2020-09-27,2020-10-03,52.7,4.1
Jura,2020-09-28,2020-10-04,52.0,4.0
Jura,2020-09-29,2020-10-05,52.7,4.0
Jura,2020-09-30,2020-10-06,57.0,4.3
Jura,2020-10-01,2020-10-07,65.2,5.0
Jura,2020-10-02,2020-10-08,70.2,5.4
Jura,2020-10-03,2020-10-09,88.4,6.5
Jura,2020-10-04,2020-10-10,92.7,6.6
Jura,2020-10-05,2020-10-11,94.6,6.8
Jura,2020-10-06,2020-10-12,113.6,7.8
Jura,2020-10-07,2020-10-13,141.9,9.0
Jura,2020-10-08,2020-10-14,170.6,9.9
Jura,2020-10-09,2020-10-15,202.1,10.8
Jura,2020-10-10,2020-10-16,231.5,11.6
Jura,2020-10-11,2020-10-17,243.9,11.6
Jura,2020-10-12,2020-10-18,247.4,11.7
Jura,2020-10-13,2020-10-19,288.9,12.8
Jura,2020-10-14,2020-10-20,349.8,14.2
Jura,2020-10-15,2020-10-21,406.8,15.8
Jura,2020-10-16,2020-10-22,465.4,16.9
Jura,2020-10-17,2020-10-23,526.7,17.4
Jura,2020-10-18,2020-10-24,563.1,18.1
Jura,2020-10-19,2020-10-25,573.6,18.3
Jura,2020-10-20,2020-10-26,623.6,18.3
Jura,2020-10-21,2020-10-27,657.7,18.7
Jura,2020-10-22,2020-10-28,670.5,18.5
Jura,2020-10-23,2020-10-29,712.8,18.9
Jura,2020-10-24,2020-10-30,707.4,18.6
Jura,2020-10-25,2020-10-31,725.2,18.9
Jura,2020-10-26,2020-11-01,724.8,18.9
Jura,2020-10-27,2020-11-02,753.9,19.6
Jura,2020-10-28,2020-11-03,740.4,19.3
Jura,2020-10-29,2020-11-04,754.3,19.0
Jura,2020-10-30,2020-11-05,714.0,17.8
Jura,2020-10-31,2020-11-06,712.0,17.1
Jura,2020-11-01,2020-11-07,674.4,16.4
Jura,2020-11-02,2020-11-08,672.1,16.4
Jura,2020-11-03,2020-11-09,631.0,15.6
Jura,2020-11-04,2020-11-10,601.5,14.8
Jura,2020-11-05,2020-11-11,490.2,14.2
Jura,2020-11-06,2020-11-12,460.3,13.5
Jura,2020-11-07,2020-11-13,425.8,13.0
Jura,2020-11-08,2020-11-14,413.4,13.0
Jura,2020-11-09,2020-11-15,404.1,12.8
Jura,2020-11-10,2020-11-16,361.5,11.7
Jura,2020-11-11,2020-11-17,313.0,10.9
Jura,2020-11-12,2020-11-18,341.3,11.0
Jura,2020-11-13,2020-11-19,302.9,10.8
Jura,2020-11-14,2020-11-20,258.7,10.2
Jura,2020-11-15,2020-11-21,245.1,9.8
Jura,2020-11-16,2020-11-22,245.1,9.8
Jura,2020-11-17,2020-11-23,218.7,9.6
Jura,2020-11-18,2020-11-24,202.8,9.4
Jura,2020-11-19,2020-11-25,191.6,9.1
Jura,2020-11-20,2020-11-26,186.9,9.2
Jura,2020-11-21,2020-11-27,192.7,9.5
Jura,2020-11-22,2020-11-28,199.3,9.6
Jura,2020-11-23,2020-11-29,198.6,9.6
Jura,2020-11-24,2020-11-30,198.6,9.6
Jura,2020-11-25,2020-12-01,200.5,9.6
Jura,2020-11-26,2020-12-02,204.4,9.8
Jura,2020-11-27,2020-12-03,197.0,9.2
Jura,2020-11-28,2020-12-04,198.6,9.3
Jura,2020-11-29,2020-12-05,193.5,9.0
Jura,2020-11-30,2020-12-06,195.5,9.1
Jura,2020-12-01,2020-12-07,201.7,9.4
Jura,2020-12-02,2020-12-08,220.3,10.0
Jura,2020-12-03,2020-12-09,224.2,10.0
Jura,2020-12-04,2020-12-10,230.4,10.0
Jura,2020-12-05,2020-12-11,229.2,9.6
Jura,2020-12-06,2020-12-12,230.8,9.5
Jura,2020-12-07,2020-12-13,234.6,9.7
Jura,2020-12-08,2020-12-14,247.0,9.8
Jura,2020-12-09,2020-12-15,259.1,10.2
Jura,2020-12-10,2020-12-16,276.9,10.5
Jura,2020-12-11,2020-12-17,289.3,10.5
Jura,2020-12-12,2020-12-18,294.7,9.9
Jura,2020-12-13,2020-12-19,302.5,9.6
Jura,2020-12-14,2020-12-20,301.0,9.5
Jura,2020-12-15,2020-12-21,310.6,9.1
Jura,2020-12-16,2020-12-22,302.5,7.6
Jura,2020-12-17,2020-12-23,295.9,6.7
Jura,2020-12-18,2020-12-24,299.4,6.4
Jura,2020-12-19,2020-12-25,258.7,6.3
Jura,2020-12-20,2020-12-26,259.5,6.4
Jura,2020-12-21,2020-12-27,256.4,6.4
Jura,2020-12-22,2020-12-28,266.4,7.2
Jura,2020-12-23,2020-12-29,276.5,8.4
Jura,2020-12-24,2020-12-30,295.9,10.0
Jura,2020-12-25,2020-12-31,310.6,10.9
Jura,2020-12-26,2021-01-01,312.2,10.9
Jura,2020-12-27,2021-01-02,332.0,11.2
Jura,2020-12-28,2021-01-03,334.3,11.2
Jura,2020-12-29,2021-01-04,346.7,10.9
Jura,2020-12-30,2021-01-05,356.4,11.0
Jura,2020-12-31,2021-01-06,337.0,10.6
Jura,2021-01-01,2021-01-07,328.9,10.5
Jura,2021-01-02,2021-01-08,376.6,10.3
Jura,2021-01-03,2021-01-09,363.4,10.2
Jura,2021-01-04,2021-01-10,361.8,10.1
Jura,2021-01-05,2021-01-11,342.8,9.8
Jura,2021-01-06,2021-01-12,327.3,9.7
Jura,2021-01-07,2021-01-13,321.9,9.6
Jura,2021-01-08,2021-01-14,323.8,9.7
Jura,2021-01-09,2021-01-15,320.0,9.8
Jura,2021-01-10,2021-01-16,320.3,9.9
Jura,2021-01-11,2021-01-17,317.6,9.8
Jura,2021-01-12,2021-01-18,312.6,10.1
Jura,2021-01-13,2021-01-19,307.9,9.8
Jura,2021-01-14,2021-01-20,311.4,9.8
Jura,2021-01-15,2021-01-21,311.8,9.6
Jura,2021-01-16,2021-01-22,315.3,9.5
Jura,2021-01-17,2021-01-23,308.3,9.3
Jura,2021-01-18,2021-01-24,310.3,9.4
Jura,2021-01-19,2021-01-25,318.4,9.6
Jura,2021-01-20,2021-01-26,314.5,9.7
Jura,2021-01-21,2021-01-27,306.4,9.6
Jura,2021-01-22,2021-01-28,302.9,9.5
Jura,2021-01-23,2021-01-29,297.8,9.3
Nièvre,2020-05-13,2020-05-19,15.5,3.6
Nièvre,2020-05-14,2020-05-20,16.5,3.8
Nièvre,2020-05-15,2020-05-21,16.5,4.1
Nièvre,2020-05-16,2020-05-22,2.0,0.6
Nièvre,2020-05-17,2020-05-23,2.5,0.8
Nièvre,2020-05-18,2020-05-24,2.5,0.7
Nièvre,2020-05-19,2020-05-25,2.5,0.7
Nièvre,2020-05-20,2020-05-26,3.0,0.9
Nièvre,2020-05-21,2020-05-27,2.0,0.6
Nièvre,2020-05-22,2020-05-28,2.5,0.7
Nièvre,2020-05-23,2020-05-29,3.5,1.0
Nièvre,2020-05-24,2020-05-30,3.0,0.9
Nièvre,2020-05-25,2020-05-31,3.0,0.9
Nièvre,2020-05-26,2020-06-01,2.5,0.9
Nièvre,2020-05-27,2020-06-02,2.5,0.9
Nièvre,2020-05-28,2020-06-03,2.5,1.0
Nièvre,2020-05-29,2020-06-04,2.5,1.0
Nièvre,2020-05-30,2020-06-05,1.5,0.6
Nièvre,2020-05-31,2020-06-06,1.0,0.4
Nièvre,2020-06-01,2020-06-07,1.0,0.4
Nièvre,2020-06-02,2020-06-08,1.0,0.3
Nièvre,2020-06-03,2020-06-09,0.5,0.2
Nièvre,2020-06-04,2020-06-10,1.5,0.5
Nièvre,2020-06-05,2020-06-11,1.0,0.3
Nièvre,2020-06-06,2020-06-12,1.0,0.3
Nièvre,2020-06-07,2020-06-13,1.0,0.3
Nièvre,2020-06-08,2020-06-14,1.0,0.3
Nièvre,2020-06-09,2020-06-15,1.0,0.3
Nièvre,2020-06-10,2020-06-16,1.0,0.3
Nièvre,2020-06-11,2020-06-17,0.0,0.0
Nièvre,2020-06-12,2020-06-18,0.0,0.0
Nièvre,2020-06-13,2020-06-19,0.5,0.1
Nièvre,2020-06-14,2020-06-20,0.5,0.1
Nièvre,2020-06-15,2020-06-21,1.0,0.3
Nièvre,2020-06-16,2020-06-22,1.0,0.3
Nièvre,2020-06-17,2020-06-23,1.0,0.3
Nièvre,2020-06-18,2020-06-24,1.0,0.3
Nièvre,2020-06-19,2020-06-25,1.0,0.3
Nièvre,2020-06-20,2020-06-26,1.0,0.3
Nièvre,2020-06-21,2020-06-27,1.0,0.3
Nièvre,2020-06-22,2020-06-28,0.5,0.1
Nièvre,2020-06-23,2020-06-29,2.0,0.5
Nièvre,2020-06-24,2020-06-30,2.0,0.5
Nièvre,2020-06-25,2020-07-01,6.0,1.2
Nièvre,2020-06-26,2020-07-02,6.5,1.3
Nièvre,2020-06-27,2020-07-03,6.0,1.1
Nièvre,2020-06-28,2020-07-04,9.5,1.6
Nièvre,2020-06-29,2020-07-05,9.5,1.6
Nièvre,2020-06-30,2020-07-06,8.5,1.2
Nièvre,2020-07-01,2020-07-07,8.5,1.1
Nièvre,2020-07-02,2020-07-08,5.5,0.8
Nièvre,2020-07-03,2020-07-09,6.5,1.0
Nièvre,2020-07-04,2020-07-10,6.5,1.1
Nièvre,2020-07-05,2020-07-11,3.0,0.5
Nièvre,2020-07-06,2020-07-12,3.0,0.5
Nièvre,2020-07-07,2020-07-13,3.0,0.6
Nièvre,2020-07-08,2020-07-14,3.0,0.8
Nièvre,2020-07-09,2020-07-15,3.0,0.7
Nièvre,2020-07-10,2020-07-16,2.0,0.5
Nièvre,2020-07-11,2020-07-17,3.0,0.7
Nièvre,2020-07-12,2020-07-18,3.0,0.6
Nièvre,2020-07-13,2020-07-19,3.5,0.6
Nièvre,2020-07-14,2020-07-20,3.0,0.5
Nièvre,2020-07-15,2020-07-21,3.0,0.5
Nièvre,2020-07-16,2020-07-22,2.0,0.3
Nièvre,2020-07-17,2020-07-23,2.0,0.3
Nièvre,2020-07-18,2020-07-24,1.0,0.2
Nièvre,2020-07-19,2020-07-25,1.5,0.3
Nièvre,2020-07-20,2020-07-26,1.5,0.2
Nièvre,2020-07-21,2020-07-27,1.5,0.2
Nièvre,2020-07-22,2020-07-28,2.0,0.3
Nièvre,2020-07-23,2020-07-29,2.0,0.3
Nièvre,2020-07-24,2020-07-30,2.0,0.3
Nièvre,2020-07-25,2020-07-31,2.0,0.3
Nièvre,2020-07-26,2020-08-01,1.5,0.2
Nièvre,2020-07-27,2020-08-02,1.0,0.2
Nièvre,2020-07-28,2020-08-03,2.0,0.3
Nièvre,2020-07-29,2020-08-04,1.5,0.2
Nièvre,2020-07-30,2020-08-05,2.0,0.3
Nièvre,2020-07-31,2020-08-06,2.0,0.3
Nièvre,2020-08-01,2020-08-07,3.0,0.4
Nièvre,2020-08-02,2020-08-08,4.0,0.6
Nièvre,2020-08-03,2020-08-09,4.0,0.6
Nièvre,2020-08-04,2020-08-10,3.0,0.5
Nièvre,2020-08-05,2020-08-11,5.0,0.8
Nièvre,2020-08-06,2020-08-12,5.5,0.9
Nièvre,2020-08-07,2020-08-13,5.0,0.8
Nièvre,2020-08-08,2020-08-14,4.5,0.7
Nièvre,2020-08-09,2020-08-15,4.5,0.7
Nièvre,2020-08-10,2020-08-16,5.0,0.8
Nièvre,2020-08-11,2020-08-17,6.5,0.9
Nièvre,2020-08-12,2020-08-18,5.5,0.7
Nièvre,2020-08-13,2020-08-19,6.5,0.8
Nièvre,2020-08-14,2020-08-20,8.0,1.0
Nièvre,2020-08-15,2020-08-21,10.0,1.1
Nièvre,2020-08-16,2020-08-22,9.0,0.9
Nièvre,2020-08-17,2020-08-23,8.5,0.9
Nièvre,2020-08-18,2020-08-24,12.0,1.2
Nièvre,2020-08-19,2020-08-25,13.5,1.4
Nièvre,2020-08-20,2020-08-26,12.5,1.3
Nièvre,2020-08-21,2020-08-27,14.5,1.4
Nièvre,2020-08-22,2020-08-28,18.5,1.7
Nièvre,2020-08-23,2020-08-29,21.5,1.9
Nièvre,2020-08-24,2020-08-30,22.5,2.0
Nièvre,2020-08-25,2020-08-31,21.0,1.7
Nièvre,2020-08-26,2020-09-01,22.5,1.7
Nièvre,2020-08-27,2020-09-02,23.5,1.7
Nièvre,2020-08-28,2020-09-03,28.1,1.9
Nièvre,2020-08-29,2020-09-04,26.6,1.9
Nièvre,2020-08-30,2020-09-05,24.5,1.8
Nièvre,2020-08-31,2020-09-06,24.0,1.8
Nièvre,2020-09-01,2020-09-07,27.6,2.0
Nièvre,2020-09-02,2020-09-08,28.6,1.9
Nièvre,2020-09-03,2020-09-09,29.1,1.8
Nièvre,2020-09-04,2020-09-10,25.6,1.5
Nièvre,2020-09-05,2020-09-11,26.1,1.4
Nièvre,2020-09-06,2020-09-12,35.6,1.8
Nièvre,2020-09-07,2020-09-13,36.1,1.8
Nièvre,2020-09-08,2020-09-14,39.1,2.0
Nièvre,2020-09-09,2020-09-15,41.6,2.1
Nièvre,2020-09-10,2020-09-16,59.6,3.0
Nièvre,2020-09-11,2020-09-17,64.6,3.4
Nièvre,2020-09-12,2020-09-18,65.6,3.5
Nièvre,2020-09-13,2020-09-19,58.1,3.1
Nièvre,2020-09-14,2020-09-20,57.1,3.1
Nièvre,2020-09-15,2020-09-21,58.6,3.4
Nièvre,2020-09-16,2020-09-22,56.6,3.3
Nièvre,2020-09-17,2020-09-23,44.6,2.6
Nièvre,2020-09-18,2020-09-24,39.6,2.4
Nièvre,2020-09-19,2020-09-25,40.6,2.6
Nièvre,2020-09-20,2020-09-26,38.1,2.5
Nièvre,2020-09-21,2020-09-27,38.6,2.5
Nièvre,2020-09-22,2020-09-28,32.6,2.1
Nièvre,2020-09-23,2020-09-29,32.6,2.3
Nièvre,2020-09-24,2020-09-30,28.6,2.1
Nièvre,2020-09-25,2020-10-01,27.1,2.1
Nièvre,2020-09-26,2020-10-02,24.0,1.9
Nièvre,2020-09-27,2020-10-03,25.6,2.1
Nièvre,2020-09-28,2020-10-04,25.6,2.1
Nièvre,2020-09-29,2020-10-05,26.6,2.2
Nièvre,2020-09-30,2020-10-06,31.1,2.6
Nièvre,2020-10-01,2020-10-07,41.6,3.6
Nièvre,2020-10-02,2020-10-08,48.6,4.2
Nièvre,2020-10-03,2020-10-09,58.6,4.7
Nièvre,2020-10-04,2020-10-10,59.1,4.9
Nièvre,2020-10-05,2020-10-11,61.6,5.1
Nièvre,2020-10-06,2020-10-12,78.2,5.8
Nièvre,2020-10-07,2020-10-13,84.7,6.0
Nièvre,2020-10-08,2020-10-14,95.2,6.2
Nièvre,2020-10-09,2020-10-15,109.2,6.5
Nièvre,2020-10-10,2020-10-16,125.8,7.3
Nièvre,2020-10-11,2020-10-17,138.3,7.8
Nièvre,2020-10-12,2020-10-18,135.8,7.6
Nièvre,2020-10-13,2020-10-19,151.3,8.3
Nièvre,2020-10-14,2020-10-20,176.9,9.0
Nièvre,2020-10-15,2020-10-21,198.9,9.7
Nièvre,2020-10-16,2020-10-22,211.4,10.2
Nièvre,2020-10-17,2020-10-23,210.9,9.8
Nièvre,2020-10-18,2020-10-24,224.0,10.2
Nièvre,2020-10-19,2020-10-25,228.5,10.4
Nièvre,2020-10-20,2020-10-26,265.5,11.4
Nièvre,2020-10-21,2020-10-27,287.6,11.8
Nièvre,2020-10-22,2020-10-28,298.1,11.9
Nièvre,2020-10-23,2020-10-29,328.7,12.7
Nièvre,2020-10-24,2020-10-30,362.2,13.1
Nièvre,2020-10-25,2020-10-31,356.7,12.8
Nièvre,2020-10-26,2020-11-01,361.2,12.9
Nièvre,2020-10-27,2020-11-02,361.2,12.3
Nièvre,2020-10-28,2020-11-03,364.2,12.1
Nièvre,2020-10-29,2020-11-04,371.8,11.7
Nièvre,2020-10-30,2020-11-05,370.2,10.9
Nièvre,2020-10-31,2020-11-06,371.8,10.7
Nièvre,2020-11-01,2020-11-07,366.7,10.6
Nièvre,2020-11-02,2020-11-08,362.7,10.5
Nièvre,2020-11-03,2020-11-09,340.2,9.8
Nièvre,2020-11-04,2020-11-10,320.6,9.4
Nièvre,2020-11-05,2020-11-11,259.0,8.9
Nièvre,2020-11-06,2020-11-12,251.0,8.6
Nièvre,2020-11-07,2020-11-13,221.9,7.9
Nièvre,2020-11-08,2020-11-14,219.9,7.8
Nièvre,2020-11-09,2020-11-15,217.9,7.8
Nièvre,2020-11-10,2020-11-16,207.4,7.7
Nièvre,2020-11-11,2020-11-17,202.9,7.5
Nièvre,2020-11-12,2020-11-18,224.5,7.6
Nièvre,2020-11-13,2020-11-19,198.4,7.4
Nièvre,2020-11-14,2020-11-20,178.4,6.8
Nièvre,2020-11-15,2020-11-21,172.8,6.6
Nièvre,2020-11-16,2020-11-22,171.3,6.6
Nièvre,2020-11-17,2020-11-23,149.3,6.4
Nièvre,2020-11-18,2020-11-24,122.2,5.9
Nièvre,2020-11-19,2020-11-25,115.7,5.9
Nièvre,2020-11-20,2020-11-26,104.7,5.3
Nièvre,2020-11-21,2020-11-27,114.7,6.0
Nièvre,2020-11-22,2020-11-28,116.2,6.0
Nièvre,2020-11-23,2020-11-29,121.2,6.2
Nièvre,2020-11-24,2020-11-30,131.8,6.7
Nièvre,2020-11-25,2020-12-01,129.3,6.6
Nièvre,2020-11-26,2020-12-02,131.3,6.4
Nièvre,2020-11-27,2020-12-03,138.8,6.9
Nièvre,2020-11-28,2020-12-04,145.8,7.1
Nièvre,2020-11-29,2020-12-05,161.3,7.8
Nièvre,2020-11-30,2020-12-06,159.8,7.8
Nièvre,2020-12-01,2020-12-07,161.3,7.9
Nièvre,2020-12-02,2020-12-08,170.3,7.9
Nièvre,2020-12-03,2020-12-09,174.9,7.9
Nièvre,2020-12-04,2020-12-10,171.3,7.5
Nièvre,2020-12-05,2020-12-11,179.4,7.5
Nièvre,2020-12-06,2020-12-12,182.4,7.6
Nièvre,2020-12-07,2020-12-13,180.4,7.5
Nièvre,2020-12-08,2020-12-14,181.9,7.2
Nièvre,2020-12-09,2020-12-15,182.9,6.9
Nièvre,2020-12-10,2020-12-16,185.4,6.7
Nièvre,2020-12-11,2020-12-17,193.9,7.0
Nièvre,2020-12-12,2020-12-18,194.4,6.4
Nièvre,2020-12-13,2020-12-19,180.9,5.8
Nièvre,2020-12-14,2020-12-20,181.9,5.8
Nièvre,2020-12-15,2020-12-21,217.9,6.1
Nièvre,2020-12-16,2020-12-22,230.5,5.8
Nièvre,2020-12-17,2020-12-23,240.0,5.4
Nièvre,2020-12-18,2020-12-24,234.5,5.1
Nièvre,2020-12-19,2020-12-25,192.9,4.9
Nièvre,2020-12-20,2020-12-26,190.4,5.0
Nièvre,2020-12-21,2020-12-27,190.4,5.0
Nièvre,2020-12-22,2020-12-28,177.9,5.1
Nièvre,2020-12-23,2020-12-29,184.9,6.1
Nièvre,2020-12-24,2020-12-30,184.4,7.1
Nièvre,2020-12-25,2020-12-31,191.9,7.8
Nièvre,2020-12-26,2021-01-01,193.4,7.9
Nièvre,2020-12-27,2021-01-02,199.4,8.0
Nièvre,2020-12-28,2021-01-03,199.9,8.1
Nièvre,2020-12-29,2021-01-04,225.5,8.9
Nièvre,2020-12-30,2021-01-05,224.0,8.7
Nièvre,2020-12-31,2021-01-06,234.5,9.5
Nièvre,2021-01-01,2021-01-07,245.0,9.5
Nièvre,2021-01-02,2021-01-08,268.0,8.9
Nièvre,2021-01-03,2021-01-09,264.0,8.6
Nièvre,2021-01-04,2021-01-10,266.5,8.6
Nièvre,2021-01-05,2021-01-11,255.0,8.7
Nièvre,2021-01-06,2021-01-12,249.0,8.3
Nièvre,2021-01-07,2021-01-13,242.0,8.1
Nièvre,2021-01-08,2021-01-14,235.5,7.9
Nièvre,2021-01-09,2021-01-15,259.0,8.2
Nièvre,2021-01-10,2021-01-16,257.5,8.3
Nièvre,2021-01-11,2021-01-17,255.5,8.2
Nièvre,2021-01-12,2021-01-18,238.5,7.6
Nièvre,2021-01-13,2021-01-19,255.0,8.3
Nièvre,2021-01-14,2021-01-20,243.5,8.0
Nièvre,2021-01-15,2021-01-21,235.0,7.6
Nièvre,2021-01-16,2021-01-22,241.0,7.9
Nièvre,2021-01-17,2021-01-23,250.5,8.2
Nièvre,2021-01-18,2021-01-24,249.5,8.2
Nièvre,2021-01-19,2021-01-25,247.5,8.2
Nièvre,2021-01-20,2021-01-26,236.5,7.8
Nièvre,2021-01-21,2021-01-27,237.0,7.6
Nièvre,2021-01-22,2021-01-28,234.5,7.4
Nièvre,2021-01-23,2021-01-29,206.4,6.7
Haute-Saône,2020-05-13,2020-05-19,4.3,1.0
Haute-Saône,2020-05-14,2020-05-20,4.3,0.9
Haute-Saône,2020-05-15,2020-05-21,2.1,0.5
Haute-Saône,2020-05-16,2020-05-22,1.7,0.4
Haute-Saône,2020-05-17,2020-05-23,1.7,0.4
Haute-Saône,2020-05-18,2020-05-24,1.7,0.4
Haute-Saône,2020-05-19,2020-05-25,1.3,0.3
Haute-Saône,2020-05-20,2020-05-26,0.9,0.2
Haute-Saône,2020-05-21,2020-05-27,0.9,0.2
Haute-Saône,2020-05-22,2020-05-28,1.7,0.4
Haute-Saône,2020-05-23,2020-05-29,1.7,0.4
Haute-Saône,2020-05-24,2020-05-30,2.1,0.5
Haute-Saône,2020-05-25,2020-05-31,2.1,0.5
Haute-Saône,2020-05-26,2020-06-01,2.1,0.5
Haute-Saône,2020-05-27,2020-06-02,3.0,0.8
Haute-Saône,2020-05-28,2020-06-03,3.9,1.0
Haute-Saône,2020-05-29,2020-06-04,3.0,0.8
Haute-Saône,2020-05-30,2020-06-05,2.6,0.8
Haute-Saône,2020-05-31,2020-06-06,2.6,0.7
Haute-Saône,2020-06-01,2020-06-07,2.6,0.7
Haute-Saône,2020-06-02,2020-06-08,2.6,0.6
Haute-Saône,2020-06-03,2020-06-09,2.1,0.5
Haute-Saône,2020-06-04,2020-06-10,1.3,0.3
Haute-Saône,2020-06-05,2020-06-11,2.1,0.5
Haute-Saône,2020-06-06,2020-06-12,2.6,0.6
Haute-Saône,2020-06-07,2020-06-13,2.1,0.5
Haute-Saône,2020-06-08,2020-06-14,2.1,0.5
Haute-Saône,2020-06-09,2020-06-15,2.1,0.6
Haute-Saône,2020-06-10,2020-06-16,1.7,0.5
Haute-Saône,2020-06-11,2020-06-17,1.7,0.5
Haute-Saône,2020-06-12,2020-06-18,0.9,0.2
Haute-Saône,2020-06-13,2020-06-19,0.9,0.2
Haute-Saône,2020-06-14,2020-06-20,0.9,0.2
Haute-Saône,2020-06-15,2020-06-21,0.9,0.2
Haute-Saône,2020-06-16,2020-06-22,0.9,0.2
Haute-Saône,2020-06-17,2020-06-23,0.9,0.2
Haute-Saône,2020-06-18,2020-06-24,0.4,0.1
Haute-Saône,2020-06-19,2020-06-25,0.4,0.1
Haute-Saône,2020-06-20,2020-06-26,0.0,0.0
Haute-Saône,2020-06-21,2020-06-27,0.0,0.0
Haute-Saône,2020-06-22,2020-06-28,0.0,0.0
Haute-Saône,2020-06-23,2020-06-29,0.0,0.0
Haute-Saône,2020-06-24,2020-06-30,0.0,0.0
Haute-Saône,2020-06-25,2020-07-01,0.0,0.0
Haute-Saône,2020-06-26,2020-07-02,0.0,0.0
Haute-Saône,2020-06-27,2020-07-03,0.0,0.0
Haute-Saône,2020-06-28,2020-07-04,0.0,0.0
Haute-Saône,2020-06-29,2020-07-05,0.4,0.1
Haute-Saône,2020-06-30,2020-07-06,0.4,0.1
Haute-Saône,2020-07-01,2020-07-07,0.9,0.2
Haute-Saône,2020-07-02,2020-07-08,0.9,0.2
Haute-Saône,2020-07-03,2020-07-09,0.9,0.2
Haute-Saône,2020-07-04,2020-07-10,0.9,0.2
Haute-Saône,2020-07-05,2020-07-11,0.9,0.2
Haute-Saône,2020-07-06,2020-07-12,0.9,0.2
Haute-Saône,2020-07-07,2020-07-13,0.9,0.2
Haute-Saône,2020-07-08,2020-07-14,0.4,0.1
Haute-Saône,2020-07-09,2020-07-15,0.9,0.2
Haute-Saône,2020-07-10,2020-07-16,0.9,0.2
Haute-Saône,2020-07-11,2020-07-17,0.9,0.2
Haute-Saône,2020-07-12,2020-07-18,0.9,0.2
Haute-Saône,2020-07-13,2020-07-19,0.4,0.1
Haute-Saône,2020-07-14,2020-07-20,0.4,0.1
Haute-Saône,2020-07-15,2020-07-21,1.3,0.2
Haute-Saône,2020-07-16,2020-07-22,0.9,0.1
Haute-Saône,2020-07-17,2020-07-23,0.9,0.1
Haute-Saône,2020-07-18,2020-07-24,2.1,0.4
Haute-Saône,2020-07-19,2020-07-25,2.1,0.4
Haute-Saône,2020-07-20,2020-07-26,2.1,0.4
Haute-Saône,2020-07-21,2020-07-27,2.6,0.4
Haute-Saône,2020-07-22,2020-07-28,1.7,0.3
Haute-Saône,2020-07-23,2020-07-29,2.1,0.4
Haute-Saône,2020-07-24,2020-07-30,3.0,0.5
Haute-Saône,2020-07-25,2020-07-31,3.0,0.5
Haute-Saône,2020-07-26,2020-08-01,3.4,0.6
Haute-Saône,2020-07-27,2020-08-02,3.4,0.6
Haute-Saône,2020-07-28,2020-08-03,5.1,0.8
Haute-Saône,2020-07-29,2020-08-04,6.9,1.1
Haute-Saône,2020-07-30,2020-08-05,7.3,1.2
Haute-Saône,2020-07-31,2020-08-06,8.1,1.3
Haute-Saône,2020-08-01,2020-08-07,11.1,1.8
Haute-Saône,2020-08-02,2020-08-08,12.0,1.9
Haute-Saône,2020-08-03,2020-08-09,12.0,1.9
Haute-Saône,2020-08-04,2020-08-10,13.3,2.1
Haute-Saône,2020-08-05,2020-08-11,14.2,2.2
Haute-Saône,2020-08-06,2020-08-12,13.7,2.1
Haute-Saône,2020-08-07,2020-08-13,13.3,1.9
Haute-Saône,2020-08-08,2020-08-14,12.0,1.6
Haute-Saône,2020-08-09,2020-08-15,11.1,1.6
Haute-Saône,2020-08-10,2020-08-16,12.4,1.7
Haute-Saône,2020-08-11,2020-08-17,13.3,1.7
Haute-Saône,2020-08-12,2020-08-18,12.9,1.6
Haute-Saône,2020-08-13,2020-08-19,13.7,1.7
Haute-Saône,2020-08-14,2020-08-20,14.2,1.6
Haute-Saône,2020-08-15,2020-08-21,12.0,1.3
Haute-Saône,2020-08-16,2020-08-22,13.3,1.4
Haute-Saône,2020-08-17,2020-08-23,12.0,1.2
Haute-Saône,2020-08-18,2020-08-24,10.3,1.0
Haute-Saône,2020-08-19,2020-08-25,10.3,0.9
Haute-Saône,2020-08-20,2020-08-26,9.0,0.8
Haute-Saône,2020-08-21,2020-08-27,11.1,1.0
Haute-Saône,2020-08-22,2020-08-28,13.7,1.1
Haute-Saône,2020-08-23,2020-08-29,15.9,1.2
Haute-Saône,2020-08-24,2020-08-30,15.9,1.2
Haute-Saône,2020-08-25,2020-08-31,17.6,1.4
Haute-Saône,2020-08-26,2020-09-01,18.9,1.6
Haute-Saône,2020-08-27,2020-09-02,23.2,1.8
Haute-Saône,2020-08-28,2020-09-03,21.0,1.6
Haute-Saône,2020-08-29,2020-09-04,21.9,1.7
Haute-Saône,2020-08-30,2020-09-05,23.2,1.8
Haute-Saône,2020-08-31,2020-09-06,23.2,1.8
Haute-Saône,2020-09-01,2020-09-07,23.2,1.8
Haute-Saône,2020-09-02,2020-09-08,24.9,1.8
Haute-Saône,2020-09-03,2020-09-09,24.0,1.6
Haute-Saône,2020-09-04,2020-09-10,25.7,1.6
Haute-Saône,2020-09-05,2020-09-11,22.3,1.3
Haute-Saône,2020-09-06,2020-09-12,19.7,1.2
Haute-Saône,2020-09-07,2020-09-13,21.0,1.2
Haute-Saône,2020-09-08,2020-09-14,19.3,1.1
Haute-Saône,2020-09-09,2020-09-15,18.0,1.0
Haute-Saône,2020-09-10,2020-09-16,17.2,1.0
Haute-Saône,2020-09-11,2020-09-17,16.3,1.0
Haute-Saône,2020-09-12,2020-09-18,21.0,1.3
Haute-Saône,2020-09-13,2020-09-19,19.7,1.3
Haute-Saône,2020-09-14,2020-09-20,18.4,1.2
Haute-Saône,2020-09-15,2020-09-21,20.2,1.4
Haute-Saône,2020-09-16,2020-09-22,20.6,1.5
Haute-Saône,2020-09-17,2020-09-23,20.2,1.6
Haute-Saône,2020-09-18,2020-09-24,20.2,1.6
Haute-Saône,2020-09-19,2020-09-25,18.4,1.5
Haute-Saône,2020-09-20,2020-09-26,21.0,1.8
Haute-Saône,2020-09-21,2020-09-27,21.9,1.9
Haute-Saône,2020-09-22,2020-09-28,22.7,2.0
Haute-Saône,2020-09-23,2020-09-29,22.3,2.0
Haute-Saône,2020-09-24,2020-09-30,25.3,2.3
Haute-Saône,2020-09-25,2020-10-01,27.9,2.5
Haute-Saône,2020-09-26,2020-10-02,29.6,2.6
Haute-Saône,2020-09-27,2020-10-03,30.0,2.6
Haute-Saône,2020-09-28,2020-10-04,30.4,2.7
Haute-Saône,2020-09-29,2020-10-05,32.6,2.9
Haute-Saône,2020-09-30,2020-10-06,36.0,3.2
Haute-Saône,2020-10-01,2020-10-07,41.2,3.5
Haute-Saône,2020-10-02,2020-10-08,46.7,3.9
Haute-Saône,2020-10-03,2020-10-09,48.9,3.9
Haute-Saône,2020-10-04,2020-10-10,52.7,4.2
Haute-Saône,2020-10-05,2020-10-11,52.3,4.2
Haute-Saône,2020-10-06,2020-10-12,63.9,5.0
Haute-Saône,2020-10-07,2020-10-13,75.0,5.5
Haute-Saône,2020-10-08,2020-10-14,80.6,5.5
Haute-Saône,2020-10-09,2020-10-15,89.2,5.7
Haute-Saône,2020-10-10,2020-10-16,99.1,6.1
Haute-Saône,2020-10-11,2020-10-17,101.6,6.1
Haute-Saône,2020-10-12,2020-10-18,101.2,6.0
Haute-Saône,2020-10-13,2020-10-19,108.5,5.9
Haute-Saône,2020-10-14,2020-10-20,130.4,6.8
Haute-Saône,2020-10-15,2020-10-21,153.5,7.8
Haute-Saône,2020-10-16,2020-10-22,178.0,8.9
Haute-Saône,2020-10-17,2020-10-23,223.4,10.6
Haute-Saône,2020-10-18,2020-10-24,241.9,11.2
Haute-Saône,2020-10-19,2020-10-25,244.4,11.2
Haute-Saône,2020-10-20,2020-10-26,301.9,13.2
Haute-Saône,2020-10-21,2020-10-27,324.2,13.8
Haute-Saône,2020-10-22,2020-10-28,357.6,14.7
Haute-Saône,2020-10-23,2020-10-29,373.1,14.5
Haute-Saône,2020-10-24,2020-10-30,391.1,14.3
Haute-Saône,2020-10-25,2020-10-31,418.5,14.9
Haute-Saône,2020-10-26,2020-11-01,422.0,15.0
Haute-Saône,2020-10-27,2020-11-02,443.0,15.0
Haute-Saône,2020-10-28,2020-11-03,480.7,15.4
Haute-Saône,2020-10-29,2020-11-04,480.7,14.6
Haute-Saône,2020-10-30,2020-11-05,512.4,15.2
Haute-Saône,2020-10-31,2020-11-06,502.6,14.9
Haute-Saône,2020-11-01,2020-11-07,480.7,14.5
Haute-Saône,2020-11-02,2020-11-08,481.6,14.6
Haute-Saône,2020-11-03,2020-11-09,479.0,14.8
Haute-Saône,2020-11-04,2020-11-10,454.1,14.2
Haute-Saône,2020-11-05,2020-11-11,383.8,14.3
Haute-Saône,2020-11-06,2020-11-12,364.5,13.1
Haute-Saône,2020-11-07,2020-11-13,349.1,12.6
Haute-Saône,2020-11-08,2020-11-14,332.8,12.1
Haute-Saône,2020-11-09,2020-11-15,329.8,12.0
Haute-Saône,2020-11-10,2020-11-16,283.9,10.6
Haute-Saône,2020-11-11,2020-11-17,260.7,10.4
Haute-Saône,2020-11-12,2020-11-18,293.7,10.4
Haute-Saône,2020-11-13,2020-11-19,265.4,10.3
Haute-Saône,2020-11-14,2020-11-20,244.0,10.0
Haute-Saône,2020-11-15,2020-11-21,237.1,9.9
Haute-Saône,2020-11-16,2020-11-22,235.0,9.8
Haute-Saône,2020-11-17,2020-11-23,208.8,9.3
Haute-Saône,2020-11-18,2020-11-24,185.7,8.5
Haute-Saône,2020-11-19,2020-11-25,178.8,8.3
Haute-Saône,2020-11-20,2020-11-26,170.2,8.1
Haute-Saône,2020-11-21,2020-11-27,155.2,7.7
Haute-Saône,2020-11-22,2020-11-28,159.5,8.0
Haute-Saône,2020-11-23,2020-11-29,160.4,8.1
Haute-Saône,2020-11-24,2020-11-30,159.5,8.0
Haute-Saône,2020-11-25,2020-12-01,163.0,8.6
Haute-Saône,2020-11-26,2020-12-02,174.1,9.3
Haute-Saône,2020-11-27,2020-12-03,171.5,9.2
Haute-Saône,2020-11-28,2020-12-04,179.7,9.6
Haute-Saône,2020-11-29,2020-12-05,176.7,9.3
Haute-Saône,2020-11-30,2020-12-06,175.8,9.3
Haute-Saône,2020-12-01,2020-12-07,181.8,9.4
Haute-Saône,2020-12-02,2020-12-08,175.8,8.9
Haute-Saône,2020-12-03,2020-12-09,170.7,8.2
Haute-Saône,2020-12-04,2020-12-10,184.8,8.3
Haute-Saône,2020-12-05,2020-12-11,186.5,8.1
Haute-Saône,2020-12-06,2020-12-12,196.0,8.3
Haute-Saône,2020-12-07,2020-12-13,196.4,8.3
Haute-Saône,2020-12-08,2020-12-14,214.4,8.6
Haute-Saône,2020-12-09,2020-12-15,220.0,8.1
Haute-Saône,2020-12-10,2020-12-16,256.9,9.2
Haute-Saône,2020-12-11,2020-12-17,260.3,9.1
Haute-Saône,2020-12-12,2020-12-18,270.2,8.7
Haute-Saône,2020-12-13,2020-12-19,268.4,8.2
Haute-Saône,2020-12-14,2020-12-20,268.0,8.2
Haute-Saône,2020-12-15,2020-12-21,274.9,7.5
Haute-Saône,2020-12-16,2020-12-22,299.3,7.3
Haute-Saône,2020-12-17,2020-12-23,278.7,6.2
Haute-Saône,2020-12-18,2020-12-24,259.4,5.6
Haute-Saône,2020-12-19,2020-12-25,223.8,5.6
Haute-Saône,2020-12-20,2020-12-26,241.4,6.1
Haute-Saône,2020-12-21,2020-12-27,241.0,6.1
Haute-Saône,2020-12-22,2020-12-28,253.9,7.0
Haute-Saône,2020-12-23,2020-12-29,247.4,7.9
Haute-Saône,2020-12-24,2020-12-30,252.2,9.3
Haute-Saône,2020-12-25,2020-12-31,275.7,10.6
Haute-Saône,2020-12-26,2021-01-01,274.4,10.6
Haute-Saône,2020-12-27,2021-01-02,284.3,10.5
Haute-Saône,2020-12-28,2021-01-03,287.3,10.7
Haute-Saône,2020-12-29,2021-01-04,282.2,10.0
Haute-Saône,2020-12-30,2021-01-05,291.2,9.8
Haute-Saône,2020-12-31,2021-01-06,292.0,9.8
Haute-Saône,2021-01-01,2021-01-07,280.9,9.1
Haute-Saône,2021-01-02,2021-01-08,313.9,8.8
Haute-Saône,2021-01-03,2021-01-09,309.2,9.0
Haute-Saône,2021-01-04,2021-01-10,306.6,9.0
Haute-Saône,2021-01-05,2021-01-11,295.9,9.2
Haute-Saône,2021-01-06,2021-01-12,272.7,8.9
Haute-Saône,2021-01-07,2021-01-13,255.2,8.7
Haute-Saône,2021-01-08,2021-01-14,255.2,9.3
Haute-Saône,2021-01-09,2021-01-15,267.6,9.7
Haute-Saône,2021-01-10,2021-01-16,255.2,9.3
Haute-Saône,2021-01-11,2021-01-17,256.9,9.4
Haute-Saône,2021-01-12,2021-01-18,256.4,9.7
Haute-Saône,2021-01-13,2021-01-19,259.9,9.6
Haute-Saône,2021-01-14,2021-01-20,258.2,9.4
Haute-Saône,2021-01-15,2021-01-21,254.3,9.3
Haute-Saône,2021-01-16,2021-01-22,249.1,9.0
Haute-Saône,2021-01-17,2021-01-23,250.4,9.0
Haute-Saône,2021-01-18,2021-01-24,248.3,9.0
Haute-Saône,2021-01-19,2021-01-25,254.7,9.0
Haute-Saône,2021-01-20,2021-01-26,251.3,9.0
Haute-Saône,2021-01-21,2021-01-27,247.4,8.7
Haute-Saône,2021-01-22,2021-01-28,245.7,8.3
Haute-Saône,2021-01-23,2021-01-29,238.9,8.0
Saône-et-Loire,2020-05-13,2020-05-19,9.9,2.0
Saône-et-Loire,2020-05-14,2020-05-20,10.2,1.9
Saône-et-Loire,2020-05-15,2020-05-21,7.5,1.6
Saône-et-Loire,2020-05-16,2020-05-22,7.1,1.6
Saône-et-Loire,2020-05-17,2020-05-23,7.1,1.6
Saône-et-Loire,2020-05-18,2020-05-24,6.6,1.5
Saône-et-Loire,2020-05-19,2020-05-25,6.0,1.3
Saône-et-Loire,2020-05-20,2020-05-26,5.7,1.2
Saône-et-Loire,2020-05-21,2020-05-27,4.6,1.1
Saône-et-Loire,2020-05-22,2020-05-28,4.7,1.0
Saône-et-Loire,2020-05-23,2020-05-29,3.7,0.8
Saône-et-Loire,2020-05-24,2020-05-30,3.3,0.8
Saône-et-Loire,2020-05-25,2020-05-31,3.5,0.8
Saône-et-Loire,2020-05-26,2020-06-01,1.5,0.4
Saône-et-Loire,2020-05-27,2020-06-02,1.6,0.5
Saône-et-Loire,2020-05-28,2020-06-03,1.8,0.5
Saône-et-Loire,2020-05-29,2020-06-04,1.6,0.5
Saône-et-Loire,2020-05-30,2020-06-05,2.2,0.7
Saône-et-Loire,2020-05-31,2020-06-06,2.0,0.6
Saône-et-Loire,2020-06-01,2020-06-07,1.8,0.6
Saône-et-Loire,2020-06-02,2020-06-08,2.0,0.6
Saône-et-Loire,2020-06-03,2020-06-09,1.5,0.4
Saône-et-Loire,2020-06-04,2020-06-10,1.5,0.4
Saône-et-Loire,2020-06-05,2020-06-11,1.5,0.4
Saône-et-Loire,2020-06-06,2020-06-12,0.9,0.3
Saône-et-Loire,2020-06-07,2020-06-13,0.9,0.3
Saône-et-Loire,2020-06-08,2020-06-14,1.1,0.3
Saône-et-Loire,2020-06-09,2020-06-15,0.9,0.3
Saône-et-Loire,2020-06-10,2020-06-16,1.1,0.3
Saône-et-Loire,2020-06-11,2020-06-17,0.7,0.2
Saône-et-Loire,2020-06-12,2020-06-18,0.9,0.3
Saône-et-Loire,2020-06-13,2020-06-19,1.1,0.4
Saône-et-Loire,2020-06-14,2020-06-20,1.1,0.4
Saône-et-Loire,2020-06-15,2020-06-21,1.1,0.4
Saône-et-Loire,2020-06-16,2020-06-22,0.9,0.3
Saône-et-Loire,2020-06-17,2020-06-23,0.7,0.2
Saône-et-Loire,2020-06-18,2020-06-24,0.9,0.3
Saône-et-Loire,2020-06-19,2020-06-25,0.9,0.3
Saône-et-Loire,2020-06-20,2020-06-26,0.7,0.2
Saône-et-Loire,2020-06-21,2020-06-27,1.5,0.5
Saône-et-Loire,2020-06-22,2020-06-28,1.5,0.4
Saône-et-Loire,2020-06-23,2020-06-29,2.0,0.7
Saône-et-Loire,2020-06-24,2020-06-30,2.9,0.9
Saône-et-Loire,2020-06-25,2020-07-01,2.9,0.8
Saône-et-Loire,2020-06-26,2020-07-02,3.3,0.9
Saône-et-Loire,2020-06-27,2020-07-03,3.5,0.9
Saône-et-Loire,2020-06-28,2020-07-04,2.9,0.8
Saône-et-Loire,2020-06-29,2020-07-05,2.7,0.7
Saône-et-Loire,2020-06-30,2020-07-06,2.7,0.7
Saône-et-Loire,2020-07-01,2020-07-07,2.4,0.6
Saône-et-Loire,2020-07-02,2020-07-08,3.1,0.7
Saône-et-Loire,2020-07-03,2020-07-09,2.6,0.6
Saône-et-Loire,2020-07-04,2020-07-10,2.7,0.6
Saône-et-Loire,2020-07-05,2020-07-11,2.6,0.6
Saône-et-Loire,2020-07-06,2020-07-12,2.6,0.6
Saône-et-Loire,2020-07-07,2020-07-13,2.6,0.6
Saône-et-Loire,2020-07-08,2020-07-14,2.0,0.6
Saône-et-Loire,2020-07-09,2020-07-15,1.5,0.4
Saône-et-Loire,2020-07-10,2020-07-16,1.8,0.5
Saône-et-Loire,2020-07-11,2020-07-17,1.5,0.3
Saône-et-Loire,2020-07-12,2020-07-18,1.5,0.3
Saône-et-Loire,2020-07-13,2020-07-19,1.5,0.3
Saône-et-Loire,2020-07-14,2020-07-20,0.9,0.2
Saône-et-Loire,2020-07-15,2020-07-21,1.1,0.2
Saône-et-Loire,2020-07-16,2020-07-22,1.1,0.2
Saône-et-Loire,2020-07-17,2020-07-23,0.9,0.2
Saône-et-Loire,2020-07-18,2020-07-24,0.9,0.2
Saône-et-Loire,2020-07-19,2020-07-25,1.3,0.2
Saône-et-Loire,2020-07-20,2020-07-26,1.5,0.3
Saône-et-Loire,2020-07-21,2020-07-27,2.6,0.5
Saône-et-Loire,2020-07-22,2020-07-28,2.6,0.5
Saône-et-Loire,2020-07-23,2020-07-29,2.6,0.5
Saône-et-Loire,2020-07-24,2020-07-30,3.1,0.6
Saône-et-Loire,2020-07-25,2020-07-31,2.9,0.6
Saône-et-Loire,2020-07-26,2020-08-01,2.7,0.6
Saône-et-Loire,2020-07-27,2020-08-02,2.7,0.6
Saône-et-Loire,2020-07-28,2020-08-03,1.8,0.4
Saône-et-Loire,2020-07-29,2020-08-04,2.0,0.4
Saône-et-Loire,2020-07-30,2020-08-05,2.4,0.5
Saône-et-Loire,2020-07-31,2020-08-06,1.6,0.3
Saône-et-Loire,2020-08-01,2020-08-07,2.2,0.4
Saône-et-Loire,2020-08-02,2020-08-08,2.6,0.5
Saône-et-Loire,2020-08-03,2020-08-09,2.6,0.5
Saône-et-Loire,2020-08-04,2020-08-10,3.5,0.7
Saône-et-Loire,2020-08-05,2020-08-11,4.2,0.9
Saône-et-Loire,2020-08-06,2020-08-12,4.4,0.9
Saône-et-Loire,2020-08-07,2020-08-13,6.2,1.2
Saône-et-Loire,2020-08-08,2020-08-14,7.3,1.4
Saône-et-Loire,2020-08-09,2020-08-15,6.9,1.3
Saône-et-Loire,2020-08-10,2020-08-16,7.7,1.5
Saône-et-Loire,2020-08-11,2020-08-17,10.4,1.9
Saône-et-Loire,2020-08-12,2020-08-18,12.2,2.1
Saône-et-Loire,2020-08-13,2020-08-19,15.5,2.7
Saône-et-Loire,2020-08-14,2020-08-20,15.2,2.4
Saône-et-Loire,2020-08-15,2020-08-21,15.3,2.2
Saône-et-Loire,2020-08-16,2020-08-22,16.1,2.1
Saône-et-Loire,2020-08-17,2020-08-23,16.2,2.1
Saône-et-Loire,2020-08-18,2020-08-24,16.8,2.0
Saône-et-Loire,2020-08-19,2020-08-25,17.7,2.0
Saône-et-Loire,2020-08-20,2020-08-26,16.1,1.7
Saône-et-Loire,2020-08-21,2020-08-27,19.3,2.0
Saône-et-Loire,2020-08-22,2020-08-28,20.6,2.1
Saône-et-Loire,2020-08-23,2020-08-29,20.8,2.2
Saône-et-Loire,2020-08-24,2020-08-30,20.3,2.1
Saône-et-Loire,2020-08-25,2020-08-31,22.1,2.3
Saône-et-Loire,2020-08-26,2020-09-01,25.0,2.5
Saône-et-Loire,2020-08-27,2020-09-02,28.7,2.7
Saône-et-Loire,2020-08-28,2020-09-03,31.4,2.7
Saône-et-Loire,2020-08-29,2020-09-04,38.0,3.1
Saône-et-Loire,2020-08-30,2020-09-05,42.0,3.3
Saône-et-Loire,2020-08-31,2020-09-06,42.2,3.3
Saône-et-Loire,2020-09-01,2020-09-07,46.5,3.4
Saône-et-Loire,2020-09-02,2020-09-08,47.3,3.3
Saône-et-Loire,2020-09-03,2020-09-09,48.7,3.3
Saône-et-Loire,2020-09-04,2020-09-10,49.1,3.3
Saône-et-Loire,2020-09-05,2020-09-11,53.5,3.4
Saône-et-Loire,2020-09-06,2020-09-12,51.5,3.3
Saône-et-Loire,2020-09-07,2020-09-13,52.2,3.3
Saône-et-Loire,2020-09-08,2020-09-14,57.5,3.4
Saône-et-Loire,2020-09-09,2020-09-15,58.4,3.3
Saône-et-Loire,2020-09-10,2020-09-16,62.2,3.4
Saône-et-Loire,2020-09-11,2020-09-17,69.5,3.8
Saône-et-Loire,2020-09-12,2020-09-18,65.9,3.6
Saône-et-Loire,2020-09-13,2020-09-19,65.2,3.5
Saône-et-Loire,2020-09-14,2020-09-20,65.2,3.5
Saône-et-Loire,2020-09-15,2020-09-21,63.5,3.5
Saône-et-Loire,2020-09-16,2020-09-22,68.1,3.9
Saône-et-Loire,2020-09-17,2020-09-23,66.6,3.8
Saône-et-Loire,2020-09-18,2020-09-24,64.4,3.8
Saône-et-Loire,2020-09-19,2020-09-25,67.2,4.0
Saône-et-Loire,2020-09-20,2020-09-26,69.4,4.2
Saône-et-Loire,2020-09-21,2020-09-27,69.5,4.2
Saône-et-Loire,2020-09-22,2020-09-28,69.5,4.3
Saône-et-Loire,2020-09-23,2020-09-29,69.0,4.4
Saône-et-Loire,2020-09-24,2020-09-30,76.5,5.0
Saône-et-Loire,2020-09-25,2020-10-01,84.9,5.7
Saône-et-Loire,2020-09-26,2020-10-02,98.8,6.6
Saône-et-Loire,2020-09-27,2020-10-03,102.6,6.7
Saône-et-Loire,2020-09-28,2020-10-04,102.4,6.7
Saône-et-Loire,2020-09-29,2020-10-05,120.1,7.6
Saône-et-Loire,2020-09-30,2020-10-06,132.7,8.1
Saône-et-Loire,2020-10-01,2020-10-07,149.5,8.6
Saône-et-Loire,2020-10-02,2020-10-08,159.2,8.7
Saône-et-Loire,2020-10-03,2020-10-09,182.0,9.1
Saône-et-Loire,2020-10-04,2020-10-10,186.2,9.0
Saône-et-Loire,2020-10-05,2020-10-11,186.2,9.0
Saône-et-Loire,2020-10-06,2020-10-12,219.2,9.8
Saône-et-Loire,2020-10-07,2020-10-13,252.8,10.8
Saône-et-Loire,2020-10-08,2020-10-14,273.1,11.2
Saône-et-Loire,2020-10-09,2020-10-15,304.1,11.4
Saône-et-Loire,2020-10-10,2020-10-16,331.3,12.0
Saône-et-Loire,2020-10-11,2020-10-17,340.8,12.2
Saône-et-Loire,2020-10-12,2020-10-18,343.4,12.4
Saône-et-Loire,2020-10-13,2020-10-19,365.4,12.6
Saône-et-Loire,2020-10-14,2020-10-20,396.1,12.9
Saône-et-Loire,2020-10-15,2020-10-21,447.2,13.9
Saône-et-Loire,2020-10-16,2020-10-22,500.3,15.0
Saône-et-Loire,2020-10-17,2020-10-23,545.6,15.9
Saône-et-Loire,2020-10-18,2020-10-24,574.6,16.5
Saône-et-Loire,2020-10-19,2020-10-25,584.3,16.7
Saône-et-Loire,2020-10-20,2020-10-26,657.1,18.1
Saône-et-Loire,2020-10-21,2020-10-27,727.8,19.2
Saône-et-Loire,2020-10-22,2020-10-28,748.6,19.3
Saône-et-Loire,2020-10-23,2020-10-29,739.5,19.2
Saône-et-Loire,2020-10-24,2020-10-30,738.9,18.9
Saône-et-Loire,2020-10-25,2020-10-31,733.3,18.9
Saône-et-Loire,2020-10-26,2020-11-01,730.2,18.8
Saône-et-Loire,2020-10-27,2020-11-02,736.6,18.8
Saône-et-Loire,2020-10-28,2020-11-03,717.9,18.5
Saône-et-Loire,2020-10-29,2020-11-04,718.5,18.6
Saône-et-Loire,2020-10-30,2020-11-05,729.1,18.3
Saône-et-Loire,2020-10-31,2020-11-06,718.8,17.8
Saône-et-Loire,2020-11-01,2020-11-07,712.6,17.5
Saône-et-Loire,2020-11-02,2020-11-08,710.8,17.4
Saône-et-Loire,2020-11-03,2020-11-09,647.5,16.4
Saône-et-Loire,2020-11-04,2020-11-10,606.0,15.7
Saône-et-Loire,2020-11-05,2020-11-11,485.6,14.8
Saône-et-Loire,2020-11-06,2020-11-12,455.3,14.2
Saône-et-Loire,2020-11-07,2020-11-13,412.0,13.5
Saône-et-Loire,2020-11-08,2020-11-14,391.4,13.1
Saône-et-Loire,2020-11-09,2020-11-15,387.9,13.0
Saône-et-Loire,2020-11-10,2020-11-16,354.1,12.9
Saône-et-Loire,2020-11-11,2020-11-17,310.9,12.2
Saône-et-Loire,2020-11-12,2020-11-18,343.9,12.1
Saône-et-Loire,2020-11-13,2020-11-19,290.4,11.3
Saône-et-Loire,2020-11-14,2020-11-20,257.2,10.7
Saône-et-Loire,2020-11-15,2020-11-21,250.6,10.5
Saône-et-Loire,2020-11-16,2020-11-22,249.7,10.4
Saône-et-Loire,2020-11-17,2020-11-23,226.7,9.8
Saône-et-Loire,2020-11-18,2020-11-24,203.0,9.5
Saône-et-Loire,2020-11-19,2020-11-25,192.8,9.0
Saône-et-Loire,2020-11-20,2020-11-26,188.7,9.1
Saône-et-Loire,2020-11-21,2020-11-27,178.9,8.6
Saône-et-Loire,2020-11-22,2020-11-28,177.1,8.6
Saône-et-Loire,2020-11-23,2020-11-29,175.8,8.6
Saône-et-Loire,2020-11-24,2020-11-30,169.0,8.5
Saône-et-Loire,2020-11-25,2020-12-01,160.8,8.2
Saône-et-Loire,2020-11-26,2020-12-02,153.3,8.2
Saône-et-Loire,2020-11-27,2020-12-03,152.2,8.1
Saône-et-Loire,2020-11-28,2020-12-04,158.3,8.2
Saône-et-Loire,2020-11-29,2020-12-05,160.8,8.3
Saône-et-Loire,2020-11-30,2020-12-06,162.3,8.3
Saône-et-Loire,2020-12-01,2020-12-07,156.1,8.0
Saône-et-Loire,2020-12-02,2020-12-08,163.7,8.3
Saône-et-Loire,2020-12-03,2020-12-09,171.8,8.5
Saône-et-Loire,2020-12-04,2020-12-10,173.4,8.5
Saône-et-Loire,2020-12-05,2020-12-11,173.4,8.3
Saône-et-Loire,2020-12-06,2020-12-12,177.4,8.4
Saône-et-Loire,2020-12-07,2020-12-13,178.3,8.5
Saône-et-Loire,2020-12-08,2020-12-14,188.6,8.7
Saône-et-Loire,2020-12-09,2020-12-15,196.0,8.6
Saône-et-Loire,2020-12-10,2020-12-16,197.9,8.2
Saône-et-Loire,2020-12-11,2020-12-17,212.3,8.3
Saône-et-Loire,2020-12-12,2020-12-18,215.6,7.9
Saône-et-Loire,2020-12-13,2020-12-19,219.6,7.7
Saône-et-Loire,2020-12-14,2020-12-20,218.0,7.6
Saône-et-Loire,2020-12-15,2020-12-21,227.8,7.1
Saône-et-Loire,2020-12-16,2020-12-22,231.8,6.4
Saône-et-Loire,2020-12-17,2020-12-23,230.5,5.8
Saône-et-Loire,2020-12-18,2020-12-24,216.7,5.1
Saône-et-Loire,2020-12-19,2020-12-25,185.8,5.1
Saône-et-Loire,2020-12-20,2020-12-26,179.4,4.9
Saône-et-Loire,2020-12-21,2020-12-27,181.1,5.0
Saône-et-Loire,2020-12-22,2020-12-28,173.4,5.3
Saône-et-Loire,2020-12-23,2020-12-29,173.8,5.9
Saône-et-Loire,2020-12-24,2020-12-30,177.4,6.7
Saône-et-Loire,2020-12-25,2020-12-31,184.5,7.4
Saône-et-Loire,2020-12-26,2021-01-01,185.1,7.5
Saône-et-Loire,2020-12-27,2021-01-02,199.5,7.9
Saône-et-Loire,2020-12-28,2021-01-03,199.5,7.9
Saône-et-Loire,2020-12-29,2021-01-04,216.1,8.1
Saône-et-Loire,2020-12-30,2021-01-05,221.6,8.0
Saône-et-Loire,2020-12-31,2021-01-06,227.3,8.6
Saône-et-Loire,2021-01-01,2021-01-07,231.3,8.7
Saône-et-Loire,2021-01-02,2021-01-08,273.4,8.7
Saône-et-Loire,2021-01-03,2021-01-09,266.5,8.7
Saône-et-Loire,2021-01-04,2021-01-10,264.9,8.7
Saône-et-Loire,2021-01-05,2021-01-11,266.7,8.9
Saône-et-Loire,2021-01-06,2021-01-12,252.6,8.6
Saône-et-Loire,2021-01-07,2021-01-13,249.5,8.6
Saône-et-Loire,2021-01-08,2021-01-14,246.2,8.6
Saône-et-Loire,2021-01-09,2021-01-15,246.1,8.6
Saône-et-Loire,2021-01-10,2021-01-16,242.6,8.4
Saône-et-Loire,2021-01-11,2021-01-17,243.9,8.5
Saône-et-Loire,2021-01-12,2021-01-18,239.1,8.7
Saône-et-Loire,2021-01-13,2021-01-19,253.4,9.2
Saône-et-Loire,2021-01-14,2021-01-20,261.8,9.5
Saône-et-Loire,2021-01-15,2021-01-21,265.8,9.6
Saône-et-Loire,2021-01-16,2021-01-22,263.4,9.5
Saône-et-Loire,2021-01-17,2021-01-23,268.2,9.6
Saône-et-Loire,2021-01-18,2021-01-24,266.9,9.5
Saône-et-Loire,2021-01-19,2021-01-25,256.3,8.9
Saône-et-Loire,2021-01-20,2021-01-26,247.3,8.6
Saône-et-Loire,2021-01-21,2021-01-27,238.2,8.2
Saône-et-Loire,2021-01-22,2021-01-28,233.5,7.9
Saône-et-Loire,2021-01-23,2021-01-29,233.5,7.8
Yonne,2020-05-13,2020-05-19,8.7,1.3
Yonne,2020-05-14,2020-05-20,9.0,1.3
Yonne,2020-05-15,2020-05-21,9.6,1.6
Yonne,2020-05-16,2020-05-22,9.0,1.5
Yonne,2020-05-17,2020-05-23,8.1,1.4
Yonne,2020-05-18,2020-05-24,8.1,1.4
Yonne,2020-05-19,2020-05-25,7.5,1.3
Yonne,2020-05-20,2020-05-26,5.7,1.0
Yonne,2020-05-21,2020-05-27,4.5,0.8
Yonne,2020-05-22,2020-05-28,3.9,0.6
Yonne,2020-05-23,2020-05-29,3.3,0.5
Yonne,2020-05-24,2020-05-30,2.1,0.4
Yonne,2020-05-25,2020-05-31,1.2,0.2
Yonne,2020-05-26,2020-06-01,1.2,0.2
Yonne,2020-05-27,2020-06-02,3.0,0.6
Yonne,2020-05-28,2020-06-03,4.5,0.8
Yonne,2020-05-29,2020-06-04,5.1,0.9
Yonne,2020-05-30,2020-06-05,5.7,1.1
Yonne,2020-05-31,2020-06-06,6.0,1.2
Yonne,2020-06-01,2020-06-07,6.0,1.2
Yonne,2020-06-02,2020-06-08,6.3,1.0
Yonne,2020-06-03,2020-06-09,3.9,0.7
Yonne,2020-06-04,2020-06-10,2.4,0.5
Yonne,2020-06-05,2020-06-11,2.1,0.4
Yonne,2020-06-06,2020-06-12,1.5,0.3
Yonne,2020-06-07,2020-06-13,0.9,0.2
Yonne,2020-06-08,2020-06-14,0.9,0.2
Yonne,2020-06-09,2020-06-15,0.6,0.1
Yonne,2020-06-10,2020-06-16,1.2,0.2
Yonne,2020-06-11,2020-06-17,0.9,0.2
Yonne,2020-06-12,2020-06-18,0.6,0.1
Yonne,2020-06-13,2020-06-19,0.6,0.1
Yonne,2020-06-14,2020-06-20,0.9,0.2
Yonne,2020-06-15,2020-06-21,0.9,0.2
Yonne,2020-06-16,2020-06-22,1.2,0.3
Yonne,2020-06-17,2020-06-23,1.2,0.3
Yonne,2020-06-18,2020-06-24,1.8,0.4
Yonne,2020-06-19,2020-06-25,2.4,0.6
Yonne,2020-06-20,2020-06-26,2.4,0.6
Yonne,2020-06-21,2020-06-27,3.0,0.8
Yonne,2020-06-22,2020-06-28,4.2,1.1
Yonne,2020-06-23,2020-06-29,3.9,0.9
Yonne,2020-06-24,2020-06-30,3.3,0.6
Yonne,2020-06-25,2020-07-01,3.3,0.6
Yonne,2020-06-26,2020-07-02,3.0,0.5
Yonne,2020-06-27,2020-07-03,3.0,0.5
Yonne,2020-06-28,2020-07-04,2.1,0.3
Yonne,2020-06-29,2020-07-05,1.2,0.2
Yonne,2020-06-30,2020-07-06,1.2,0.2
Yonne,2020-07-01,2020-07-07,1.8,0.3
Yonne,2020-07-02,2020-07-08,1.2,0.2
Yonne,2020-07-03,2020-07-09,1.2,0.2
Yonne,2020-07-04,2020-07-10,1.8,0.3
Yonne,2020-07-05,2020-07-11,3.3,0.6
Yonne,2020-07-06,2020-07-12,3.3,0.6
Yonne,2020-07-07,2020-07-13,3.3,0.6
Yonne,2020-07-08,2020-07-14,3.0,0.6
Yonne,2020-07-09,2020-07-15,3.9,0.8
Yonne,2020-07-10,2020-07-16,4.2,0.8
Yonne,2020-07-11,2020-07-17,4.2,0.7
Yonne,2020-07-12,2020-07-18,2.7,0.4
Yonne,2020-07-13,2020-07-19,2.4,0.4
Yonne,2020-07-14,2020-07-20,3.0,0.5
Yonne,2020-07-15,2020-07-21,3.3,0.4
Yonne,2020-07-16,2020-07-22,2.4,0.3
Yonne,2020-07-17,2020-07-23,3.3,0.5
Yonne,2020-07-18,2020-07-24,3.6,0.5
Yonne,2020-07-19,2020-07-25,3.9,0.5
Yonne,2020-07-20,2020-07-26,4.8,0.7
Yonne,2020-07-21,2020-07-27,5.4,0.8
Yonne,2020-07-22,2020-07-28,5.4,0.7
Yonne,2020-07-23,2020-07-29,6.9,0.9
Yonne,2020-07-24,2020-07-30,6.0,0.7
Yonne,2020-07-25,2020-07-31,6.0,0.7
Yonne,2020-07-26,2020-08-01,6.0,0.8
Yonne,2020-07-27,2020-08-02,5.1,0.6
Yonne,2020-07-28,2020-08-03,5.1,0.6
Yonne,2020-07-29,2020-08-04,5.7,0.8
Yonne,2020-07-30,2020-08-05,6.0,0.8
Yonne,2020-07-31,2020-08-06,7.8,1.1
Yonne,2020-08-01,2020-08-07,7.5,1.0
Yonne,2020-08-02,2020-08-08,7.5,1.0
Yonne,2020-08-03,2020-08-09,7.5,1.0
Yonne,2020-08-04,2020-08-10,6.9,1.0
Yonne,2020-08-05,2020-08-11,6.6,0.9
Yonne,2020-08-06,2020-08-12,6.3,0.9
Yonne,2020-08-07,2020-08-13,5.4,0.7
Yonne,2020-08-08,2020-08-14,6.0,0.8
Yonne,2020-08-09,2020-08-15,6.6,0.9
Yonne,2020-08-10,2020-08-16,6.9,0.9
Yonne,2020-08-11,2020-08-17,8.7,1.1
Yonne,2020-08-12,2020-08-18,11.1,1.3
Yonne,2020-08-13,2020-08-19,10.8,1.2
Yonne,2020-08-14,2020-08-20,12.6,1.3
Yonne,2020-08-15,2020-08-21,15.4,1.5
Yonne,2020-08-16,2020-08-22,16.9,1.5
Yonne,2020-08-17,2020-08-23,19.0,1.7
Yonne,2020-08-18,2020-08-24,21.7,1.9
Yonne,2020-08-19,2020-08-25,23.2,2.0
Yonne,2020-08-20,2020-08-26,29.5,2.4
Yonne,2020-08-21,2020-08-27,30.4,2.3
Yonne,2020-08-22,2020-08-28,34.3,2.5
Yonne,2020-08-23,2020-08-29,34.6,2.4
Yonne,2020-08-24,2020-08-30,32.5,2.3
Yonne,2020-08-25,2020-08-31,38.2,2.5
Yonne,2020-08-26,2020-09-01,38.2,2.5
Yonne,2020-08-27,2020-09-02,34.3,2.3
Yonne,2020-08-28,2020-09-03,35.8,2.3
Yonne,2020-08-29,2020-09-04,31.9,2.1
Yonne,2020-08-30,2020-09-05,29.8,2.0
Yonne,2020-08-31,2020-09-06,30.1,2.0
Yonne,2020-09-01,2020-09-07,25.3,1.7
Yonne,2020-09-02,2020-09-08,25.0,1.6
Yonne,2020-09-03,2020-09-09,25.9,1.6
Yonne,2020-09-04,2020-09-10,28.6,1.7
Yonne,2020-09-05,2020-09-11,37.3,2.1
Yonne,2020-09-06,2020-09-12,41.6,2.3
Yonne,2020-09-07,2020-09-13,42.5,2.4
Yonne,2020-09-08,2020-09-14,47.9,2.6
Yonne,2020-09-09,2020-09-15,53.0,2.9
Yonne,2020-09-10,2020-09-16,56.9,3.2
Yonne,2020-09-11,2020-09-17,59.3,3.4
Yonne,2020-09-12,2020-09-18,59.6,3.5
Yonne,2020-09-13,2020-09-19,62.0,3.7
Yonne,2020-09-14,2020-09-20,61.1,3.6
Yonne,2020-09-15,2020-09-21,64.4,4.0
Yonne,2020-09-16,2020-09-22,78.9,5.0
Yonne,2020-09-17,2020-09-23,81.6,5.4
Yonne,2020-09-18,2020-09-24,84.0,5.6
Yonne,2020-09-19,2020-09-25,78.6,5.4
Yonne,2020-09-20,2020-09-26,78.3,5.4
Yonne,2020-09-21,2020-09-27,78.3,5.4
Yonne,2020-09-22,2020-09-28,78.9,5.4
Yonne,2020-09-23,2020-09-29,66.8,4.6
Yonne,2020-09-24,2020-09-30,65.9,4.4
Yonne,2020-09-25,2020-10-01,60.2,4.1
Yonne,2020-09-26,2020-10-02,66.8,4.6
Yonne,2020-09-27,2020-10-03,68.1,4.7
Yonne,2020-09-28,2020-10-04,67.8,4.7
Yonne,2020-09-29,2020-10-05,69.6,4.9
Yonne,2020-09-30,2020-10-06,71.4,5.1
Yonne,2020-10-01,2020-10-07,83.4,6.1
Yonne,2020-10-02,2020-10-08,93.0,6.7
Yonne,2020-10-03,2020-10-09,101.2,7.2
Yonne,2020-10-04,2020-10-10,101.8,7.1
Yonne,2020-10-05,2020-10-11,104.2,7.2
Yonne,2020-10-06,2020-10-12,119.2,7.9
Yonne,2020-10-07,2020-10-13,135.8,8.7
Yonne,2020-10-08,2020-10-14,143.9,8.6
Yonne,2020-10-09,2020-10-15,158.4,9.0
Yonne,2020-10-10,2020-10-16,162.6,9.0
Yonne,2020-10-11,2020-10-17,193.3,10.3
Yonne,2020-10-12,2020-10-18,195.4,10.3
Yonne,2020-10-13,2020-10-19,212.3,10.8
Yonne,2020-10-14,2020-10-20,254.4,12.4
Yonne,2020-10-15,2020-10-21,280.0,13.5
Yonne,2020-10-16,2020-10-22,305.9,14.4
Yonne,2020-10-17,2020-10-23,354.4,15.9
Yonne,2020-10-18,2020-10-24,374.3,16.2
Yonne,2020-10-19,2020-10-25,377.9,16.4
Yonne,2020-10-20,2020-10-26,420.7,17.1
Yonne,2020-10-21,2020-10-27,427.9,16.6
Yonne,2020-10-22,2020-10-28,458.3,16.5
Yonne,2020-10-23,2020-10-29,486.9,16.8
Yonne,2020-10-24,2020-10-30,504.1,16.8
Yonne,2020-10-25,2020-10-31,505.0,16.2
Yonne,2020-10-26,2020-11-01,504.4,16.0
Yonne,2020-10-27,2020-11-02,501.7,15.5
Yonne,2020-10-28,2020-11-03,521.8,15.9
Yonne,2020-10-29,2020-11-04,536.6,16.3
Yonne,2020-10-30,2020-11-05,533.9,15.7
Yonne,2020-10-31,2020-11-06,529.4,15.1
Yonne,2020-11-01,2020-11-07,525.8,15.1
Yonne,2020-11-02,2020-11-08,526.4,15.2
Yonne,2020-11-03,2020-11-09,521.2,15.4
Yonne,2020-11-04,2020-11-10,523.9,15.2
Yonne,2020-11-05,2020-11-11,430.3,14.5
Yonne,2020-11-06,2020-11-12,420.1,14.0
Yonne,2020-11-07,2020-11-13,393.0,13.3
Yonne,2020-11-08,2020-11-14,384.8,13.1
Yonne,2020-11-09,2020-11-15,383.3,13.0
Yonne,2020-11-10,2020-11-16,360.4,12.3
Yonne,2020-11-11,2020-11-17,328.5,11.4
Yonne,2020-11-12,2020-11-18,374.9,11.7
Yonne,2020-11-13,2020-11-19,343.9,11.3
Yonne,2020-11-14,2020-11-20,327.9,11.4
Yonne,2020-11-15,2020-11-21,308.6,11.0
Yonne,2020-11-16,2020-11-22,304.7,10.9
Yonne,2020-11-17,2020-11-23,286.7,10.5
Yonne,2020-11-18,2020-11-24,274.3,10.6
Yonne,2020-11-19,2020-11-25,261.4,10.5
Yonne,2020-11-20,2020-11-26,255.3,10.4
Yonne,2020-11-21,2020-11-27,245.7,10.1
Yonne,2020-11-22,2020-11-28,241.5,9.8
Yonne,2020-11-23,2020-11-29,243.6,9.9
Yonne,2020-11-24,2020-11-30,246.3,9.7
Yonne,2020-11-25,2020-12-01,214.4,8.7
Yonne,2020-11-26,2020-12-02,204.8,8.3
Yonne,2020-11-27,2020-12-03,203.6,8.2
Yonne,2020-11-28,2020-12-04,205.7,8.2
Yonne,2020-11-29,2020-12-05,200.8,8.0
Yonne,2020-11-30,2020-12-06,200.5,8.0
Yonne,2020-12-01,2020-12-07,203.0,7.9
Yonne,2020-12-02,2020-12-08,217.1,8.2
Yonne,2020-12-03,2020-12-09,235.8,8.8
Yonne,2020-12-04,2020-12-10,238.8,8.9
Yonne,2020-12-05,2020-12-11,249.0,9.3
Yonne,2020-12-06,2020-12-12,252.6,9.3
Yonne,2020-12-07,2020-12-13,253.8,9.3
Yonne,2020-12-08,2020-12-14,259.9,9.9
Yonne,2020-12-09,2020-12-15,267.1,9.8
Yonne,2020-12-10,2020-12-16,263.2,9.3
Yonne,2020-12-11,2020-12-17,249.0,8.6
Yonne,2020-12-12,2020-12-18,244.2,7.8
Yonne,2020-12-13,2020-12-19,241.8,7.4
Yonne,2020-12-14,2020-12-20,239.1,7.3
Yonne,2020-12-15,2020-12-21,236.7,6.7
Yonne,2020-12-16,2020-12-22,228.2,5.8
Yonne,2020-12-17,2020-12-23,210.8,4.9
Yonne,2020-12-18,2020-12-24,215.6,4.8
Yonne,2020-12-19,2020-12-25,174.9,4.5
Yonne,2020-12-20,2020-12-26,173.7,4.6
Yonne,2020-12-21,2020-12-27,176.8,4.7
Yonne,2020-12-22,2020-12-28,169.5,4.9
Yonne,2020-12-23,2020-12-29,174.6,5.7
Yonne,2020-12-24,2020-12-30,182.8,6.6
Yonne,2020-12-25,2020-12-31,192.4,7.1
Yonne,2020-12-26,2021-01-01,191.8,7.1
Yonne,2020-12-27,2021-01-02,195.4,7.3
Yonne,2020-12-28,2021-01-03,195.1,7.3
Yonne,2020-12-29,2021-01-04,193.3,6.9
Yonne,2020-12-30,2021-01-05,195.4,6.9
Yonne,2020-12-31,2021-01-06,184.6,6.7
Yonne,2021-01-01,2021-01-07,173.1,6.4
Yonne,2021-01-02,2021-01-08,198.4,6.2
Yonne,2021-01-03,2021-01-09,197.8,6.3
Yonne,2021-01-04,2021-01-10,196.0,6.2
Yonne,2021-01-05,2021-01-11,192.1,6.4
Yonne,2021-01-06,2021-01-12,172.2,6.1
Yonne,2021-01-07,2021-01-13,174.0,6.3
Yonne,2021-01-08,2021-01-14,171.9,6.5
Yonne,2021-01-09,2021-01-15,173.1,6.7
Yonne,2021-01-10,2021-01-16,166.5,6.4
Yonne,2021-01-11,2021-01-17,166.8,6.5
Yonne,2021-01-12,2021-01-18,160.5,6.4
Yonne,2021-01-13,2021-01-19,167.7,6.7
Yonne,2021-01-14,2021-01-20,163.2,6.6
Yonne,2021-01-15,2021-01-21,166.8,6.6
Yonne,2021-01-16,2021-01-22,165.0,6.5
Yonne,2021-01-17,2021-01-23,167.4,6.6
Yonne,2021-01-18,2021-01-24,165.3,6.5
Yonne,2021-01-19,2021-01-25,178.3,6.9
Yonne,2021-01-20,2021-01-26,187.3,7.2
Yonne,2021-01-21,2021-01-27,188.2,7.0
Yonne,2021-01-22,2021-01-28,185.5,6.9
Yonne,2021-01-23,2021-01-29,184.3,6.8
Territoire de Belfort,2020-05-13,2020-05-19,9.3,2.5
Territoire de Belfort,2020-05-14,2020-05-20,11.4,2.9
Territoire de Belfort,2020-05-15,2020-05-21,10.7,3.0
Territoire de Belfort,2020-05-16,2020-05-22,10.0,3.0
Territoire de Belfort,2020-05-17,2020-05-23,10.7,3.3
Territoire de Belfort,2020-05-18,2020-05-24,11.4,3.8
Territoire de Belfort,2020-05-19,2020-05-25,6.4,2.3
Territoire de Belfort,2020-05-20,2020-05-26,3.6,1.3
Territoire de Belfort,2020-05-21,2020-05-27,3.6,1.1
Territoire de Belfort,2020-05-22,2020-05-28,6.4,1.8
Territoire de Belfort,2020-05-23,2020-05-29,7.8,1.8
Territoire de Belfort,2020-05-24,2020-05-30,7.8,1.7
Territoire de Belfort,2020-05-25,2020-05-31,7.8,1.6
Territoire de Belfort,2020-05-26,2020-06-01,8.6,1.9
Territoire de Belfort,2020-05-27,2020-06-02,9.3,2.0
Territoire de Belfort,2020-05-28,2020-06-03,8.6,1.9
Territoire de Belfort,2020-05-29,2020-06-04,6.4,1.4
Territoire de Belfort,2020-05-30,2020-06-05,7.1,1.8
Territoire de Belfort,2020-05-31,2020-06-06,6.4,1.6
Territoire de Belfort,2020-06-01,2020-06-07,5.7,1.5
Territoire de Belfort,2020-06-02,2020-06-08,5.0,1.1
Territoire de Belfort,2020-06-03,2020-06-09,5.0,1.1
Territoire de Belfort,2020-06-04,2020-06-10,4.3,0.9
Territoire de Belfort,2020-06-05,2020-06-11,4.3,0.8
Territoire de Belfort,2020-06-06,2020-06-12,3.6,0.6
Territoire de Belfort,2020-06-07,2020-06-13,3.6,0.6
Territoire de Belfort,2020-06-08,2020-06-14,4.3,0.6
Territoire de Belfort,2020-06-09,2020-06-15,5.0,0.8
Territoire de Belfort,2020-06-10,2020-06-16,4.3,0.7
Territoire de Belfort,2020-06-11,2020-06-17,3.6,0.6
Territoire de Belfort,2020-06-12,2020-06-18,3.6,0.6
Territoire de Belfort,2020-06-13,2020-06-19,5.0,1.0
Territoire de Belfort,2020-06-14,2020-06-20,5.0,1.1
Territoire de Belfort,2020-06-15,2020-06-21,4.3,1.0
Territoire de Belfort,2020-06-16,2020-06-22,3.6,0.7
Territoire de Belfort,2020-06-17,2020-06-23,3.6,0.8
Territoire de Belfort,2020-06-18,2020-06-24,3.6,0.7
Territoire de Belfort,2020-06-19,2020-06-25,3.6,0.8
Territoire de Belfort,2020-06-20,2020-06-26,0.7,0.2
Territoire de Belfort,2020-06-21,2020-06-27,0.7,0.2
Territoire de Belfort,2020-06-22,2020-06-28,0.7,0.2
Territoire de Belfort,2020-06-23,2020-06-29,0.7,0.2
Territoire de Belfort,2020-06-24,2020-06-30,0.7,0.2
Territoire de Belfort,2020-06-25,2020-07-01,0.7,0.2
Territoire de Belfort,2020-06-26,2020-07-02,0.0,0.0
Territoire de Belfort,2020-06-27,2020-07-03,0.7,0.1
Territoire de Belfort,2020-06-28,2020-07-04,0.7,0.1
Territoire de Belfort,2020-06-29,2020-07-05,0.7,0.1
Territoire de Belfort,2020-06-30,2020-07-06,0.7,0.1
Territoire de Belfort,2020-07-01,2020-07-07,1.4,0.3
Territoire de Belfort,2020-07-02,2020-07-08,2.1,0.4
Territoire de Belfort,2020-07-03,2020-07-09,2.1,0.4
Territoire de Belfort,2020-07-04,2020-07-10,1.4,0.3
Territoire de Belfort,2020-07-05,2020-07-11,2.1,0.4
Territoire de Belfort,2020-07-06,2020-07-12,2.1,0.4
Territoire de Belfort,2020-07-07,2020-07-13,2.1,0.4
Territoire de Belfort,2020-07-08,2020-07-14,2.1,0.5
Territoire de Belfort,2020-07-09,2020-07-15,1.4,0.3
Territoire de Belfort,2020-07-10,2020-07-16,2.9,0.6
Territoire de Belfort,2020-07-11,2020-07-17,3.6,0.7
Territoire de Belfort,2020-07-12,2020-07-18,2.9,0.5
Territoire de Belfort,2020-07-13,2020-07-19,2.9,0.5
Territoire de Belfort,2020-07-14,2020-07-20,4.3,0.7
Territoire de Belfort,2020-07-15,2020-07-21,3.6,0.5
Territoire de Belfort,2020-07-16,2020-07-22,3.6,0.5
Territoire de Belfort,2020-07-17,2020-07-23,2.1,0.3
Territoire de Belfort,2020-07-18,2020-07-24,1.4,0.2
Territoire de Belfort,2020-07-19,2020-07-25,1.4,0.2
Territoire de Belfort,2020-07-20,2020-07-26,1.4,0.2
Territoire de Belfort,2020-07-21,2020-07-27,0.0,0.0
Territoire de Belfort,2020-07-22,2020-07-28,0.0,0.0
Territoire de Belfort,2020-07-23,2020-07-29,0.7,0.1
Territoire de Belfort,2020-07-24,2020-07-30,1.4,0.2
Territoire de Belfort,2020-07-25,2020-07-31,3.6,0.5
Territoire de Belfort,2020-07-26,2020-08-01,4.3,0.6
Territoire de Belfort,2020-07-27,2020-08-02,5.0,0.7
Territoire de Belfort,2020-07-28,2020-08-03,5.7,0.8
Territoire de Belfort,2020-07-29,2020-08-04,6.4,0.9
Territoire de Belfort,2020-07-30,2020-08-05,7.8,1.0
Territoire de Belfort,2020-07-31,2020-08-06,7.1,1.0
Territoire de Belfort,2020-08-01,2020-08-07,7.1,0.9
Territoire de Belfort,2020-08-02,2020-08-08,7.8,1.1
Territoire de Belfort,2020-08-03,2020-08-09,7.8,1.1
Territoire de Belfort,2020-08-04,2020-08-10,10.7,1.4
Territoire de Belfort,2020-08-05,2020-08-11,12.8,1.8
Territoire de Belfort,2020-08-06,2020-08-12,11.4,1.6
Territoire de Belfort,2020-08-07,2020-08-13,13.6,1.8
Territoire de Belfort,2020-08-08,2020-08-14,13.6,1.7
Territoire de Belfort,2020-08-09,2020-08-15,12.8,1.6
Territoire de Belfort,2020-08-10,2020-08-16,15.0,1.9
Territoire de Belfort,2020-08-11,2020-08-17,14.3,1.7
Territoire de Belfort,2020-08-12,2020-08-18,17.1,1.9
Territoire de Belfort,2020-08-13,2020-08-19,18.6,2.1
Territoire de Belfort,2020-08-14,2020-08-20,19.3,2.1
Territoire de Belfort,2020-08-15,2020-08-21,20.7,2.1
Territoire de Belfort,2020-08-16,2020-08-22,22.1,2.1
Territoire de Belfort,2020-08-17,2020-08-23,21.4,2.0
Territoire de Belfort,2020-08-18,2020-08-24,22.8,1.9
Territoire de Belfort,2020-08-19,2020-08-25,20.0,1.6
Territoire de Belfort,2020-08-20,2020-08-26,23.5,1.8
Territoire de Belfort,2020-08-21,2020-08-27,23.5,1.8
Territoire de Belfort,2020-08-22,2020-08-28,25.0,1.8
Territoire de Belfort,2020-08-23,2020-08-29,24.3,1.8
Territoire de Belfort,2020-08-24,2020-08-30,22.8,1.7
Territoire de Belfort,2020-08-25,2020-08-31,25.7,2.0
Territoire de Belfort,2020-08-26,2020-09-01,26.4,2.1
Territoire de Belfort,2020-08-27,2020-09-02,26.4,1.7
Territoire de Belfort,2020-08-28,2020-09-03,26.4,1.8
Territoire de Belfort,2020-08-29,2020-09-04,24.3,1.7
Territoire de Belfort,2020-08-30,2020-09-05,26.4,1.8
Territoire de Belfort,2020-08-31,2020-09-06,27.8,1.9
Territoire de Belfort,2020-09-01,2020-09-07,28.5,2.0
Territoire de Belfort,2020-09-02,2020-09-08,30.7,2.1
Territoire de Belfort,2020-09-03,2020-09-09,32.8,2.4
Territoire de Belfort,2020-09-04,2020-09-10,42.1,2.8
Territoire de Belfort,2020-09-05,2020-09-11,55.7,3.3
Territoire de Belfort,2020-09-06,2020-09-12,52.8,3.1
Territoire de Belfort,2020-09-07,2020-09-13,50.7,2.9
Territoire de Belfort,2020-09-08,2020-09-14,55.7,2.8
Territoire de Belfort,2020-09-09,2020-09-15,60.7,2.8
Territoire de Belfort,2020-09-10,2020-09-16,58.5,2.8
Territoire de Belfort,2020-09-11,2020-09-17,54.2,2.6
Territoire de Belfort,2020-09-12,2020-09-18,46.4,2.3
Territoire de Belfort,2020-09-13,2020-09-19,47.1,2.3
Territoire de Belfort,2020-09-14,2020-09-20,47.8,2.4
Territoire de Belfort,2020-09-15,2020-09-21,40.0,2.2
Territoire de Belfort,2020-09-16,2020-09-22,35.7,2.1
Territoire de Belfort,2020-09-17,2020-09-23,35.7,2.2
Territoire de Belfort,2020-09-18,2020-09-24,34.3,2.3
Territoire de Belfort,2020-09-19,2020-09-25,30.0,2.1
Territoire de Belfort,2020-09-20,2020-09-26,30.7,2.2
Territoire de Belfort,2020-09-21,2020-09-27,30.0,2.1
Territoire de Belfort,2020-09-22,2020-09-28,29.3,2.1
Territoire de Belfort,2020-09-23,2020-09-29,28.5,2.1
Territoire de Belfort,2020-09-24,2020-09-30,41.4,3.2
Territoire de Belfort,2020-09-25,2020-10-01,40.0,3.1
Territoire de Belfort,2020-09-26,2020-10-02,42.1,3.3
Territoire de Belfort,2020-09-27,2020-10-03,43.5,3.3
Territoire de Belfort,2020-09-28,2020-10-04,43.5,3.4
Territoire de Belfort,2020-09-29,2020-10-05,45.7,3.5
Territoire de Belfort,2020-09-30,2020-10-06,47.1,3.7
Territoire de Belfort,2020-10-01,2020-10-07,35.0,2.7
Territoire de Belfort,2020-10-02,2020-10-08,37.8,2.8
Territoire de Belfort,2020-10-03,2020-10-09,39.2,2.9
Territoire de Belfort,2020-10-04,2020-10-10,38.5,2.8
Territoire de Belfort,2020-10-05,2020-10-11,39.2,2.9
Territoire de Belfort,2020-10-06,2020-10-12,45.0,3.3
Territoire de Belfort,2020-10-07,2020-10-13,44.2,3.3
Territoire de Belfort,2020-10-08,2020-10-14,46.4,3.5
Territoire de Belfort,2020-10-09,2020-10-15,49.9,3.7
Territoire de Belfort,2020-10-10,2020-10-16,64.9,4.8
Territoire de Belfort,2020-10-11,2020-10-17,69.9,5.2
Territoire de Belfort,2020-10-12,2020-10-18,71.4,5.3
Territoire de Belfort,2020-10-13,2020-10-19,89.2,6.3
Territoire de Belfort,2020-10-14,2020-10-20,119.2,8.2
Territoire de Belfort,2020-10-15,2020-10-21,142.0,9.2
Territoire de Belfort,2020-10-16,2020-10-22,171.3,10.7
Territoire de Belfort,2020-10-17,2020-10-23,190.5,11.2
Territoire de Belfort,2020-10-18,2020-10-24,204.1,11.7
Territoire de Belfort,2020-10-19,2020-10-25,206.2,11.7
Territoire de Belfort,2020-10-20,2020-10-26,271.9,14.1
Territoire de Belfort,2020-10-21,2020-10-27,301.8,14.2
Territoire de Belfort,2020-10-22,2020-10-28,340.4,14.6
Territoire de Belfort,2020-10-23,2020-10-29,376.8,14.3
Territoire de Belfort,2020-10-24,2020-10-30,407.4,14.2
Territoire de Belfort,2020-10-25,2020-10-31,433.1,14.6
Territoire de Belfort,2020-10-26,2020-11-01,437.4,14.7
Territoire de Belfort,2020-10-27,2020-11-02,449.5,14.3
Territoire de Belfort,2020-10-28,2020-11-03,498.8,14.9
Territoire de Belfort,2020-10-29,2020-11-04,510.2,15.1
Territoire de Belfort,2020-10-30,2020-11-05,520.9,15.5
Territoire de Belfort,2020-10-31,2020-11-06,519.5,15.1
Territoire de Belfort,2020-11-01,2020-11-07,514.5,15.0
Territoire de Belfort,2020-11-02,2020-11-08,508.8,15.0
Territoire de Belfort,2020-11-03,2020-11-09,485.2,14.5
Territoire de Belfort,2020-11-04,2020-11-10,456.7,13.7
Territoire de Belfort,2020-11-05,2020-11-11,383.9,13.4
Territoire de Belfort,2020-11-06,2020-11-12,374.6,12.7
Territoire de Belfort,2020-11-07,2020-11-13,399.6,13.9
Territoire de Belfort,2020-11-08,2020-11-14,383.2,13.6
Territoire de Belfort,2020-11-09,2020-11-15,382.5,13.6
Territoire de Belfort,2020-11-10,2020-11-16,388.2,14.5
Territoire de Belfort,2020-11-11,2020-11-17,344.6,14.4
Territoire de Belfort,2020-11-12,2020-11-18,386.7,14.3
Territoire de Belfort,2020-11-13,2020-11-19,357.5,14.4
Territoire de Belfort,2020-11-14,2020-11-20,294.7,12.5
Territoire de Belfort,2020-11-15,2020-11-21,288.3,12.2
Territoire de Belfort,2020-11-16,2020-11-22,289.0,12.2
Territoire de Belfort,2020-11-17,2020-11-23,241.2,9.8
Territoire de Belfort,2020-11-18,2020-11-24,224.1,8.9
Territoire de Belfort,2020-11-19,2020-11-25,196.9,8.0
Territoire de Belfort,2020-11-20,2020-11-26,172.7,7.1
Territoire de Belfort,2020-11-21,2020-11-27,159.8,6.9
Territoire de Belfort,2020-11-22,2020-11-28,154.8,6.7
Territoire de Belfort,2020-11-23,2020-11-29,157.7,6.8
Territoire de Belfort,2020-11-24,2020-11-30,144.1,6.8
Territoire de Belfort,2020-11-25,2020-12-01,134.9,6.8
Territoire de Belfort,2020-11-26,2020-12-02,129.9,6.7
Territoire de Belfort,2020-11-27,2020-12-03,135.6,7.1
Territoire de Belfort,2020-11-28,2020-12-04,142.0,7.3
Territoire de Belfort,2020-11-29,2020-12-05,144.1,7.4
Territoire de Belfort,2020-11-30,2020-12-06,138.4,7.1
Territoire de Belfort,2020-12-01,2020-12-07,147.7,7.7
Territoire de Belfort,2020-12-02,2020-12-08,158.4,8.0
Territoire de Belfort,2020-12-03,2020-12-09,176.2,8.6
Territoire de Belfort,2020-12-04,2020-12-10,167.0,8.3
Territoire de Belfort,2020-12-05,2020-12-11,167.0,8.3
Territoire de Belfort,2020-12-06,2020-12-12,168.4,8.3
Territoire de Belfort,2020-12-07,2020-12-13,171.3,8.4
Territoire de Belfort,2020-12-08,2020-12-14,186.9,8.8
Territoire de Belfort,2020-12-09,2020-12-15,199.8,9.1
Territoire de Belfort,2020-12-10,2020-12-16,196.9,8.5
Territoire de Belfort,2020-12-11,2020-12-17,226.2,8.8
Territoire de Belfort,2020-12-12,2020-12-18,246.2,8.5
Territoire de Belfort,2020-12-13,2020-12-19,264.7,8.4
Territoire de Belfort,2020-12-14,2020-12-20,264.7,8.3
Territoire de Belfort,2020-12-15,2020-12-21,269.0,7.4
Territoire de Belfort,2020-12-16,2020-12-22,281.1,6.7
Territoire de Belfort,2020-12-17,2020-12-23,294.7,6.3
Territoire de Belfort,2020-12-18,2020-12-24,284.7,5.8
Territoire de Belfort,2020-12-19,2020-12-25,239.8,5.6
Territoire de Belfort,2020-12-20,2020-12-26,248.3,6.0
Territoire de Belfort,2020-12-21,2020-12-27,249.0,6.0
Territoire de Belfort,2020-12-22,2020-12-28,266.2,6.9
Territoire de Belfort,2020-12-23,2020-12-29,281.1,8.4
Territoire de Belfort,2020-12-24,2020-12-30,299.7,9.5
Territoire de Belfort,2020-12-25,2020-12-31,288.3,9.8
Territoire de Belfort,2020-12-26,2021-01-01,291.8,9.9
Territoire de Belfort,2020-12-27,2021-01-02,282.6,9.5
Territoire de Belfort,2020-12-28,2021-01-03,281.9,9.5
Territoire de Belfort,2020-12-29,2021-01-04,292.6,9.5
Territoire de Belfort,2020-12-30,2021-01-05,276.9,8.8
Territoire de Belfort,2020-12-31,2021-01-06,281.1,9.5
Territoire de Belfort,2021-01-01,2021-01-07,299.0,9.7
Territoire de Belfort,2021-01-02,2021-01-08,339.6,9.4
Territoire de Belfort,2021-01-03,2021-01-09,341.1,9.7
Territoire de Belfort,2021-01-04,2021-01-10,339.6,9.7
Territoire de Belfort,2021-01-05,2021-01-11,338.2,10.4
Territoire de Belfort,2021-01-06,2021-01-12,337.5,10.7
Territoire de Belfort,2021-01-07,2021-01-13,304.7,10.0
Territoire de Belfort,2021-01-08,2021-01-14,299.7,10.0
Territoire de Belfort,2021-01-09,2021-01-15,311.1,10.7
Territoire de Belfort,2021-01-10,2021-01-16,306.1,10.7
Territoire de Belfort,2021-01-11,2021-01-17,306.1,10.7
Territoire de Belfort,2021-01-12,2021-01-18,286.8,10.1
Territoire de Belfort,2021-01-13,2021-01-19,294.0,10.3
Territoire de Belfort,2021-01-14,2021-01-20,290.4,10.2
Territoire de Belfort,2021-01-15,2021-01-21,284.0,10.2
Territoire de Belfort,2021-01-16,2021-01-22,279.0,10.0
Territoire de Belfort,2021-01-17,2021-01-23,275.4,9.8
Territoire de Belfort,2021-01-18,2021-01-24,276.9,9.8
Territoire de Belfort,2021-01-19,2021-01-25,265.4,9.5
Territoire de Belfort,2021-01-20,2021-01-26,242.6,8.7
Territoire de Belfort,2021-01-21,2021-01-27,257.6,9.2
Territoire de Belfort,2021-01-22,2021-01-28,265.4,9.5
Territoire de Belfort,2021-01-23,2021-01-29,255.4,9.0
