dep,jour,P,T,cl_age90,pop,taux_incidence_quot,positif_7j,taux_incid_7j,dep_ok
21,2020-05-13,4,312,0,533819,0.7493176526125896,,,Côte-d'Or
21,2020-05-14,7,328,0,533819,1.311305892072032,,,Côte-d'Or
21,2020-05-15,7,440,0,533819,1.311305892072032,,,Côte-d'Or
21,2020-05-16,4,123,0,533819,0.7493176526125896,,,Côte-d'Or
21,2020-05-17,0,62,0,533819,0.0,,,Côte-d'Or
21,2020-05-18,10,346,0,533819,1.873294131531474,,,Côte-d'Or
21,2020-05-19,13,395,0,533819,2.4352823709909157,45.0,8.429823591891633,Côte-d'Or
21,2020-05-20,5,350,0,533819,0.936647065765737,46.0,8.61715300504478,Côte-d'Or
21,2020-05-21,0,67,0,533819,0.0,39.0,7.305847112972749,Côte-d'Or
21,2020-05-22,13,303,0,533819,2.4352823709909157,45.0,8.429823591891633,Côte-d'Or
21,2020-05-23,0,126,0,533819,0.0,41.0,7.680505939279044,Côte-d'Or
21,2020-05-24,1,71,0,533819,0.1873294131531474,42.0,7.867835352432191,Côte-d'Or
21,2020-05-25,4,320,0,533819,0.7493176526125896,36.0,6.743858873513307,Côte-d'Or
21,2020-05-26,3,331,0,533819,0.5619882394594423,26.0,4.870564741981831,Côte-d'Or
21,2020-05-27,5,217,0,533819,0.936647065765737,26.0,4.870564741981831,Côte-d'Or
21,2020-05-28,3,278,0,533819,0.5619882394594423,29.0,5.432552981441275,Côte-d'Or
21,2020-05-29,2,285,0,533819,0.3746588263062948,18.0,3.3719294367566537,Côte-d'Or
21,2020-05-30,2,157,0,533819,0.3746588263062948,20.0,3.746588263062948,Côte-d'Or
21,2020-05-31,0,70,0,533819,0.0,19.0,3.5592588499098015,Côte-d'Or
21,2020-06-01,0,49,0,533819,0.0,15.0,2.8099411972972117,Côte-d'Or
21,2020-06-02,1,261,0,533819,0.1873294131531474,13.0,2.4352823709909157,Côte-d'Or
21,2020-06-03,0,260,0,533819,0.0,8.0,1.4986353052251793,Côte-d'Or
21,2020-06-04,1,304,0,533819,0.1873294131531474,6.0,1.1239764789188846,Côte-d'Or
21,2020-06-05,0,278,0,533819,0.0,4.0,0.7493176526125896,Côte-d'Or
21,2020-06-06,1,142,0,533819,0.1873294131531474,3.0,0.5619882394594423,Côte-d'Or
21,2020-06-07,0,43,0,533819,0.0,3.0,0.5619882394594423,Côte-d'Or
21,2020-06-08,3,258,0,533819,0.5619882394594423,6.0,1.1239764789188846,Côte-d'Or
21,2020-06-09,2,362,0,533819,0.3746588263062948,7.0,1.311305892072032,Côte-d'Or
21,2020-06-10,0,270,0,533819,0.0,7.0,1.311305892072032,Côte-d'Or
21,2020-06-11,2,239,0,533819,0.3746588263062948,8.0,1.4986353052251793,Côte-d'Or
21,2020-06-12,5,290,0,533819,0.936647065765737,13.0,2.4352823709909157,Côte-d'Or
21,2020-06-13,0,124,0,533819,0.0,12.0,2.2479529578377693,Côte-d'Or
21,2020-06-14,0,45,0,533819,0.0,12.0,2.2479529578377693,Côte-d'Or
21,2020-06-15,5,260,0,533819,0.936647065765737,14.0,2.622611784144064,Côte-d'Or
21,2020-06-16,3,240,0,533819,0.5619882394594423,15.0,2.8099411972972117,Côte-d'Or
21,2020-06-17,1,215,0,533819,0.1873294131531474,16.0,2.9972706104503586,Côte-d'Or
21,2020-06-18,5,200,0,533819,0.936647065765737,19.0,3.5592588499098015,Côte-d'Or
21,2020-06-19,1,279,0,533819,0.1873294131531474,15.0,2.8099411972972117,Côte-d'Or
21,2020-06-20,0,128,0,533819,0.0,15.0,2.8099411972972117,Côte-d'Or
21,2020-06-21,0,47,0,533819,0.0,15.0,2.8099411972972117,Côte-d'Or
21,2020-06-22,2,283,0,533819,0.3746588263062948,12.0,2.2479529578377693,Côte-d'Or
21,2020-06-23,4,247,0,533819,0.7493176526125896,13.0,2.4352823709909157,Côte-d'Or
21,2020-06-24,3,358,0,533819,0.5619882394594423,15.0,2.8099411972972117,Côte-d'Or
21,2020-06-25,0,164,0,533819,0.0,10.0,1.873294131531474,Côte-d'Or
21,2020-06-26,2,328,0,533819,0.3746588263062948,11.0,2.060623544684621,Côte-d'Or
21,2020-06-27,0,181,0,533819,0.0,11.0,2.060623544684621,Côte-d'Or
21,2020-06-28,0,51,0,533819,0.0,11.0,2.060623544684621,Côte-d'Or
21,2020-06-29,1,369,0,533819,0.1873294131531474,10.0,1.873294131531474,Côte-d'Or
21,2020-06-30,4,412,0,533819,0.7493176526125896,10.0,1.873294131531474,Côte-d'Or
21,2020-07-01,2,275,0,533819,0.3746588263062948,9.0,1.6859647183783268,Côte-d'Or
21,2020-07-02,0,277,0,533819,0.0,9.0,1.6859647183783268,Côte-d'Or
21,2020-07-03,1,339,0,533819,0.1873294131531474,8.0,1.4986353052251793,Côte-d'Or
21,2020-07-04,0,254,0,533819,0.0,8.0,1.4986353052251793,Côte-d'Or
21,2020-07-05,0,72,0,533819,0.0,8.0,1.4986353052251793,Côte-d'Or
21,2020-07-06,1,335,0,533819,0.1873294131531474,8.0,1.4986353052251793,Côte-d'Or
21,2020-07-07,3,333,0,533819,0.5619882394594423,7.0,1.311305892072032,Côte-d'Or
21,2020-07-08,3,374,0,533819,0.5619882394594423,8.0,1.4986353052251793,Côte-d'Or
21,2020-07-09,7,357,0,533819,1.311305892072032,15.0,2.8099411972972117,Côte-d'Or
21,2020-07-10,1,442,0,533819,0.1873294131531474,15.0,2.8099411972972117,Côte-d'Or
21,2020-07-11,3,266,0,533819,0.5619882394594423,18.0,3.3719294367566537,Côte-d'Or
21,2020-07-12,0,44,0,533819,0.0,18.0,3.3719294367566537,Côte-d'Or
21,2020-07-13,1,494,0,533819,0.1873294131531474,18.0,3.3719294367566537,Côte-d'Or
21,2020-07-14,1,97,0,533819,0.1873294131531474,16.0,2.9972706104503586,Côte-d'Or
21,2020-07-15,3,551,0,533819,0.5619882394594423,16.0,2.9972706104503586,Côte-d'Or
21,2020-07-16,2,484,0,533819,0.3746588263062948,11.0,2.060623544684621,Côte-d'Or
21,2020-07-17,5,753,0,533819,0.936647065765737,15.0,2.8099411972972117,Côte-d'Or
21,2020-07-18,1,518,0,533819,0.1873294131531474,13.0,2.4352823709909157,Côte-d'Or
21,2020-07-19,0,83,0,533819,0.0,13.0,2.4352823709909157,Côte-d'Or
21,2020-07-20,4,624,0,533819,0.7493176526125896,16.0,2.9972706104503586,Côte-d'Or
21,2020-07-21,0,599,0,533819,0.0,15.0,2.8099411972972117,Côte-d'Or
21,2020-07-22,3,742,0,533819,0.5619882394594423,15.0,2.8099411972972117,Côte-d'Or
21,2020-07-23,7,465,0,533819,1.311305892072032,20.0,3.746588263062948,Côte-d'Or
21,2020-07-24,3,635,0,533819,0.5619882394594423,18.0,3.3719294367566537,Côte-d'Or
21,2020-07-25,3,591,0,533819,0.5619882394594423,20.0,3.746588263062948,Côte-d'Or
21,2020-07-26,0,97,0,533819,0.0,20.0,3.746588263062948,Côte-d'Or
21,2020-07-27,8,617,0,533819,1.4986353052251793,24.0,4.4959059156755385,Côte-d'Or
21,2020-07-28,4,614,0,533819,0.7493176526125896,28.0,5.245223568288128,Côte-d'Or
21,2020-07-29,3,609,0,533819,0.5619882394594423,28.0,5.245223568288128,Côte-d'Or
21,2020-07-30,2,630,0,533819,0.3746588263062948,23.0,4.30857650252239,Côte-d'Or
21,2020-07-31,6,564,0,533819,1.1239764789188846,26.0,4.870564741981831,Côte-d'Or
21,2020-08-01,1,299,0,533819,0.1873294131531474,24.0,4.4959059156755385,Côte-d'Or
21,2020-08-02,2,103,0,533819,0.3746588263062948,26.0,4.870564741981831,Côte-d'Or
21,2020-08-03,9,559,0,533819,1.6859647183783268,27.0,5.0578941551349805,Côte-d'Or
21,2020-08-04,5,546,0,533819,0.936647065765737,28.0,5.245223568288128,Côte-d'Or
21,2020-08-05,12,563,0,533819,2.2479529578377693,37.0,6.931188286666454,Côte-d'Or
21,2020-08-06,7,531,0,533819,1.311305892072032,42.0,7.867835352432191,Côte-d'Or
21,2020-08-07,3,577,0,533819,0.5619882394594423,39.0,7.305847112972749,Côte-d'Or
21,2020-08-08,2,463,0,533819,0.3746588263062948,40.0,7.493176526125896,Côte-d'Or
21,2020-08-09,2,103,0,533819,0.3746588263062948,40.0,7.493176526125896,Côte-d'Or
21,2020-08-10,4,528,0,533819,0.7493176526125896,35.0,6.556529460360158,Côte-d'Or
21,2020-08-11,5,475,0,533819,0.936647065765737,35.0,6.556529460360158,Côte-d'Or
21,2020-08-12,15,502,0,533819,2.8099411972972117,38.0,7.118517699819603,Côte-d'Or
21,2020-08-13,7,565,0,533819,1.311305892072032,38.0,7.118517699819603,Côte-d'Or
21,2020-08-14,13,730,0,533819,2.4352823709909157,48.0,8.991811831351077,Côte-d'Or
21,2020-08-15,10,187,0,533819,1.873294131531474,56.0,10.490447136576256,Côte-d'Or
21,2020-08-16,4,170,0,533819,0.7493176526125896,58.0,10.86510596288255,Côte-d'Or
21,2020-08-17,30,971,0,533819,5.619882394594423,84.0,15.735670704864384,Côte-d'Or
21,2020-08-18,19,990,0,533819,3.5592588499098015,98.0,18.358282489008445,Côte-d'Or
21,2020-08-19,29,956,0,533819,5.432552981441275,112.0,20.98089427315251,Côte-d'Or
21,2020-08-20,34,962,0,533819,6.369200047207012,139.0,26.038788428287486,Côte-d'Or
21,2020-08-21,58,1290,0,533819,10.86510596288255,184.0,34.46861202017912,Côte-d'Or
21,2020-08-22,38,1065,0,533819,7.118517699819603,212.0,39.71383558846726,Côte-d'Or
21,2020-08-23,16,267,0,533819,2.9972706104503586,224.0,41.96178854630502,Côte-d'Or
21,2020-08-24,60,1726,0,533819,11.239764789188843,254.0,47.581670940899436,Côte-d'Or
21,2020-08-25,44,1470,0,533819,8.242494178738486,279.0,52.26490626972814,Côte-d'Or
21,2020-08-26,62,1794,0,533819,11.61442361549514,312.0,58.446776903781995,Côte-d'Or
21,2020-08-27,71,1550,0,533819,13.300388333873466,349.0,65.37796519044845,Côte-d'Or
21,2020-08-28,70,1896,0,533819,13.113058920720317,361.0,67.62591814828622,Côte-d'Or
21,2020-08-29,29,975,0,533819,5.432552981441275,352.0,65.93995342990789,Côte-d'Or
21,2020-08-30,18,583,0,533819,3.3719294367566537,354.0,66.31461225621419,Côte-d'Or
21,2020-08-31,46,1625,0,533819,8.61715300504478,340.0,63.69200047207012,Côte-d'Or
21,2020-09-01,67,1664,0,533819,12.551070681260876,363.0,68.0005769745925,Côte-d'Or
21,2020-09-02,64,1766,0,533819,11.989082441801436,365.0,68.3752358008988,Côte-d'Or
21,2020-09-03,78,1540,0,533819,14.611694225945499,372.0,69.68654169297083,Côte-d'Or
21,2020-09-04,66,1585,0,533819,12.363741268107727,368.0,68.93722404035825,Côte-d'Or
21,2020-09-05,32,1050,0,533819,5.994541220900718,371.0,69.49921227981767,Côte-d'Or
21,2020-09-06,27,494,0,533819,5.0578941551349805,380.0,71.18517699819601,Côte-d'Or
21,2020-09-07,114,1956,0,533819,21.35555309945881,448.0,83.92357709261005,Côte-d'Or
21,2020-09-08,121,2325,0,533819,22.666858991530837,502.0,94.03936540288,Côte-d'Or
21,2020-09-09,73,1990,0,533819,13.675047160179762,511.0,95.72533012125834,Côte-d'Or
21,2020-09-10,114,2352,0,533819,21.35555309945881,547.0,102.46918899477163,Côte-d'Or
21,2020-09-11,83,2495,0,533819,15.548341291711235,564.0,105.65378901837515,Côte-d'Or
21,2020-09-12,50,1305,0,533819,9.36647065765737,582.0,109.0257184551318,Côte-d'Or
21,2020-09-13,36,668,0,533819,6.743858873513307,591.0,110.71168317351014,Côte-d'Or
21,2020-09-14,76,1843,0,533819,14.237035399639206,553.0,103.5931654736905,Côte-d'Or
21,2020-09-15,83,1816,0,533819,15.548341291711235,515.0,96.47464777387093,Côte-d'Or
21,2020-09-16,78,1863,0,533819,14.611694225945499,520.0,97.41129483963668,Côte-d'Or
21,2020-09-17,86,1622,0,533819,16.110329531170677,492.0,92.16607127134851,Côte-d'Or
21,2020-09-18,106,1857,0,533819,19.85691779423363,515.0,96.47464777387093,Côte-d'Or
21,2020-09-19,57,1010,0,533819,10.677776549729405,522.0,97.78595366594296,Côte-d'Or
21,2020-09-20,59,651,0,533819,11.052435376035698,545.0,102.09453016846537,Côte-d'Or
21,2020-09-21,92,1349,0,533819,17.23430601008956,561.0,105.09180077891571,Côte-d'Or
21,2020-09-22,96,1274,0,533819,17.983623662702154,574.0,107.52708314990662,Côte-d'Or
21,2020-09-23,114,1302,0,533819,21.35555309945881,610.0,114.27094202341992,Côte-d'Or
21,2020-09-24,109,1317,0,533819,20.418906033693066,633.0,118.5795185259423,Côte-d'Or
21,2020-09-25,85,1346,0,533819,15.92300011801753,612.0,114.64560084972622,Côte-d'Or
21,2020-09-26,66,885,0,533819,12.363741268107727,621.0,116.33156556810455,Côte-d'Or
21,2020-09-27,27,223,0,533819,5.0578941551349805,589.0,110.33702434720385,Côte-d'Or
21,2020-09-28,92,1370,0,533819,17.23430601008956,589.0,110.33702434720385,Côte-d'Or
21,2020-09-29,81,1230,0,533819,15.173682465404944,574.0,107.52708314990662,Côte-d'Or
21,2020-09-30,120,1183,0,533819,22.47952957837769,580.0,108.65105962882551,Côte-d'Or
21,2020-10-01,86,1270,0,533819,16.110329531170677,557.0,104.34248312630312,Côte-d'Or
21,2020-10-02,94,1375,0,533819,17.608964836395856,566.0,106.02844784468144,Côte-d'Or
21,2020-10-03,44,753,0,533819,8.242494178738486,544.0,101.90720075531219,Côte-d'Or
21,2020-10-04,20,248,0,533819,3.746588263062948,537.0,100.59589486324016,Côte-d'Or
21,2020-10-05,127,1329,0,533819,23.790835470449718,572.0,107.15242432360031,Côte-d'Or
21,2020-10-06,82,1149,0,533819,15.361011878558088,573.0,107.33975373675348,Côte-d'Or
21,2020-10-07,151,1244,0,533819,28.286741386125254,604.0,113.14696554450104,Côte-d'Or
21,2020-10-08,115,1293,0,533819,21.542882512611946,633.0,118.5795185259423,Côte-d'Or
21,2020-10-09,145,1441,0,533819,27.162764907206373,684.0,128.13331859675282,Côte-d'Or
21,2020-10-10,97,831,0,533819,18.1709530758553,737.0,138.06177749386964,Côte-d'Or
21,2020-10-11,25,269,0,533819,4.683235328828685,742.0,138.99842455963534,Côte-d'Or
25,2020-05-13,6,292,0,539067,1.113034186845049,,,Doubs
25,2020-05-14,5,357,0,539067,0.9275284890375408,,,Doubs
25,2020-05-15,6,431,0,539067,1.113034186845049,,,Doubs
25,2020-05-16,7,176,0,539067,1.298539884652557,,,Doubs
25,2020-05-17,1,70,0,539067,0.18550569780750814,,,Doubs
25,2020-05-18,5,376,0,539067,0.9275284890375408,,,Doubs
25,2020-05-19,7,444,0,539067,1.298539884652557,37.0,6.863710818877803,Doubs
25,2020-05-20,5,377,0,539067,0.9275284890375408,36.0,6.678205121070294,Doubs
25,2020-05-21,1,90,0,539067,0.18550569780750814,32.0,5.936182329840262,Doubs
25,2020-05-22,5,301,0,539067,0.9275284890375408,31.0,5.750676632032754,Doubs
25,2020-05-23,1,157,0,539067,0.18550569780750814,25.0,4.637642445187704,Doubs
25,2020-05-24,1,42,0,539067,0.18550569780750814,25.0,4.637642445187704,Doubs
25,2020-05-25,2,320,0,539067,0.3710113956150163,22.0,4.081125351765181,Doubs
25,2020-05-26,3,369,0,539067,0.5565170934225245,18.0,3.339102560535147,Doubs
25,2020-05-27,4,341,0,539067,0.7420227912300327,17.0,3.1535968627276385,Doubs
25,2020-05-28,2,300,0,539067,0.3710113956150163,18.0,3.339102560535147,Doubs
25,2020-05-29,1,316,0,539067,0.18550569780750814,14.0,2.597079769305114,Doubs
25,2020-05-30,5,223,0,539067,0.9275284890375408,18.0,3.339102560535147,Doubs
25,2020-05-31,2,59,0,539067,0.3710113956150163,19.0,3.5246082583426546,Doubs
25,2020-06-01,1,66,0,539067,0.18550569780750814,18.0,3.339102560535147,Doubs
25,2020-06-02,10,351,0,539067,1.8550569780750816,25.0,4.637642445187704,Doubs
25,2020-06-03,2,361,0,539067,0.3710113956150163,23.0,4.266631049572688,Doubs
25,2020-06-04,7,355,0,539067,1.298539884652557,28.0,5.194159538610228,Doubs
25,2020-06-05,3,344,0,539067,0.5565170934225245,30.0,5.565170934225245,Doubs
25,2020-06-06,4,205,0,539067,0.7420227912300327,29.0,5.379665236417736,Doubs
25,2020-06-07,0,43,0,539067,0.0,27.0,5.008653840802722,Doubs
25,2020-06-08,2,365,0,539067,0.3710113956150163,28.0,5.194159538610228,Doubs
25,2020-06-09,4,329,0,539067,0.7420227912300327,22.0,4.081125351765181,Doubs
25,2020-06-10,10,363,0,539067,1.8550569780750816,30.0,5.565170934225245,Doubs
25,2020-06-11,1,332,0,539067,0.18550569780750814,24.0,4.452136747380196,Doubs
25,2020-06-12,6,312,0,539067,1.113034186845049,27.0,5.008653840802722,Doubs
25,2020-06-13,1,220,0,539067,0.18550569780750814,24.0,4.452136747380196,Doubs
25,2020-06-14,1,67,0,539067,0.18550569780750814,25.0,4.637642445187704,Doubs
25,2020-06-15,2,372,0,539067,0.3710113956150163,25.0,4.637642445187704,Doubs
25,2020-06-16,0,334,0,539067,0.0,21.0,3.8956196539576715,Doubs
25,2020-06-17,5,266,0,539067,0.9275284890375408,16.0,2.9680911649201307,Doubs
25,2020-06-18,1,302,0,539067,0.18550569780750814,16.0,2.9680911649201307,Doubs
25,2020-06-19,4,337,0,539067,0.7420227912300327,14.0,2.597079769305114,Doubs
25,2020-06-20,1,261,0,539067,0.18550569780750814,14.0,2.597079769305114,Doubs
25,2020-06-21,0,88,0,539067,0.0,13.0,2.4115740714976064,Doubs
25,2020-06-22,2,286,0,539067,0.3710113956150163,13.0,2.4115740714976064,Doubs
25,2020-06-23,1,345,0,539067,0.18550569780750814,14.0,2.597079769305114,Doubs
25,2020-06-24,5,338,0,539067,0.9275284890375408,14.0,2.597079769305114,Doubs
25,2020-06-25,3,259,0,539067,0.5565170934225245,16.0,2.9680911649201307,Doubs
25,2020-06-26,2,357,0,539067,0.3710113956150163,14.0,2.597079769305114,Doubs
25,2020-06-27,1,175,0,539067,0.18550569780750814,14.0,2.597079769305114,Doubs
25,2020-06-28,0,102,0,539067,0.0,14.0,2.597079769305114,Doubs
25,2020-06-29,4,375,0,539067,0.7420227912300327,16.0,2.9680911649201307,Doubs
25,2020-06-30,6,375,0,539067,1.113034186845049,21.0,3.8956196539576715,Doubs
25,2020-07-01,5,387,0,539067,0.9275284890375408,21.0,3.8956196539576715,Doubs
25,2020-07-02,2,341,0,539067,0.3710113956150163,20.0,3.7101139561501633,Doubs
25,2020-07-03,1,416,0,539067,0.18550569780750814,19.0,3.5246082583426546,Doubs
25,2020-07-04,0,267,0,539067,0.0,18.0,3.339102560535147,Doubs
25,2020-07-05,0,73,0,539067,0.0,18.0,3.339102560535147,Doubs
25,2020-07-06,4,400,0,539067,0.7420227912300327,18.0,3.339102560535147,Doubs
25,2020-07-07,3,378,0,539067,0.5565170934225245,15.0,2.7825854671126224,Doubs
25,2020-07-08,5,442,0,539067,0.9275284890375408,15.0,2.7825854671126224,Doubs
25,2020-07-09,6,588,0,539067,1.113034186845049,19.0,3.5246082583426546,Doubs
25,2020-07-10,2,569,0,539067,0.3710113956150163,20.0,3.7101139561501633,Doubs
25,2020-07-11,2,287,0,539067,0.3710113956150163,22.0,4.081125351765181,Doubs
25,2020-07-12,4,114,0,539067,0.7420227912300327,26.0,4.823148142995213,Doubs
25,2020-07-13,6,510,0,539067,1.113034186845049,28.0,5.194159538610228,Doubs
25,2020-07-14,1,101,0,539067,0.18550569780750814,26.0,4.823148142995213,Doubs
25,2020-07-15,2,669,0,539067,0.3710113956150163,23.0,4.266631049572688,Doubs
25,2020-07-16,1,577,0,539067,0.18550569780750814,18.0,3.339102560535147,Doubs
25,2020-07-17,3,567,0,539067,0.5565170934225245,19.0,3.5246082583426546,Doubs
25,2020-07-18,2,385,0,539067,0.3710113956150163,19.0,3.5246082583426546,Doubs
25,2020-07-19,0,88,0,539067,0.0,15.0,2.7825854671126224,Doubs
25,2020-07-20,9,550,0,539067,1.6695512802675736,18.0,3.339102560535147,Doubs
25,2020-07-21,4,574,0,539067,0.7420227912300327,21.0,3.8956196539576715,Doubs
25,2020-07-22,3,752,0,539067,0.5565170934225245,22.0,4.081125351765181,Doubs
25,2020-07-23,5,559,0,539067,0.9275284890375408,26.0,4.823148142995213,Doubs
25,2020-07-24,6,549,0,539067,1.113034186845049,29.0,5.379665236417736,Doubs
25,2020-07-25,2,324,0,539067,0.3710113956150163,29.0,5.379665236417736,Doubs
25,2020-07-26,1,82,0,539067,0.18550569780750814,30.0,5.565170934225245,Doubs
25,2020-07-27,6,596,0,539067,1.113034186845049,27.0,5.008653840802722,Doubs
25,2020-07-28,4,557,0,539067,0.7420227912300327,27.0,5.008653840802722,Doubs
25,2020-07-29,5,607,0,539067,0.9275284890375408,29.0,5.379665236417736,Doubs
25,2020-07-30,8,512,0,539067,1.4840455824600651,32.0,5.936182329840262,Doubs
25,2020-07-31,8,721,0,539067,1.4840455824600651,34.0,6.307193725455277,Doubs
25,2020-08-01,3,379,0,539067,0.5565170934225245,35.0,6.492699423262786,Doubs
25,2020-08-02,2,119,0,539067,0.3710113956150163,36.0,6.678205121070294,Doubs
25,2020-08-03,8,633,0,539067,1.4840455824600651,38.0,7.049216516685309,Doubs
25,2020-08-04,1,572,0,539067,0.18550569780750814,35.0,6.492699423262786,Doubs
25,2020-08-05,3,490,0,539067,0.5565170934225245,33.0,6.121688027647768,Doubs
25,2020-08-06,10,482,0,539067,1.8550569780750816,35.0,6.492699423262786,Doubs
25,2020-08-07,4,474,0,539067,0.7420227912300327,31.0,5.750676632032754,Doubs
25,2020-08-08,3,336,0,539067,0.5565170934225245,31.0,5.750676632032754,Doubs
25,2020-08-09,0,107,0,539067,0.0,29.0,5.379665236417736,Doubs
25,2020-08-10,12,491,0,539067,2.226068373690098,33.0,6.121688027647768,Doubs
25,2020-08-11,8,551,0,539067,1.4840455824600651,40.0,7.4202279123003265,Doubs
25,2020-08-12,11,553,0,539067,2.0405626758825903,48.0,8.904273494760393,Doubs
25,2020-08-13,17,592,0,539067,3.1535968627276385,55.0,10.202813379412946,Doubs
25,2020-08-14,17,758,0,539067,3.1535968627276385,68.0,12.614387450910554,Doubs
25,2020-08-15,3,169,0,539067,0.5565170934225245,68.0,12.614387450910554,Doubs
25,2020-08-16,3,188,0,539067,0.5565170934225245,71.0,13.170904544333082,Doubs
25,2020-08-17,18,883,0,539067,3.339102560535147,77.0,14.283938731178127,Doubs
25,2020-08-18,26,874,0,539067,4.823148142995213,95.0,17.623041291713275,Doubs
25,2020-08-19,13,840,0,539067,2.4115740714976064,97.0,17.994052687328292,Doubs
25,2020-08-20,14,871,0,539067,2.597079769305114,94.0,17.437535593905768,Doubs
25,2020-08-21,16,995,0,539067,2.9680911649201307,93.0,17.252029896098257,Doubs
25,2020-08-22,3,588,0,539067,0.5565170934225245,93.0,17.252029896098257,Doubs
25,2020-08-23,4,249,0,539067,0.7420227912300327,94.0,17.437535593905768,Doubs
25,2020-08-24,17,1077,0,539067,3.1535968627276385,93.0,17.252029896098257,Doubs
25,2020-08-25,30,838,0,539067,5.565170934225245,97.0,17.994052687328292,Doubs
25,2020-08-26,28,1255,0,539067,5.194159538610228,112.0,20.776638154440914,Doubs
25,2020-08-27,30,1061,0,539067,5.565170934225245,128.0,23.744729319361053,Doubs
25,2020-08-28,34,1268,0,539067,6.307193725455277,146.0,27.08383187989619,Doubs
25,2020-08-29,17,853,0,539067,3.1535968627276385,160.0,29.680911649201303,Doubs
25,2020-08-30,8,350,0,539067,1.4840455824600651,164.0,30.422934440431337,Doubs
25,2020-08-31,45,1266,0,539067,8.347756401337866,192.0,35.61709397904157,Doubs
25,2020-09-01,30,1133,0,539067,5.565170934225245,192.0,35.61709397904157,Doubs
25,2020-09-02,30,1191,0,539067,5.565170934225245,194.0,35.988105374656584,Doubs
25,2020-09-03,22,1151,0,539067,4.081125351765181,186.0,34.504059792196514,Doubs
25,2020-09-04,56,1169,0,539067,10.388319077220457,208.0,38.5851851439617,Doubs
25,2020-09-05,30,873,0,539067,5.565170934225245,221.0,40.9967592154593,Doubs
25,2020-09-06,6,169,0,539067,1.113034186845049,219.0,40.625747819844285,Doubs
25,2020-09-07,46,1308,0,539067,8.533262099145375,220.0,40.811253517651785,Doubs
25,2020-09-08,50,1477,0,539067,9.275284890375408,240.0,44.52136747380196,Doubs
25,2020-09-09,39,1585,0,539067,7.234722214492817,249.0,46.19091875406953,Doubs
25,2020-09-10,51,1866,0,539067,9.460790588182915,278.0,51.57058399048727,Doubs
25,2020-09-11,44,1783,0,539067,8.162250703530361,266.0,49.34451561679717,Doubs
25,2020-09-12,30,1272,0,539067,5.565170934225245,266.0,49.34451561679717,Doubs
25,2020-09-13,6,200,0,539067,1.113034186845049,266.0,49.34451561679717,Doubs
25,2020-09-14,77,1923,0,539067,14.283938731178127,297.0,55.095192248829925,Doubs
25,2020-09-15,63,1798,0,539067,11.686858961873016,310.0,57.50676632032752,Doubs
25,2020-09-16,67,1542,0,539067,12.428881753103044,338.0,62.70092585893775,Doubs
25,2020-09-17,81,1638,0,539067,15.025961522408162,368.0,68.266096793163,Doubs
25,2020-09-18,64,1500,0,539067,11.872364659680526,388.0,71.97621074931317,Doubs
25,2020-09-19,32,986,0,539067,5.936182329840262,390.0,72.34722214492818,Doubs
25,2020-09-20,5,135,0,539067,0.9275284890375408,389.0,72.16171644712068,Doubs
25,2020-09-21,67,1642,0,539067,12.428881753103044,379.0,70.3066594690456,Doubs
25,2020-09-22,49,1318,0,539067,9.089779192567901,365.0,67.70957969974047,Doubs
25,2020-09-23,57,1107,0,539067,10.573824775027964,355.0,65.8545227216654,Doubs
25,2020-09-24,77,1135,0,539067,14.283938731178127,351.0,65.11249993043536,Doubs
25,2020-09-25,39,1321,0,539067,7.234722214492817,326.0,60.47485748524766,Doubs
25,2020-09-26,24,668,0,539067,4.452136747380196,318.0,58.9908119027876,Doubs
25,2020-09-27,1,116,0,539067,0.18550569780750814,314.0,58.24878911155757,Doubs
25,2020-09-28,59,1264,0,539067,10.944836170642981,306.0,56.76474352909749,Doubs
25,2020-09-29,41,1088,0,539067,7.605733610107834,298.0,55.28069794663743,Doubs
25,2020-09-30,58,1010,0,539067,10.759330472835472,299.0,55.46620364444493,Doubs
25,2020-10-01,51,943,0,539067,9.460790588182915,273.0,50.643055501449716,Doubs
25,2020-10-02,36,1081,0,539067,6.678205121070294,270.0,50.0865384080272,Doubs
25,2020-10-03,39,626,0,539067,7.234722214492817,285.0,52.86912387513983,Doubs
25,2020-10-04,1,118,0,539067,0.18550569780750814,285.0,52.86912387513983,Doubs
25,2020-10-05,68,1309,0,539067,12.614387450910554,294.0,54.5386751554074,Doubs
25,2020-10-06,47,1195,0,539067,8.718767796952884,300.0,55.65170934225245,Doubs
25,2020-10-07,66,1095,0,539067,12.243376055295537,308.0,57.13575492471251,Doubs
25,2020-10-08,94,1103,0,539067,17.437535593905768,351.0,65.11249993043536,Doubs
25,2020-10-09,83,1172,0,539067,15.396972918023176,398.0,73.83126772738825,Doubs
25,2020-10-10,65,741,0,539067,12.05787035748803,424.0,78.65441587038346,Doubs
25,2020-10-11,10,132,0,539067,1.8550569780750816,433.0,80.32396715065103,Doubs
39,2020-05-13,0,144,0,260188,0.0,,,Jura
39,2020-05-14,0,127,0,260188,0.0,,,Jura
39,2020-05-15,6,144,0,260188,2.3060248743216443,,,Jura
39,2020-05-16,0,39,0,260188,0.0,,,Jura
39,2020-05-17,1,31,0,260188,0.3843374790536073,,,Jura
39,2020-05-18,0,97,0,260188,0.0,,,Jura
39,2020-05-19,1,187,0,260188,0.3843374790536073,8.0,3.0746998324288595,Jura
39,2020-05-20,2,171,0,260188,0.7686749581072149,10.0,3.843374790536074,Jura
39,2020-05-21,2,45,0,260188,0.7686749581072149,12.0,4.6120497486432885,Jura
39,2020-05-22,7,186,0,260188,2.690362353375252,13.0,4.996387227696896,Jura
39,2020-05-23,0,84,0,260188,0.0,13.0,4.996387227696896,Jura
39,2020-05-24,0,34,0,260188,0.0,12.0,4.6120497486432885,Jura
39,2020-05-25,3,187,0,260188,1.153012437160822,15.0,5.765062185804111,Jura
39,2020-05-26,0,148,0,260188,0.0,14.0,5.380724706750502,Jura
39,2020-05-27,0,160,0,260188,0.0,12.0,4.6120497486432885,Jura
39,2020-05-28,0,106,0,260188,0.0,10.0,3.843374790536074,Jura
39,2020-05-29,0,98,0,260188,0.0,3.0,1.153012437160822,Jura
39,2020-05-30,0,56,0,260188,0.0,3.0,1.153012437160822,Jura
39,2020-05-31,0,12,0,260188,0.0,3.0,1.153012437160822,Jura
39,2020-06-01,0,17,0,260188,0.0,0.0,0.0,Jura
39,2020-06-02,0,120,0,260188,0.0,0.0,0.0,Jura
39,2020-06-03,0,105,0,260188,0.0,0.0,0.0,Jura
39,2020-06-04,1,248,0,260188,0.3843374790536073,1.0,0.3843374790536073,Jura
39,2020-06-05,0,144,0,260188,0.0,1.0,0.3843374790536073,Jura
39,2020-06-06,0,55,0,260188,0.0,1.0,0.3843374790536073,Jura
39,2020-06-07,0,10,0,260188,0.0,1.0,0.3843374790536073,Jura
39,2020-06-08,1,99,0,260188,0.3843374790536073,2.0,0.7686749581072149,Jura
39,2020-06-09,1,139,0,260188,0.3843374790536073,3.0,1.153012437160822,Jura
39,2020-06-10,1,116,0,260188,0.3843374790536073,4.0,1.5373499162144295,Jura
39,2020-06-11,1,97,0,260188,0.3843374790536073,4.0,1.5373499162144295,Jura
39,2020-06-12,0,130,0,260188,0.0,4.0,1.5373499162144295,Jura
39,2020-06-13,0,79,0,260188,0.0,4.0,1.5373499162144295,Jura
39,2020-06-14,0,15,0,260188,0.0,4.0,1.5373499162144295,Jura
39,2020-06-15,0,100,0,260188,0.0,3.0,1.153012437160822,Jura
39,2020-06-16,3,163,0,260188,1.153012437160822,5.0,1.921687395268037,Jura
39,2020-06-17,2,108,0,260188,0.7686749581072149,6.0,2.3060248743216443,Jura
39,2020-06-18,0,90,0,260188,0.0,5.0,1.921687395268037,Jura
39,2020-06-19,0,122,0,260188,0.0,5.0,1.921687395268037,Jura
39,2020-06-20,0,54,0,260188,0.0,5.0,1.921687395268037,Jura
39,2020-06-21,0,16,0,260188,0.0,5.0,1.921687395268037,Jura
39,2020-06-22,2,99,0,260188,0.7686749581072149,7.0,2.690362353375252,Jura
39,2020-06-23,2,118,0,260188,0.7686749581072149,6.0,2.3060248743216443,Jura
39,2020-06-24,0,135,0,260188,0.0,4.0,1.5373499162144295,Jura
39,2020-06-25,1,118,0,260188,0.3843374790536073,5.0,1.921687395268037,Jura
39,2020-06-26,1,119,0,260188,0.3843374790536073,6.0,2.3060248743216443,Jura
39,2020-06-27,0,69,0,260188,0.0,6.0,2.3060248743216443,Jura
39,2020-06-28,2,19,0,260188,0.7686749581072149,8.0,3.0746998324288595,Jura
39,2020-06-29,2,177,0,260188,0.7686749581072149,8.0,3.0746998324288595,Jura
39,2020-06-30,0,213,0,260188,0.0,6.0,2.3060248743216443,Jura
39,2020-07-01,2,187,0,260188,0.7686749581072149,8.0,3.0746998324288595,Jura
39,2020-07-02,1,379,0,260188,0.3843374790536073,8.0,3.0746998324288595,Jura
39,2020-07-03,1,455,0,260188,0.3843374790536073,8.0,3.0746998324288595,Jura
39,2020-07-04,1,126,0,260188,0.3843374790536073,9.0,3.459037311482467,Jura
39,2020-07-05,1,51,0,260188,0.3843374790536073,8.0,3.0746998324288595,Jura
39,2020-07-06,0,171,0,260188,0.0,6.0,2.3060248743216443,Jura
39,2020-07-07,1,194,0,260188,0.3843374790536073,7.0,2.690362353375252,Jura
39,2020-07-08,2,301,0,260188,0.7686749581072149,7.0,2.690362353375252,Jura
39,2020-07-09,1,463,0,260188,0.3843374790536073,7.0,2.690362353375252,Jura
39,2020-07-10,6,735,0,260188,2.3060248743216443,12.0,4.6120497486432885,Jura
39,2020-07-11,0,115,0,260188,0.0,11.0,4.227712269589682,Jura
39,2020-07-12,0,29,0,260188,0.0,10.0,3.843374790536074,Jura
39,2020-07-13,3,227,0,260188,1.153012437160822,13.0,4.996387227696896,Jura
39,2020-07-14,0,31,0,260188,0.0,12.0,4.6120497486432885,Jura
39,2020-07-15,0,219,0,260188,0.0,10.0,3.843374790536074,Jura
39,2020-07-16,1,275,0,260188,0.3843374790536073,10.0,3.843374790536074,Jura
39,2020-07-17,7,612,0,260188,2.690362353375252,11.0,4.227712269589682,Jura
39,2020-07-18,2,165,0,260188,0.7686749581072149,13.0,4.996387227696896,Jura
39,2020-07-19,4,50,0,260188,1.5373499162144295,17.0,6.533737143911326,Jura
39,2020-07-20,3,437,0,260188,1.153012437160822,17.0,6.533737143911326,Jura
39,2020-07-21,2,252,0,260188,0.7686749581072149,19.0,7.3024121020185415,Jura
39,2020-07-22,0,463,0,260188,0.0,19.0,7.3024121020185415,Jura
39,2020-07-23,4,314,0,260188,1.5373499162144295,22.0,8.455424539179361,Jura
39,2020-07-24,6,384,0,260188,2.3060248743216443,21.0,8.071087060125755,Jura
39,2020-07-25,1,158,0,260188,0.3843374790536073,20.0,7.686749581072148,Jura
39,2020-07-26,1,38,0,260188,0.3843374790536073,17.0,6.533737143911326,Jura
39,2020-07-27,3,214,0,260188,1.153012437160822,17.0,6.533737143911326,Jura
39,2020-07-28,0,237,0,260188,0.0,15.0,5.765062185804111,Jura
39,2020-07-29,2,271,0,260188,0.7686749581072149,17.0,6.533737143911326,Jura
39,2020-07-30,0,332,0,260188,0.0,13.0,4.996387227696896,Jura
39,2020-07-31,0,405,0,260188,0.0,7.0,2.690362353375252,Jura
39,2020-08-01,1,112,0,260188,0.3843374790536073,7.0,2.690362353375252,Jura
39,2020-08-02,0,30,0,260188,0.0,6.0,2.3060248743216443,Jura
39,2020-08-03,1,199,0,260188,0.3843374790536073,4.0,1.5373499162144295,Jura
39,2020-08-04,1,273,0,260188,0.3843374790536073,5.0,1.921687395268037,Jura
39,2020-08-05,2,178,0,260188,0.7686749581072149,5.0,1.921687395268037,Jura
39,2020-08-06,1,199,0,260188,0.3843374790536073,6.0,2.3060248743216443,Jura
39,2020-08-07,6,231,0,260188,2.3060248743216443,12.0,4.6120497486432885,Jura
39,2020-08-08,3,104,0,260188,1.153012437160822,14.0,5.380724706750502,Jura
39,2020-08-09,0,39,0,260188,0.0,14.0,5.380724706750502,Jura
39,2020-08-10,2,161,0,260188,0.7686749581072149,15.0,5.765062185804111,Jura
39,2020-08-11,2,228,0,260188,0.7686749581072149,16.0,6.149399664857719,Jura
39,2020-08-12,3,173,0,260188,1.153012437160822,17.0,6.533737143911326,Jura
39,2020-08-13,2,193,0,260188,0.7686749581072149,18.0,6.918074622964934,Jura
39,2020-08-14,6,258,0,260188,2.3060248743216443,18.0,6.918074622964934,Jura
39,2020-08-15,1,54,0,260188,0.3843374790536073,16.0,6.149399664857719,Jura
39,2020-08-16,2,42,0,260188,0.7686749581072149,18.0,6.918074622964934,Jura
39,2020-08-17,5,276,0,260188,1.921687395268037,21.0,8.071087060125755,Jura
39,2020-08-18,7,297,0,260188,2.690362353375252,26.0,9.992774455393793,Jura
39,2020-08-19,3,319,0,260188,1.153012437160822,26.0,9.992774455393793,Jura
39,2020-08-20,7,368,0,260188,2.690362353375252,31.0,11.914461850661828,Jura
39,2020-08-21,7,404,0,260188,2.690362353375252,32.0,12.298799329715438,Jura
39,2020-08-22,4,227,0,260188,1.5373499162144295,35.0,13.45181176687626,Jura
39,2020-08-23,0,59,0,260188,0.0,33.0,12.683136808769046,Jura
39,2020-08-24,6,345,0,260188,2.3060248743216443,34.0,13.067474287822652,Jura
39,2020-08-25,5,298,0,260188,1.921687395268037,32.0,12.298799329715438,Jura
39,2020-08-26,7,480,0,260188,2.690362353375252,36.0,13.836149245929867,Jura
39,2020-08-27,9,461,0,260188,3.459037311482467,38.0,14.60482420403708,Jura
39,2020-08-28,12,566,0,260188,4.6120497486432885,43.0,16.526511599305113,Jura
39,2020-08-29,7,286,0,260188,2.690362353375252,46.0,17.679524036465942,Jura
39,2020-08-30,1,87,0,260188,0.3843374790536073,47.0,18.063861515519548,Jura
39,2020-08-31,6,454,0,260188,2.3060248743216443,47.0,18.063861515519548,Jura
39,2020-09-01,18,561,0,260188,6.918074622964934,60.0,23.060248743216444,Jura
39,2020-09-02,7,390,0,260188,2.690362353375252,60.0,23.060248743216444,Jura
39,2020-09-03,5,364,0,260188,1.921687395268037,56.0,21.52289882700201,Jura
39,2020-09-04,17,491,0,260188,6.533737143911326,61.0,23.44458622227005,Jura
39,2020-09-05,6,330,0,260188,2.3060248743216443,60.0,23.060248743216444,Jura
39,2020-09-06,3,76,0,260188,1.153012437160822,62.0,23.828923701323657,Jura
39,2020-09-07,5,341,0,260188,1.921687395268037,61.0,23.44458622227005,Jura
39,2020-09-08,16,495,0,260188,6.149399664857719,59.0,22.675911264162835,Jura
39,2020-09-09,10,649,0,260188,3.843374790536074,62.0,23.828923701323657,Jura
39,2020-09-10,8,529,0,260188,3.0746998324288595,65.0,24.981936138484482,Jura
39,2020-09-11,13,627,0,260188,4.996387227696896,61.0,23.44458622227005,Jura
39,2020-09-12,16,467,0,260188,6.149399664857719,71.0,27.287961012806125,Jura
39,2020-09-13,6,94,0,260188,2.3060248743216443,74.0,28.44097344996695,Jura
39,2020-09-14,14,624,0,260188,5.380724706750502,83.0,31.90001076144941,Jura
39,2020-09-15,10,683,0,260188,3.843374790536074,77.0,29.593985887127772,Jura
39,2020-09-16,18,768,0,260188,6.918074622964934,85.0,32.66868571955663,Jura
39,2020-09-17,16,700,0,260188,6.149399664857719,93.0,35.74338555198549,Jura
39,2020-09-18,14,562,0,260188,5.380724706750502,94.0,36.127723031039096,Jura
39,2020-09-19,4,332,0,260188,1.5373499162144295,82.0,31.515673282395806,Jura
39,2020-09-20,1,41,0,260188,0.3843374790536073,77.0,29.593985887127772,Jura
39,2020-09-21,22,549,0,260188,8.455424539179361,85.0,32.66868571955663,Jura
39,2020-09-22,26,580,0,260188,9.992774455393793,101.0,38.818085384414346,Jura
39,2020-09-23,20,539,0,260188,7.686749581072148,103.0,39.586760342521565,Jura
39,2020-09-24,26,502,0,260188,9.992774455393793,113.0,43.43013513305763,Jura
39,2020-09-25,19,451,0,260188,7.3024121020185415,118.0,45.35182252832567,Jura
39,2020-09-26,11,232,0,260188,4.227712269589682,125.0,48.042184881700926,Jura
39,2020-09-27,2,43,0,260188,0.7686749581072149,126.0,48.426522360754525,Jura
39,2020-09-28,18,364,0,260188,6.918074622964934,122.0,46.8891724445401,Jura
39,2020-09-29,21,494,0,260188,8.071087060125755,117.0,44.967485049272064,Jura
39,2020-09-30,15,507,0,260188,5.765062185804111,112.0,43.04579765400402,Jura
39,2020-10-01,23,498,0,260188,8.839762018232971,109.0,41.89278521684321,Jura
39,2020-10-02,29,471,0,260188,11.145786892554613,119.0,45.73616000737928,Jura
39,2020-10-03,27,306,0,260188,10.3771119344474,135.0,51.885559672236994,Jura
39,2020-10-04,1,78,0,260188,0.3843374790536073,134.0,51.5012221931834,Jura
39,2020-10-05,20,427,0,260188,7.686749581072148,136.0,52.26989715129061,Jura
39,2020-10-06,32,500,0,260188,12.298799329715438,147.0,56.49760942088029,Jura
39,2020-10-07,36,500,0,260188,13.836149245929867,168.0,64.56869648100604,Jura
39,2020-10-08,36,511,0,260188,13.836149245929867,181.0,69.56508370870294,Jura
39,2020-10-09,75,592,0,260188,28.825310929020556,227.0,87.24460774516888,Jura
39,2020-10-10,39,368,0,260188,14.989161683090687,239.0,91.85665749381216,Jura
39,2020-10-11,5,67,0,260188,1.921687395268037,243.0,93.39400741002659,Jura
58,2020-05-13,0,177,0,207182,0.0,,,Nièvre
58,2020-05-14,0,93,0,207182,0.0,,,Nièvre
58,2020-05-15,29,258,0,207182,13.997354982575708,,,Nièvre
58,2020-05-16,1,18,0,207182,0.4826674131922657,,,Nièvre
58,2020-05-17,0,11,0,207182,0.0,,,Nièvre
58,2020-05-18,1,143,0,207182,0.4826674131922657,,,Nièvre
58,2020-05-19,0,164,0,207182,0.0,31.0,14.962689808960235,Nièvre
58,2020-05-20,2,176,0,207182,0.9653348263845314,33.0,15.928024635344768,Nièvre
58,2020-05-21,0,31,0,207182,0.0,33.0,15.928024635344768,Nièvre
58,2020-05-22,0,97,0,207182,0.0,4.0,1.9306696527690628,Nièvre
58,2020-05-23,2,31,0,207182,0.9653348263845314,5.0,2.4133370659613287,Nièvre
58,2020-05-24,0,29,0,207182,0.0,5.0,2.4133370659613287,Nièvre
58,2020-05-25,1,139,0,207182,0.4826674131922657,5.0,2.4133370659613287,Nièvre
58,2020-05-26,1,149,0,207182,0.4826674131922657,6.0,2.8960044791535946,Nièvre
58,2020-05-27,0,127,0,207182,0.0,4.0,1.9306696527690628,Nièvre
58,2020-05-28,1,110,0,207182,0.4826674131922657,5.0,2.4133370659613287,Nièvre
58,2020-05-29,2,85,0,207182,0.9653348263845314,7.0,3.3786718923458605,Nièvre
58,2020-05-30,1,34,0,207182,0.4826674131922657,6.0,2.8960044791535946,Nièvre
58,2020-05-31,0,18,0,207182,0.0,6.0,2.8960044791535946,Nièvre
58,2020-06-01,0,32,0,207182,0.0,5.0,2.4133370659613287,Nièvre
58,2020-06-02,1,117,0,207182,0.4826674131922657,5.0,2.4133370659613287,Nièvre
58,2020-06-03,0,104,0,207182,0.0,5.0,2.4133370659613287,Nièvre
58,2020-06-04,1,94,0,207182,0.4826674131922657,5.0,2.4133370659613287,Nièvre
58,2020-06-05,0,98,0,207182,0.0,3.0,1.4480022395767973,Nièvre
58,2020-06-06,0,62,0,207182,0.0,2.0,0.9653348263845314,Nièvre
58,2020-06-07,0,28,0,207182,0.0,2.0,0.9653348263845314,Nièvre
58,2020-06-08,0,97,0,207182,0.0,2.0,0.9653348263845314,Nièvre
58,2020-06-09,0,80,0,207182,0.0,1.0,0.4826674131922657,Nièvre
58,2020-06-10,2,91,0,207182,0.9653348263845314,3.0,1.4480022395767973,Nièvre
58,2020-06-11,0,89,0,207182,0.0,2.0,0.9653348263845314,Nièvre
58,2020-06-12,0,107,0,207182,0.0,2.0,0.9653348263845314,Nièvre
58,2020-06-13,0,38,0,207182,0.0,2.0,0.9653348263845314,Nièvre
58,2020-06-14,0,20,0,207182,0.0,2.0,0.9653348263845314,Nièvre
58,2020-06-15,0,89,0,207182,0.0,2.0,0.9653348263845314,Nièvre
58,2020-06-16,0,111,0,207182,0.0,2.0,0.9653348263845314,Nièvre
58,2020-06-17,0,133,0,207182,0.0,0.0,0.0,Nièvre
58,2020-06-18,0,125,0,207182,0.0,0.0,0.0,Nièvre
58,2020-06-19,1,91,0,207182,0.4826674131922657,1.0,0.4826674131922657,Nièvre
58,2020-06-20,0,36,0,207182,0.0,1.0,0.4826674131922657,Nièvre
58,2020-06-21,1,27,0,207182,0.4826674131922657,2.0,0.9653348263845314,Nièvre
58,2020-06-22,0,98,0,207182,0.0,2.0,0.9653348263845314,Nièvre
58,2020-06-23,0,96,0,207182,0.0,2.0,0.9653348263845314,Nièvre
58,2020-06-24,0,79,0,207182,0.0,2.0,0.9653348263845314,Nièvre
58,2020-06-25,0,198,0,207182,0.0,2.0,0.9653348263845314,Nièvre
58,2020-06-26,1,113,0,207182,0.4826674131922657,2.0,0.9653348263845314,Nièvre
58,2020-06-27,0,48,0,207182,0.0,2.0,0.9653348263845314,Nièvre
58,2020-06-28,0,26,0,207182,0.0,1.0,0.4826674131922657,Nièvre
58,2020-06-29,3,120,0,207182,1.4480022395767973,4.0,1.9306696527690628,Nièvre
58,2020-06-30,0,129,0,207182,0.0,4.0,1.9306696527690628,Nièvre
58,2020-07-01,8,274,0,207182,3.8613393055381255,12.0,5.792008958307188,Nièvre
58,2020-07-02,1,227,0,207182,0.4826674131922657,13.0,6.274676371499455,Nièvre
58,2020-07-03,0,182,0,207182,0.0,12.0,5.792008958307188,Nièvre
58,2020-07-04,7,117,0,207182,3.3786718923458605,19.0,9.170680850653051,Nièvre
58,2020-07-05,0,16,0,207182,0.0,19.0,9.170680850653051,Nièvre
58,2020-07-06,1,307,0,207182,0.4826674131922657,17.0,8.205346024268518,Nièvre
58,2020-07-07,0,225,0,207182,0.0,17.0,8.205346024268518,Nièvre
58,2020-07-08,2,172,0,207182,0.9653348263845314,11.0,5.309341545114923,Nièvre
58,2020-07-09,3,151,0,207182,1.4480022395767973,13.0,6.274676371499455,Nièvre
58,2020-07-10,0,130,0,207182,0.0,13.0,6.274676371499455,Nièvre
58,2020-07-11,0,56,0,207182,0.0,6.0,2.8960044791535946,Nièvre
58,2020-07-12,0,30,0,207182,0.0,6.0,2.8960044791535946,Nièvre
58,2020-07-13,1,151,0,207182,0.4826674131922657,6.0,2.8960044791535946,Nièvre
58,2020-07-14,0,21,0,207182,0.0,6.0,2.8960044791535946,Nièvre
58,2020-07-15,2,144,0,207182,0.9653348263845314,6.0,2.8960044791535946,Nièvre
58,2020-07-16,1,169,0,207182,0.4826674131922657,4.0,1.9306696527690628,Nièvre
58,2020-07-17,2,174,0,207182,0.9653348263845314,6.0,2.8960044791535946,Nièvre
58,2020-07-18,0,60,0,207182,0.0,6.0,2.8960044791535946,Nièvre
58,2020-07-19,1,170,0,207182,0.4826674131922657,7.0,3.3786718923458605,Nièvre
58,2020-07-20,0,166,0,207182,0.0,6.0,2.8960044791535946,Nièvre
58,2020-07-21,0,148,0,207182,0.0,6.0,2.8960044791535946,Nièvre
58,2020-07-22,0,114,0,207182,0.0,4.0,1.9306696527690628,Nièvre
58,2020-07-23,1,146,0,207182,0.4826674131922657,4.0,1.9306696527690628,Nièvre
58,2020-07-24,0,167,0,207182,0.0,2.0,0.9653348263845314,Nièvre
58,2020-07-25,1,69,0,207182,0.4826674131922657,3.0,1.4480022395767973,Nièvre
58,2020-07-26,1,302,0,207182,0.4826674131922657,3.0,1.4480022395767973,Nièvre
58,2020-07-27,0,150,0,207182,0.0,3.0,1.4480022395767973,Nièvre
58,2020-07-28,1,186,0,207182,0.4826674131922657,4.0,1.9306696527690628,Nièvre
58,2020-07-29,0,168,0,207182,0.0,4.0,1.9306696527690628,Nièvre
58,2020-07-30,1,168,0,207182,0.4826674131922657,4.0,1.9306696527690628,Nièvre
58,2020-07-31,0,276,0,207182,0.0,4.0,1.9306696527690628,Nièvre
58,2020-08-01,0,74,0,207182,0.0,3.0,1.4480022395767973,Nièvre
58,2020-08-02,0,28,0,207182,0.0,2.0,0.9653348263845314,Nièvre
58,2020-08-03,2,195,0,207182,0.9653348263845314,4.0,1.9306696527690628,Nièvre
58,2020-08-04,0,191,0,207182,0.0,3.0,1.4480022395767973,Nièvre
58,2020-08-05,1,196,0,207182,0.4826674131922657,4.0,1.9306696527690628,Nièvre
58,2020-08-06,1,194,0,207182,0.4826674131922657,4.0,1.9306696527690628,Nièvre
58,2020-08-07,2,247,0,207182,0.9653348263845314,6.0,2.8960044791535946,Nièvre
58,2020-08-08,2,72,0,207182,0.9653348263845314,8.0,3.8613393055381255,Nièvre
58,2020-08-09,0,25,0,207182,0.0,8.0,3.8613393055381255,Nièvre
58,2020-08-10,0,155,0,207182,0.0,6.0,2.8960044791535946,Nièvre
58,2020-08-11,4,180,0,207182,1.9306696527690628,10.0,4.826674131922657,Nièvre
58,2020-08-12,2,171,0,207182,0.9653348263845314,11.0,5.309341545114923,Nièvre
58,2020-08-13,0,164,0,207182,0.0,10.0,4.826674131922657,Nièvre
58,2020-08-14,1,210,0,207182,0.4826674131922657,9.0,4.344006718730392,Nièvre
58,2020-08-15,2,144,0,207182,0.9653348263845314,9.0,4.344006718730392,Nièvre
58,2020-08-16,1,34,0,207182,0.4826674131922657,10.0,4.826674131922657,Nièvre
58,2020-08-17,3,249,0,207182,1.4480022395767973,13.0,6.274676371499455,Nièvre
58,2020-08-18,2,286,0,207182,0.9653348263845314,11.0,5.309341545114923,Nièvre
58,2020-08-19,4,207,0,207182,1.9306696527690628,13.0,6.274676371499455,Nièvre
58,2020-08-20,3,205,0,207182,1.4480022395767973,16.0,7.722678611076251,Nièvre
58,2020-08-21,5,356,0,207182,2.4133370659613287,20.0,9.653348263845317,Nièvre
58,2020-08-22,0,265,0,207182,0.0,18.0,8.688013437460784,Nièvre
58,2020-08-23,0,32,0,207182,0.0,17.0,8.205346024268518,Nièvre
58,2020-08-24,10,300,0,207182,4.826674131922657,24.0,11.584017916614377,Nièvre
58,2020-08-25,5,234,0,207182,2.4133370659613287,27.0,13.032020156191175,Nièvre
58,2020-08-26,2,275,0,207182,0.9653348263845314,25.0,12.066685329806642,Nièvre
58,2020-08-27,7,286,0,207182,3.3786718923458605,29.0,13.997354982575708,Nièvre
58,2020-08-28,13,460,0,207182,6.274676371499455,37.0,17.858694288113828,Nièvre
58,2020-08-29,6,345,0,207182,2.8960044791535946,43.0,20.754698767267424,Nièvre
58,2020-08-30,2,45,0,207182,0.9653348263845314,45.0,21.720033593651962,Nièvre
58,2020-08-31,7,446,0,207182,3.3786718923458605,42.0,20.27203135407516,Nièvre
58,2020-09-01,8,435,0,207182,3.8613393055381255,45.0,21.720033593651962,Nièvre
58,2020-09-02,4,358,0,207182,1.9306696527690628,47.0,22.685368420036486,Nièvre
58,2020-09-03,16,383,0,207182,7.722678611076251,56.0,27.029375138766884,Nièvre
58,2020-09-04,10,347,0,207182,4.826674131922657,53.0,25.58137289919008,Nièvre
58,2020-09-05,2,247,0,207182,0.9653348263845314,49.0,23.650703246421017,Nièvre
58,2020-09-06,1,47,0,207182,0.4826674131922657,48.0,23.16803583322876,Nièvre
58,2020-09-07,14,507,0,207182,6.757343784691721,55.0,26.546707725574606,Nièvre
58,2020-09-08,10,540,0,207182,4.826674131922657,57.0,27.512042551959148,Nièvre
58,2020-09-09,5,562,0,207182,2.4133370659613287,58.0,27.99470996515141,Nièvre
58,2020-09-10,9,661,0,207182,4.344006718730392,51.0,24.61603807280555,Nièvre
58,2020-09-11,11,638,0,207182,5.309341545114923,52.0,25.09870548599782,Nièvre
58,2020-09-12,21,405,0,207182,10.13601567703758,71.0,34.269386336650875,Nièvre
58,2020-09-13,2,65,0,207182,0.9653348263845314,72.0,34.75205374984313,Nièvre
58,2020-09-14,20,516,0,207182,9.653348263845317,78.0,37.64805822899672,Nièvre
58,2020-09-15,15,585,0,207182,7.2400111978839865,83.0,40.06139529495805,Nièvre
58,2020-09-16,41,551,0,207182,19.789363940882897,119.0,57.43742216987962,Nièvre
58,2020-09-17,19,528,0,207182,9.170680850653051,129.0,62.26409630180228,Nièvre
58,2020-09-18,13,571,0,207182,6.274676371499455,131.0,63.22943112818682,Nièvre
58,2020-09-19,6,322,0,207182,2.8960044791535946,116.0,55.98941993030283,Nièvre
58,2020-09-20,0,36,0,207182,0.0,114.0,55.024085103918296,Nièvre
58,2020-09-21,22,373,0,207182,10.618683090229846,116.0,55.98941993030283,Nièvre
58,2020-09-22,11,481,0,207182,5.309341545114923,112.0,54.05875027753377,Nièvre
58,2020-09-23,17,456,0,207182,8.205346024268518,88.0,42.47473236091938,Nièvre
58,2020-09-24,9,412,0,207182,4.344006718730392,78.0,37.64805822899672,Nièvre
58,2020-09-25,15,379,0,207182,7.2400111978839865,80.0,38.61339305538126,Nièvre
58,2020-09-26,1,231,0,207182,0.4826674131922657,75.0,36.20005598941993,Nièvre
58,2020-09-27,1,53,0,207182,0.4826674131922657,76.0,36.682723402612204,Nièvre
58,2020-09-28,11,385,0,207182,5.309341545114923,65.0,31.37338185749727,Nièvre
58,2020-09-29,11,362,0,207182,5.309341545114923,65.0,31.37338185749727,Nièvre
58,2020-09-30,9,311,0,207182,4.344006718730392,57.0,27.512042551959148,Nièvre
58,2020-10-01,6,278,0,207182,2.8960044791535946,54.0,26.064040312382353,Nièvre
58,2020-10-02,9,293,0,207182,4.344006718730392,48.0,23.16803583322876,Nièvre
58,2020-10-03,4,227,0,207182,1.9306696527690628,51.0,24.61603807280555,Nièvre
58,2020-10-04,1,43,0,207182,0.4826674131922657,51.0,24.61603807280555,Nièvre
58,2020-10-05,13,333,0,207182,6.274676371499455,53.0,25.58137289919008,Nièvre
58,2020-10-06,20,303,0,207182,9.653348263845317,62.0,29.925379617920473,Nièvre
58,2020-10-07,30,305,0,207182,14.480022395767973,83.0,40.06139529495805,Nièvre
58,2020-10-08,20,304,0,207182,9.653348263845317,97.0,46.81873907964978,Nièvre
58,2020-10-09,29,420,0,207182,13.997354982575708,117.0,56.47208734349509,Nièvre
58,2020-10-10,4,134,0,207182,1.9306696527690628,117.0,56.47208734349509,Nièvre
58,2020-10-11,5,49,0,207182,2.4133370659613287,121.0,58.40275699626415,Nièvre
70,2020-05-13,1,101,0,236659,0.42254889947139135,,,Haute-Saône
70,2020-05-14,5,131,0,236659,2.1127444973569567,,,Haute-Saône
70,2020-05-15,2,204,0,236659,0.8450977989427827,,,Haute-Saône
70,2020-05-16,0,103,0,236659,0.0,,,Haute-Saône
70,2020-05-17,0,26,0,236659,0.0,,,Haute-Saône
70,2020-05-18,1,211,0,236659,0.42254889947139135,,,Haute-Saône
70,2020-05-19,1,252,0,236659,0.42254889947139135,10.0,4.225488994713913,Haute-Saône
70,2020-05-20,1,180,0,236659,0.42254889947139135,10.0,4.225488994713913,Haute-Saône
70,2020-05-21,0,10,0,236659,0.0,5.0,2.1127444973569567,Haute-Saône
70,2020-05-22,1,163,0,236659,0.42254889947139135,4.0,1.6901955978855654,Haute-Saône
70,2020-05-23,0,78,0,236659,0.0,4.0,1.6901955978855654,Haute-Saône
70,2020-05-24,0,6,0,236659,0.0,4.0,1.6901955978855654,Haute-Saône
70,2020-05-25,0,200,0,236659,0.0,3.0,1.267646698414174,Haute-Saône
70,2020-05-26,0,199,0,236659,0.0,2.0,0.8450977989427827,Haute-Saône
70,2020-05-27,1,190,0,236659,0.42254889947139135,2.0,0.8450977989427827,Haute-Saône
70,2020-05-28,2,176,0,236659,0.8450977989427827,4.0,1.6901955978855654,Haute-Saône
70,2020-05-29,1,174,0,236659,0.42254889947139135,4.0,1.6901955978855654,Haute-Saône
70,2020-05-30,1,115,0,236659,0.42254889947139135,5.0,2.1127444973569567,Haute-Saône
70,2020-05-31,0,22,0,236659,0.0,5.0,2.1127444973569567,Haute-Saône
70,2020-06-01,0,50,0,236659,0.0,5.0,2.1127444973569567,Haute-Saône
70,2020-06-02,2,141,0,236659,0.8450977989427827,7.0,2.9578422962997397,Haute-Saône
70,2020-06-03,3,173,0,236659,1.267646698414174,9.0,3.802940095242522,Haute-Saône
70,2020-06-04,0,143,0,236659,0.0,7.0,2.9578422962997397,Haute-Saône
70,2020-06-05,0,135,0,236659,0.0,6.0,2.535293396828348,Haute-Saône
70,2020-06-06,1,124,0,236659,0.42254889947139135,6.0,2.535293396828348,Haute-Saône
70,2020-06-07,0,43,0,236659,0.0,6.0,2.535293396828348,Haute-Saône
70,2020-06-08,0,182,0,236659,0.0,6.0,2.535293396828348,Haute-Saône
70,2020-06-09,1,171,0,236659,0.42254889947139135,5.0,2.1127444973569567,Haute-Saône
70,2020-06-10,1,160,0,236659,0.42254889947139135,3.0,1.267646698414174,Haute-Saône
70,2020-06-11,2,101,0,236659,0.8450977989427827,5.0,2.1127444973569567,Haute-Saône
70,2020-06-12,1,133,0,236659,0.42254889947139135,6.0,2.535293396828348,Haute-Saône
70,2020-06-13,0,132,0,236659,0.0,5.0,2.1127444973569567,Haute-Saône
70,2020-06-14,0,42,0,236659,0.0,5.0,2.1127444973569567,Haute-Saône
70,2020-06-15,0,144,0,236659,0.0,5.0,2.1127444973569567,Haute-Saône
70,2020-06-16,0,148,0,236659,0.0,4.0,1.6901955978855654,Haute-Saône
70,2020-06-17,1,116,0,236659,0.42254889947139135,4.0,1.6901955978855654,Haute-Saône
70,2020-06-18,0,280,0,236659,0.0,2.0,0.8450977989427827,Haute-Saône
70,2020-06-19,1,161,0,236659,0.42254889947139135,2.0,0.8450977989427827,Haute-Saône
70,2020-06-20,0,88,0,236659,0.0,2.0,0.8450977989427827,Haute-Saône
70,2020-06-21,0,60,0,236659,0.0,2.0,0.8450977989427827,Haute-Saône
70,2020-06-22,0,168,0,236659,0.0,2.0,0.8450977989427827,Haute-Saône
70,2020-06-23,0,165,0,236659,0.0,2.0,0.8450977989427827,Haute-Saône
70,2020-06-24,0,111,0,236659,0.0,1.0,0.42254889947139135,Haute-Saône
70,2020-06-25,0,99,0,236659,0.0,1.0,0.42254889947139135,Haute-Saône
70,2020-06-26,0,134,0,236659,0.0,0.0,0.0,Haute-Saône
70,2020-06-27,0,103,0,236659,0.0,0.0,0.0,Haute-Saône
70,2020-06-28,0,31,0,236659,0.0,0.0,0.0,Haute-Saône
70,2020-06-29,0,153,0,236659,0.0,0.0,0.0,Haute-Saône
70,2020-06-30,0,133,0,236659,0.0,0.0,0.0,Haute-Saône
70,2020-07-01,0,112,0,236659,0.0,0.0,0.0,Haute-Saône
70,2020-07-02,0,117,0,236659,0.0,0.0,0.0,Haute-Saône
70,2020-07-03,0,138,0,236659,0.0,0.0,0.0,Haute-Saône
70,2020-07-04,0,103,0,236659,0.0,0.0,0.0,Haute-Saône
70,2020-07-05,1,43,0,236659,0.42254889947139135,1.0,0.42254889947139135,Haute-Saône
70,2020-07-06,0,134,0,236659,0.0,1.0,0.42254889947139135,Haute-Saône
70,2020-07-07,1,246,0,236659,0.42254889947139135,2.0,0.8450977989427827,Haute-Saône
70,2020-07-08,0,237,0,236659,0.0,2.0,0.8450977989427827,Haute-Saône
70,2020-07-09,0,136,0,236659,0.0,2.0,0.8450977989427827,Haute-Saône
70,2020-07-10,0,367,0,236659,0.0,2.0,0.8450977989427827,Haute-Saône
70,2020-07-11,0,90,0,236659,0.0,2.0,0.8450977989427827,Haute-Saône
70,2020-07-12,1,29,0,236659,0.42254889947139135,2.0,0.8450977989427827,Haute-Saône
70,2020-07-13,0,157,0,236659,0.0,2.0,0.8450977989427827,Haute-Saône
70,2020-07-14,0,21,0,236659,0.0,1.0,0.42254889947139135,Haute-Saône
70,2020-07-15,1,141,0,236659,0.42254889947139135,2.0,0.8450977989427827,Haute-Saône
70,2020-07-16,0,242,0,236659,0.0,2.0,0.8450977989427827,Haute-Saône
70,2020-07-17,0,259,0,236659,0.0,2.0,0.8450977989427827,Haute-Saône
70,2020-07-18,0,125,0,236659,0.0,2.0,0.8450977989427827,Haute-Saône
70,2020-07-19,0,28,0,236659,0.0,1.0,0.42254889947139135,Haute-Saône
70,2020-07-20,0,193,0,236659,0.0,1.0,0.42254889947139135,Haute-Saône
70,2020-07-21,2,241,0,236659,0.8450977989427827,3.0,1.267646698414174,Haute-Saône
70,2020-07-22,0,238,0,236659,0.0,2.0,0.8450977989427827,Haute-Saône
70,2020-07-23,0,209,0,236659,0.0,2.0,0.8450977989427827,Haute-Saône
70,2020-07-24,3,198,0,236659,1.267646698414174,5.0,2.1127444973569567,Haute-Saône
70,2020-07-25,0,146,0,236659,0.0,5.0,2.1127444973569567,Haute-Saône
70,2020-07-26,0,28,0,236659,0.0,5.0,2.1127444973569567,Haute-Saône
70,2020-07-27,1,213,0,236659,0.42254889947139135,6.0,2.535293396828348,Haute-Saône
70,2020-07-28,0,244,0,236659,0.0,4.0,1.6901955978855654,Haute-Saône
70,2020-07-29,1,210,0,236659,0.42254889947139135,5.0,2.1127444973569567,Haute-Saône
70,2020-07-30,2,184,0,236659,0.8450977989427827,7.0,2.9578422962997397,Haute-Saône
70,2020-07-31,3,226,0,236659,1.267646698414174,7.0,2.9578422962997397,Haute-Saône
70,2020-08-01,1,105,0,236659,0.42254889947139135,8.0,3.3803911957711317,Haute-Saône
70,2020-08-02,0,63,0,236659,0.0,8.0,3.3803911957711317,Haute-Saône
70,2020-08-03,5,273,0,236659,2.1127444973569567,12.0,5.070586793656696,Haute-Saône
70,2020-08-04,4,214,0,236659,1.6901955978855654,16.0,6.760782391542263,Haute-Saône
70,2020-08-05,2,178,0,236659,0.8450977989427827,17.0,7.183331291013652,Haute-Saône
70,2020-08-06,4,254,0,236659,1.6901955978855654,19.0,8.028429089956436,Haute-Saône
70,2020-08-07,10,215,0,236659,4.225488994713913,26.0,10.986271386256172,Haute-Saône
70,2020-08-08,3,148,0,236659,1.267646698414174,28.0,11.831369185198955,Haute-Saône
70,2020-08-09,0,38,0,236659,0.0,28.0,11.831369185198955,Haute-Saône
70,2020-08-10,8,284,0,236659,3.3803911957711317,31.0,13.09901588361313,Haute-Saône
70,2020-08-11,6,217,0,236659,2.535293396828348,33.0,13.944113682555912,Haute-Saône
70,2020-08-12,1,252,0,236659,0.42254889947139135,32.0,13.521564783084527,Haute-Saône
70,2020-08-13,3,299,0,236659,1.267646698414174,31.0,13.09901588361313,Haute-Saône
70,2020-08-14,7,371,0,236659,2.9578422962997397,28.0,11.831369185198955,Haute-Saône
70,2020-08-15,1,61,0,236659,0.42254889947139135,26.0,10.986271386256172,Haute-Saône
70,2020-08-16,3,36,0,236659,1.267646698414174,29.0,12.253918084670348,Haute-Saône
70,2020-08-17,10,399,0,236659,4.225488994713913,31.0,13.09901588361313,Haute-Saône
70,2020-08-18,5,300,0,236659,2.1127444973569567,30.0,12.67646698414174,Haute-Saône
70,2020-08-19,3,299,0,236659,1.267646698414174,32.0,13.521564783084527,Haute-Saône
70,2020-08-20,4,428,0,236659,1.6901955978855654,33.0,13.944113682555912,Haute-Saône
70,2020-08-21,2,377,0,236659,0.8450977989427827,28.0,11.831369185198955,Haute-Saône
70,2020-08-22,4,211,0,236659,1.6901955978855654,31.0,13.09901588361313,Haute-Saône
70,2020-08-23,0,42,0,236659,0.0,28.0,11.831369185198955,Haute-Saône
70,2020-08-24,6,577,0,236659,2.535293396828348,24.0,10.141173587313393,Haute-Saône
70,2020-08-25,5,459,0,236659,2.1127444973569567,24.0,10.141173587313393,Haute-Saône
70,2020-08-26,0,316,0,236659,0.0,21.0,8.873526888899217,Haute-Saône
70,2020-08-27,9,410,0,236659,3.802940095242522,26.0,10.986271386256172,Haute-Saône
70,2020-08-28,8,705,0,236659,3.3803911957711317,32.0,13.521564783084527,Haute-Saône
70,2020-08-29,9,236,0,236659,3.802940095242522,37.0,15.63430928044148,Haute-Saône
70,2020-08-30,0,63,0,236659,0.0,37.0,15.63430928044148,Haute-Saône
70,2020-08-31,10,479,0,236659,4.225488994713913,41.0,17.324504878327044,Haute-Saône
70,2020-09-01,8,352,0,236659,3.3803911957711317,44.0,18.592151576741212,Haute-Saône
70,2020-09-02,10,432,0,236659,4.225488994713913,54.0,22.81764057145513,Haute-Saône
70,2020-09-03,4,471,0,236659,1.6901955978855654,49.0,20.704896074098173,Haute-Saône
70,2020-09-04,10,615,0,236659,4.225488994713913,51.0,21.54999387304096,Haute-Saône
70,2020-09-05,12,275,0,236659,5.070586793656696,54.0,22.81764057145513,Haute-Saône
70,2020-09-06,0,36,0,236659,0.0,54.0,22.81764057145513,Haute-Saône
70,2020-09-07,10,552,0,236659,4.225488994713913,54.0,22.81764057145513,Haute-Saône
70,2020-09-08,12,544,0,236659,5.070586793656696,58.0,24.507836169340692,Haute-Saône
70,2020-09-09,8,638,0,236659,3.3803911957711317,56.0,23.662738370397914,Haute-Saône
70,2020-09-10,8,768,0,236659,3.3803911957711317,60.0,25.35293396828348,Haute-Saône
70,2020-09-11,2,637,0,236659,0.8450977989427827,52.0,21.972542772512345,Haute-Saône
70,2020-09-12,6,406,0,236659,2.535293396828348,46.0,19.437249375684,Haute-Saône
70,2020-09-13,3,52,0,236659,1.267646698414174,49.0,20.704896074098173,Haute-Saône
70,2020-09-14,6,686,0,236659,2.535293396828348,45.0,19.01470047621261,Haute-Saône
70,2020-09-15,9,592,0,236659,3.802940095242522,42.0,17.747053777798435,Haute-Saône
70,2020-09-16,6,542,0,236659,2.535293396828348,40.0,16.901955978855653,Haute-Saône
70,2020-09-17,6,469,0,236659,2.535293396828348,38.0,16.056858179912872,Haute-Saône
70,2020-09-18,13,513,0,236659,5.493135693128086,49.0,20.704896074098173,Haute-Saône
70,2020-09-19,3,278,0,236659,1.267646698414174,46.0,19.437249375684,Haute-Saône
70,2020-09-20,0,47,0,236659,0.0,43.0,18.16960267726983,Haute-Saône
70,2020-09-21,10,487,0,236659,4.225488994713913,47.0,19.85979827515539,Haute-Saône
70,2020-09-22,10,427,0,236659,4.225488994713913,48.0,20.282347174626786,Haute-Saône
70,2020-09-23,5,403,0,236659,2.1127444973569567,47.0,19.85979827515539,Haute-Saône
70,2020-09-24,6,353,0,236659,2.535293396828348,47.0,19.85979827515539,Haute-Saône
70,2020-09-25,9,405,0,236659,3.802940095242522,43.0,18.16960267726983,Haute-Saône
70,2020-09-26,9,229,0,236659,3.802940095242522,49.0,20.704896074098173,Haute-Saône
70,2020-09-27,2,50,0,236659,0.8450977989427827,51.0,21.54999387304096,Haute-Saône
70,2020-09-28,12,415,0,236659,5.070586793656696,53.0,22.395091671983746,Haute-Saône
70,2020-09-29,9,367,0,236659,3.802940095242522,52.0,21.972542772512345,Haute-Saône
70,2020-09-30,12,298,0,236659,5.070586793656696,59.0,24.93038506881209,Haute-Saône
70,2020-10-01,12,405,0,236659,5.070586793656696,65.0,27.46567846564044,Haute-Saône
70,2020-10-02,12,425,0,236659,5.070586793656696,68.0,28.73332516405461,Haute-Saône
70,2020-10-03,10,287,0,236659,4.225488994713913,69.0,29.155874063526007,Haute-Saône
70,2020-10-04,3,54,0,236659,1.267646698414174,70.0,29.578422962997394,Haute-Saône
70,2020-10-05,17,388,0,236659,7.183331291013652,75.0,31.69116746035435,Haute-Saône
70,2020-10-06,17,385,0,236659,7.183331291013652,83.0,35.071558656125475,Haute-Saône
70,2020-10-07,24,367,0,236659,10.141173587313393,95.0,40.142145449782184,Haute-Saône
70,2020-10-08,25,416,0,236659,10.563722486784783,108.0,45.63528114291026,Haute-Saône
70,2020-10-09,15,515,0,236659,6.33823349207087,111.0,46.902927841324434,Haute-Saône
70,2020-10-10,19,270,0,236659,8.028429089956436,120.0,50.70586793656696,Haute-Saône
70,2020-10-11,2,38,0,236659,0.8450977989427827,119.0,50.283319037095566,Haute-Saône
71,2020-05-13,5,483,0,553595,0.903187348151627,,,Saône-et-Loire
71,2020-05-14,15,457,0,553595,2.709562044454881,,,Saône-et-Loire
71,2020-05-15,9,596,0,553595,1.6257372266729286,,,Saône-et-Loire
71,2020-05-16,3,142,0,553595,0.5419124088909762,,,Saône-et-Loire
71,2020-05-17,3,66,0,553595,0.5419124088909762,,,Saône-et-Loire
71,2020-05-18,15,516,0,553595,2.709562044454881,,,Saône-et-Loire
71,2020-05-19,4,473,0,553595,0.7225498785213017,54.0,9.754423360037572,Saône-et-Loire
71,2020-05-20,7,616,0,553595,1.264462287412278,56.0,10.115698299298224,Saône-et-Loire
71,2020-05-21,0,70,0,553595,0.0,41.0,7.406136254843342,Saône-et-Loire
71,2020-05-22,7,451,0,553595,1.264462287412278,39.0,7.044861315582692,Saône-et-Loire
71,2020-05-23,3,147,0,553595,0.5419124088909762,39.0,7.044861315582692,Saône-et-Loire
71,2020-05-24,0,68,0,553595,0.0,36.0,6.5029489066917145,Saône-et-Loire
71,2020-05-25,12,529,0,553595,2.167649635563905,33.0,5.961036497800738,Saône-et-Loire
71,2020-05-26,2,460,0,553595,0.3612749392606509,31.0,5.599761558540088,Saône-et-Loire
71,2020-05-27,1,324,0,553595,0.18063746963032545,25.0,4.515936740758137,Saône-et-Loire
71,2020-05-28,1,319,0,553595,0.18063746963032545,26.0,4.6965742103884605,Saône-et-Loire
71,2020-05-29,1,373,0,553595,0.18063746963032545,20.0,3.612749392606508,Saône-et-Loire
71,2020-05-30,1,98,0,553595,0.18063746963032545,18.0,3.2514744533458573,Saône-et-Loire
71,2020-05-31,1,63,0,553595,0.18063746963032545,19.0,3.4321119229761834,Saône-et-Loire
71,2020-06-01,1,143,0,553595,0.18063746963032545,8.0,1.4450997570426034,Saône-et-Loire
71,2020-06-02,3,345,0,553595,0.5419124088909762,9.0,1.6257372266729286,Saône-et-Loire
71,2020-06-03,2,288,0,553595,0.3612749392606509,10.0,1.806374696303254,Saône-et-Loire
71,2020-06-04,0,280,0,553595,0.0,9.0,1.6257372266729286,Saône-et-Loire
71,2020-06-05,4,314,0,553595,0.7225498785213017,12.0,2.167649635563905,Saône-et-Loire
71,2020-06-06,0,148,0,553595,0.0,11.0,1.9870121659335795,Saône-et-Loire
71,2020-06-07,0,42,0,553595,0.0,10.0,1.806374696303254,Saône-et-Loire
71,2020-06-08,2,330,0,553595,0.3612749392606509,11.0,1.9870121659335795,Saône-et-Loire
71,2020-06-09,0,307,0,553595,0.0,8.0,1.4450997570426034,Saône-et-Loire
71,2020-06-10,2,313,0,553595,0.3612749392606509,8.0,1.4450997570426034,Saône-et-Loire
71,2020-06-11,0,229,0,553595,0.0,8.0,1.4450997570426034,Saône-et-Loire
71,2020-06-12,1,334,0,553595,0.18063746963032545,5.0,0.903187348151627,Saône-et-Loire
71,2020-06-13,0,103,0,553595,0.0,5.0,0.903187348151627,Saône-et-Loire
71,2020-06-14,1,46,0,553595,0.18063746963032545,6.0,1.0838248177819525,Saône-et-Loire
71,2020-06-15,1,331,0,553595,0.18063746963032545,5.0,0.903187348151627,Saône-et-Loire
71,2020-06-16,1,278,0,553595,0.18063746963032545,6.0,1.0838248177819525,Saône-et-Loire
71,2020-06-17,0,290,0,553595,0.0,4.0,0.7225498785213017,Saône-et-Loire
71,2020-06-18,1,195,0,553595,0.18063746963032545,5.0,0.903187348151627,Saône-et-Loire
71,2020-06-19,2,268,0,553595,0.3612749392606509,6.0,1.0838248177819525,Saône-et-Loire
71,2020-06-20,0,81,0,553595,0.0,6.0,1.0838248177819525,Saône-et-Loire
71,2020-06-21,1,44,0,553595,0.18063746963032545,6.0,1.0838248177819525,Saône-et-Loire
71,2020-06-22,0,406,0,553595,0.0,5.0,0.903187348151627,Saône-et-Loire
71,2020-06-23,0,266,0,553595,0.0,4.0,0.7225498785213017,Saône-et-Loire
71,2020-06-24,1,212,0,553595,0.18063746963032545,5.0,0.903187348151627,Saône-et-Loire
71,2020-06-25,1,175,0,553595,0.18063746963032545,5.0,0.903187348151627,Saône-et-Loire
71,2020-06-26,1,267,0,553595,0.18063746963032545,4.0,0.7225498785213017,Saône-et-Loire
71,2020-06-27,4,228,0,553595,0.7225498785213017,8.0,1.4450997570426034,Saône-et-Loire
71,2020-06-28,1,49,0,553595,0.18063746963032545,8.0,1.4450997570426034,Saône-et-Loire
71,2020-06-29,3,310,0,553595,0.5419124088909762,11.0,1.9870121659335795,Saône-et-Loire
71,2020-06-30,5,418,0,553595,0.903187348151627,16.0,2.890199514085207,Saône-et-Loire
71,2020-07-01,1,327,0,553595,0.18063746963032545,16.0,2.890199514085207,Saône-et-Loire
71,2020-07-02,3,290,0,553595,0.5419124088909762,18.0,3.2514744533458573,Saône-et-Loire
71,2020-07-03,2,393,0,553595,0.3612749392606509,19.0,3.4321119229761834,Saône-et-Loire
71,2020-07-04,0,129,0,553595,0.0,15.0,2.709562044454881,Saône-et-Loire
71,2020-07-05,0,57,0,553595,0.0,14.0,2.528924574824556,Saône-et-Loire
71,2020-07-06,3,391,0,553595,0.5419124088909762,14.0,2.528924574824556,Saône-et-Loire
71,2020-07-07,3,393,0,553595,0.5419124088909762,12.0,2.167649635563905,Saône-et-Loire
71,2020-07-08,5,483,0,553595,0.903187348151627,16.0,2.890199514085207,Saône-et-Loire
71,2020-07-09,0,412,0,553595,0.0,13.0,2.3482871051942307,Saône-et-Loire
71,2020-07-10,3,307,0,553595,0.5419124088909762,14.0,2.528924574824556,Saône-et-Loire
71,2020-07-11,0,95,0,553595,0.0,14.0,2.528924574824556,Saône-et-Loire
71,2020-07-12,0,62,0,553595,0.0,14.0,2.528924574824556,Saône-et-Loire
71,2020-07-13,3,322,0,553595,0.5419124088909762,14.0,2.528924574824556,Saône-et-Loire
71,2020-07-14,0,49,0,553595,0.0,11.0,1.9870121659335795,Saône-et-Loire
71,2020-07-15,2,552,0,553595,0.3612749392606509,8.0,1.4450997570426034,Saône-et-Loire
71,2020-07-16,2,510,0,553595,0.3612749392606509,10.0,1.806374696303254,Saône-et-Loire
71,2020-07-17,1,484,0,553595,0.18063746963032545,8.0,1.4450997570426034,Saône-et-Loire
71,2020-07-18,0,180,0,553595,0.0,8.0,1.4450997570426034,Saône-et-Loire
71,2020-07-19,0,73,0,553595,0.0,8.0,1.4450997570426034,Saône-et-Loire
71,2020-07-20,0,468,0,553595,0.0,5.0,0.903187348151627,Saône-et-Loire
71,2020-07-21,1,498,0,553595,0.18063746963032545,6.0,1.0838248177819525,Saône-et-Loire
71,2020-07-22,2,431,0,553595,0.3612749392606509,6.0,1.0838248177819525,Saône-et-Loire
71,2020-07-23,1,460,0,553595,0.18063746963032545,5.0,0.903187348151627,Saône-et-Loire
71,2020-07-24,1,515,0,553595,0.18063746963032545,5.0,0.903187348151627,Saône-et-Loire
71,2020-07-25,2,137,0,553595,0.3612749392606509,7.0,1.264462287412278,Saône-et-Loire
71,2020-07-26,1,84,0,553595,0.18063746963032545,8.0,1.4450997570426034,Saône-et-Loire
71,2020-07-27,6,411,0,553595,1.0838248177819525,14.0,2.528924574824556,Saône-et-Loire
71,2020-07-28,1,465,0,553595,0.18063746963032545,14.0,2.528924574824556,Saône-et-Loire
71,2020-07-29,2,347,0,553595,0.3612749392606509,14.0,2.528924574824556,Saône-et-Loire
71,2020-07-30,4,346,0,553595,0.7225498785213017,17.0,3.0708369837155325,Saône-et-Loire
71,2020-07-31,0,410,0,553595,0.0,16.0,2.890199514085207,Saône-et-Loire
71,2020-08-01,0,157,0,553595,0.0,14.0,2.528924574824556,Saône-et-Loire
71,2020-08-02,1,73,0,553595,0.18063746963032545,14.0,2.528924574824556,Saône-et-Loire
71,2020-08-03,1,454,0,553595,0.18063746963032545,9.0,1.6257372266729286,Saône-et-Loire
71,2020-08-04,2,416,0,553595,0.3612749392606509,10.0,1.806374696303254,Saône-et-Loire
71,2020-08-05,4,362,0,553595,0.7225498785213017,12.0,2.167649635563905,Saône-et-Loire
71,2020-08-06,0,496,0,553595,0.0,8.0,1.4450997570426034,Saône-et-Loire
71,2020-08-07,3,412,0,553595,0.5419124088909762,11.0,1.9870121659335795,Saône-et-Loire
71,2020-08-08,3,150,0,553595,0.5419124088909762,14.0,2.528924574824556,Saône-et-Loire
71,2020-08-09,1,67,0,553595,0.18063746963032545,14.0,2.528924574824556,Saône-et-Loire
71,2020-08-10,6,398,0,553595,1.0838248177819525,19.0,3.4321119229761834,Saône-et-Loire
71,2020-08-11,6,407,0,553595,1.0838248177819525,23.0,4.154661801497483,Saône-et-Loire
71,2020-08-12,5,507,0,553595,0.903187348151627,24.0,4.33529927112781,Saône-et-Loire
71,2020-08-13,10,440,0,553595,1.806374696303254,34.0,6.141673967431065,Saône-et-Loire
71,2020-08-14,9,559,0,553595,1.6257372266729286,40.0,7.225498785213016,Saône-et-Loire
71,2020-08-15,1,94,0,553595,0.18063746963032545,38.0,6.864223845952368,Saône-et-Loire
71,2020-08-16,5,71,0,553595,0.903187348151627,42.0,7.586773724473669,Saône-et-Loire
71,2020-08-17,20,510,0,553595,3.612749392606508,56.0,10.115698299298224,Saône-et-Loire
71,2020-08-18,16,541,0,553595,2.890199514085207,66.0,11.92207299560148,Saône-et-Loire
71,2020-08-19,23,544,0,553595,4.154661801497483,84.0,15.173547448947337,Saône-et-Loire
71,2020-08-20,8,707,0,553595,1.4450997570426034,82.0,14.812272509686684,Saône-et-Loire
71,2020-08-21,10,745,0,553595,1.806374696303254,83.0,14.992909979317009,Saône-et-Loire
71,2020-08-22,5,499,0,553595,0.903187348151627,87.0,15.715459857838312,Saône-et-Loire
71,2020-08-23,6,167,0,553595,1.0838248177819525,88.0,15.896097327468633,Saône-et-Loire
71,2020-08-24,24,899,0,553595,4.33529927112781,92.0,16.618647205989934,Saône-et-Loire
71,2020-08-25,20,789,0,553595,3.612749392606508,96.0,17.34119708451124,Saône-et-Loire
71,2020-08-26,14,657,0,553595,2.528924574824556,87.0,15.715459857838312,Saône-et-Loire
71,2020-08-27,26,865,0,553595,4.6965742103884605,105.0,18.966934311184172,Saône-et-Loire
71,2020-08-28,17,918,0,553595,3.0708369837155325,112.0,20.231396598596447,Saône-et-Loire
71,2020-08-29,6,314,0,553595,1.0838248177819525,113.0,20.412034068226774,Saône-et-Loire
71,2020-08-30,3,97,0,553595,0.5419124088909762,110.0,19.8701216593358,Saône-et-Loire
71,2020-08-31,33,940,0,553595,5.961036497800738,119.0,21.495858886008726,Saône-et-Loire
71,2020-09-01,37,992,0,553595,6.68358637632204,136.0,24.56669586972426,Saône-et-Loire
71,2020-09-02,34,979,0,553595,6.141673967431065,156.0,28.179445262330766,Saône-et-Loire
71,2020-09-03,41,1228,0,553595,7.406136254843342,171.0,30.88900730678565,Saône-et-Loire
71,2020-09-04,52,1228,0,553595,9.393148420776924,206.0,37.21131874384704,Saône-et-Loire
71,2020-09-05,28,536,0,553595,5.057849149649112,228.0,41.1853430757142,Saône-et-Loire
71,2020-09-06,4,186,0,553595,0.7225498785213017,229.0,41.36598054534453,Saône-et-Loire
71,2020-09-07,58,1398,0,553595,10.476973238558873,254.0,45.881917286102656,Saône-et-Loire
71,2020-09-08,41,1269,0,553595,7.406136254843342,258.0,46.604467164623955,Saône-et-Loire
71,2020-09-09,42,1236,0,553595,7.586773724473669,266.0,48.04956692166657,Saône-et-Loire
71,2020-09-10,43,1296,0,553595,7.767411194103992,268.0,48.410841860927206,Saône-et-Loire
71,2020-09-11,77,1655,0,553595,13.909085161535055,293.0,52.92677860168534,Saône-et-Loire
71,2020-09-12,17,469,0,553595,3.0708369837155325,282.0,50.939766435751764,Saône-et-Loire
71,2020-09-13,8,125,0,553595,1.4450997570426034,286.0,51.66231631427307,Saône-et-Loire
71,2020-09-14,87,1932,0,553595,15.715459857838312,315.0,56.900802933552505,Saône-et-Loire
71,2020-09-15,46,1719,0,553595,8.309323602994969,320.0,57.80399028170413,Saône-et-Loire
71,2020-09-16,63,1474,0,553595,11.3801605867105,341.0,61.597377143940975,Saône-et-Loire
71,2020-09-17,83,1452,0,553595,14.992909979317009,381.0,68.82287592915398,Saône-et-Loire
71,2020-09-18,57,1640,0,553595,10.29633576892855,361.0,65.21012653654748,Saône-et-Loire
71,2020-09-19,13,453,0,553595,2.3482871051942307,357.0,64.48757665802617,Saône-et-Loire
71,2020-09-20,8,144,0,553595,1.4450997570426034,357.0,64.48757665802617,Saône-et-Loire
71,2020-09-21,78,1665,0,553595,14.08972263116538,348.0,62.861839431353246,Saône-et-Loire
71,2020-09-22,71,1414,0,553595,12.825260343753106,373.0,67.37777617211138,Saône-et-Loire
71,2020-09-23,55,1365,0,553595,9.9350608296679,365.0,65.93267641506878,Saône-et-Loire
71,2020-09-24,71,1307,0,553595,12.825260343753106,353.0,63.76502677950487,Saône-et-Loire
71,2020-09-25,72,1312,0,553595,13.005897813383427,368.0,66.47458882395975,Saône-et-Loire
71,2020-09-26,25,328,0,553595,4.515936740758137,380.0,68.64223845952367,Saône-et-Loire
71,2020-09-27,9,127,0,553595,1.6257372266729286,381.0,68.82287592915398,Saône-et-Loire
71,2020-09-28,78,1448,0,553595,14.08972263116538,381.0,68.82287592915398,Saône-et-Loire
71,2020-09-29,68,1182,0,553595,12.28334793486213,378.0,68.280963520263,Saône-et-Loire
71,2020-09-30,96,1150,0,553595,17.34119708451124,419.0,75.68709977510635,Saône-et-Loire
71,2020-10-01,117,1095,0,553595,21.134583946748073,465.0,83.99642337810133,Saône-et-Loire
71,2020-10-02,144,1330,0,553595,26.011795626766855,537.0,97.00232119148475,Saône-et-Loire
71,2020-10-03,46,403,0,553595,8.309323602994969,558.0,100.79570805372158,Saône-et-Loire
71,2020-10-04,5,112,0,553595,0.903187348151627,554.0,100.07315817520029,Saône-et-Loire
71,2020-10-05,174,1598,0,553595,31.430919715676623,650.0,117.41435525971151,Saône-et-Loire
71,2020-10-06,135,1464,0,553595,24.386058400093926,717.0,129.51706572494336,Saône-et-Loire
71,2020-10-07,188,1617,0,553595,33.95984429050118,809.0,146.1357129309333,Saône-et-Loire
71,2020-10-08,170,1471,0,553595,30.708369837155324,862.0,155.7094988213405,Saône-et-Loire
71,2020-10-09,271,2223,0,553595,48.95275426981818,989.0,178.65045746439182,Saône-et-Loire
71,2020-10-10,65,660,0,553595,11.741435525971152,1008.0,182.082569387368,Saône-et-Loire
71,2020-10-11,7,119,0,553595,1.264462287412278,1010.0,182.4438443266287,Saône-et-Loire
89,2020-05-13,4,384,0,338291,1.1824139572143508,,,Yonne
89,2020-05-14,0,351,0,338291,0.0,,,Yonne
89,2020-05-15,4,416,0,338291,1.1824139572143508,,,Yonne
89,2020-05-16,8,196,0,338291,2.3648279144287017,,,Yonne
89,2020-05-17,3,52,0,338291,0.8868104679107632,,,Yonne
89,2020-05-18,2,435,0,338291,0.5912069786071754,,,Yonne
89,2020-05-19,8,433,0,338291,2.3648279144287017,29.0,8.572501189804044,Yonne
89,2020-05-20,5,394,0,338291,1.4780174465179388,30.0,8.868104679107631,Yonne
89,2020-05-21,2,64,0,338291,0.5912069786071754,32.0,9.459311657714807,Yonne
89,2020-05-22,2,356,0,338291,0.5912069786071754,30.0,8.868104679107631,Yonne
89,2020-05-23,5,182,0,338291,1.4780174465179388,27.0,7.98129421119687,Yonne
89,2020-05-24,3,58,0,338291,0.8868104679107632,27.0,7.98129421119687,Yonne
89,2020-05-25,0,373,0,338291,0.0,25.0,7.390087232589693,Yonne
89,2020-05-26,2,358,0,338291,0.5912069786071754,19.0,5.6164662967681656,Yonne
89,2020-05-27,1,303,0,338291,0.2956034893035877,15.0,4.4340523395538165,Yonne
89,2020-05-28,0,275,0,338291,0.0,13.0,3.8428453609466406,Yonne
89,2020-05-29,0,356,0,338291,0.0,11.0,3.2516383823394652,Yonne
89,2020-05-30,1,139,0,338291,0.2956034893035877,7.0,2.0692244251251144,Yonne
89,2020-05-31,0,45,0,338291,0.0,4.0,1.1824139572143508,Yonne
89,2020-06-01,0,48,0,338291,0.0,4.0,1.1824139572143508,Yonne
89,2020-06-02,8,494,0,338291,2.3648279144287017,10.0,2.956034893035877,Yonne
89,2020-06-03,6,310,0,338291,1.7736209358215265,15.0,4.4340523395538165,Yonne
89,2020-06-04,2,279,0,338291,0.5912069786071754,17.0,5.025259318160992,Yonne
89,2020-06-05,2,314,0,338291,0.5912069786071754,19.0,5.6164662967681656,Yonne
89,2020-06-06,2,128,0,338291,0.5912069786071754,20.0,5.912069786071755,Yonne
89,2020-06-07,0,39,0,338291,0.0,20.0,5.912069786071755,Yonne
89,2020-06-08,1,312,0,338291,0.2956034893035877,21.0,6.207673275375343,Yonne
89,2020-06-09,0,273,0,338291,0.0,13.0,3.8428453609466406,Yonne
89,2020-06-10,1,286,0,338291,0.2956034893035877,8.0,2.3648279144287017,Yonne
89,2020-06-11,1,321,0,338291,0.2956034893035877,7.0,2.0692244251251144,Yonne
89,2020-06-12,0,286,0,338291,0.0,5.0,1.4780174465179388,Yonne
89,2020-06-13,0,123,0,338291,0.0,3.0,0.8868104679107632,Yonne
89,2020-06-14,0,73,0,338291,0.0,3.0,0.8868104679107632,Yonne
89,2020-06-15,0,249,0,338291,0.0,2.0,0.5912069786071754,Yonne
89,2020-06-16,2,236,0,338291,0.5912069786071754,4.0,1.1824139572143508,Yonne
89,2020-06-17,0,289,0,338291,0.0,3.0,0.8868104679107632,Yonne
89,2020-06-18,0,212,0,338291,0.0,2.0,0.5912069786071754,Yonne
89,2020-06-19,0,330,0,338291,0.0,2.0,0.5912069786071754,Yonne
89,2020-06-20,1,106,0,338291,0.2956034893035877,3.0,0.8868104679107632,Yonne
89,2020-06-21,0,34,0,338291,0.0,3.0,0.8868104679107632,Yonne
89,2020-06-22,1,200,0,338291,0.2956034893035877,4.0,1.1824139572143508,Yonne
89,2020-06-23,2,170,0,338291,0.5912069786071754,4.0,1.1824139572143508,Yonne
89,2020-06-24,2,213,0,338291,0.5912069786071754,6.0,1.7736209358215265,Yonne
89,2020-06-25,2,168,0,338291,0.5912069786071754,8.0,2.3648279144287017,Yonne
89,2020-06-26,0,260,0,338291,0.0,8.0,2.3648279144287017,Yonne
89,2020-06-27,3,134,0,338291,0.8868104679107632,10.0,2.956034893035877,Yonne
89,2020-06-28,4,55,0,338291,1.1824139572143508,14.0,4.138448850250229,Yonne
89,2020-06-29,0,313,0,338291,0.0,13.0,3.8428453609466406,Yonne
89,2020-06-30,0,513,0,338291,0.0,11.0,3.2516383823394652,Yonne
89,2020-07-01,2,305,0,338291,0.5912069786071754,11.0,3.2516383823394652,Yonne
89,2020-07-02,1,279,0,338291,0.2956034893035877,10.0,2.956034893035877,Yonne
89,2020-07-03,0,295,0,338291,0.0,10.0,2.956034893035877,Yonne
89,2020-07-04,0,266,0,338291,0.0,7.0,2.0692244251251144,Yonne
89,2020-07-05,1,59,0,338291,0.2956034893035877,4.0,1.1824139572143508,Yonne
89,2020-07-06,0,278,0,338291,0.0,4.0,1.1824139572143508,Yonne
89,2020-07-07,2,304,0,338291,0.5912069786071754,6.0,1.7736209358215265,Yonne
89,2020-07-08,0,312,0,338291,0.0,4.0,1.1824139572143508,Yonne
89,2020-07-09,1,268,0,338291,0.2956034893035877,4.0,1.1824139572143508,Yonne
89,2020-07-10,2,290,0,338291,0.5912069786071754,6.0,1.7736209358215265,Yonne
89,2020-07-11,5,154,0,338291,1.4780174465179388,11.0,3.2516383823394652,Yonne
89,2020-07-12,1,63,0,338291,0.2956034893035877,11.0,3.2516383823394652,Yonne
89,2020-07-13,0,260,0,338291,0.0,11.0,3.2516383823394652,Yonne
89,2020-07-14,1,64,0,338291,0.2956034893035877,10.0,2.956034893035877,Yonne
89,2020-07-15,3,284,0,338291,0.8868104679107632,13.0,3.8428453609466406,Yonne
89,2020-07-16,2,481,0,338291,0.5912069786071754,14.0,4.138448850250229,Yonne
89,2020-07-17,2,373,0,338291,0.5912069786071754,14.0,4.138448850250229,Yonne
89,2020-07-18,0,237,0,338291,0.0,9.0,2.66043140373229,Yonne
89,2020-07-19,0,61,0,338291,0.0,8.0,2.3648279144287017,Yonne
89,2020-07-20,2,354,0,338291,0.5912069786071754,10.0,2.956034893035877,Yonne
89,2020-07-21,2,317,0,338291,0.5912069786071754,11.0,3.2516383823394652,Yonne
89,2020-07-22,0,276,0,338291,0.0,8.0,2.3648279144287017,Yonne
89,2020-07-23,5,377,0,338291,1.4780174465179388,11.0,3.2516383823394652,Yonne
89,2020-07-24,3,384,0,338291,0.8868104679107632,12.0,3.5472418716430534,Yonne
89,2020-07-25,1,226,0,338291,0.2956034893035877,13.0,3.8428453609466406,Yonne
89,2020-07-26,3,49,0,338291,0.8868104679107632,16.0,4.729655828857403,Yonne
89,2020-07-27,4,381,0,338291,1.1824139572143508,18.0,5.32086280746458,Yonne
89,2020-07-28,2,483,0,338291,0.5912069786071754,18.0,5.32086280746458,Yonne
89,2020-07-29,5,365,0,338291,1.4780174465179388,23.0,6.798880253982518,Yonne
89,2020-07-30,2,393,0,338291,0.5912069786071754,20.0,5.912069786071755,Yonne
89,2020-07-31,3,365,0,338291,0.8868104679107632,20.0,5.912069786071755,Yonne
89,2020-08-01,1,211,0,338291,0.2956034893035877,20.0,5.912069786071755,Yonne
89,2020-08-02,0,57,0,338291,0.0,17.0,5.025259318160992,Yonne
89,2020-08-03,4,354,0,338291,1.1824139572143508,17.0,5.025259318160992,Yonne
89,2020-08-04,4,350,0,338291,1.1824139572143508,19.0,5.6164662967681656,Yonne
89,2020-08-05,6,312,0,338291,1.7736209358215265,20.0,5.912069786071755,Yonne
89,2020-08-06,8,355,0,338291,2.3648279144287017,26.0,7.68569072189328,Yonne
89,2020-08-07,2,321,0,338291,0.5912069786071754,25.0,7.390087232589693,Yonne
89,2020-08-08,1,202,0,338291,0.2956034893035877,25.0,7.390087232589693,Yonne
89,2020-08-09,0,57,0,338291,0.0,25.0,7.390087232589693,Yonne
89,2020-08-10,2,340,0,338291,0.5912069786071754,23.0,6.798880253982518,Yonne
89,2020-08-11,3,358,0,338291,0.8868104679107632,22.0,6.5032767646789305,Yonne
89,2020-08-12,5,338,0,338291,1.4780174465179388,21.0,6.207673275375343,Yonne
89,2020-08-13,5,380,0,338291,1.4780174465179388,18.0,5.32086280746458,Yonne
89,2020-08-14,4,416,0,338291,1.1824139572143508,20.0,5.912069786071755,Yonne
89,2020-08-15,3,107,0,338291,0.8868104679107632,22.0,6.5032767646789305,Yonne
89,2020-08-16,1,72,0,338291,0.2956034893035877,23.0,6.798880253982518,Yonne
89,2020-08-17,8,526,0,338291,2.3648279144287017,29.0,8.572501189804044,Yonne
89,2020-08-18,11,485,0,338291,3.2516383823394652,37.0,10.937329104232747,Yonne
89,2020-08-19,4,471,0,338291,1.1824139572143508,36.0,10.64172561492916,Yonne
89,2020-08-20,11,461,0,338291,3.2516383823394652,42.0,12.415346550750685,Yonne
89,2020-08-21,13,590,0,338291,3.8428453609466406,51.0,15.075777954482973,Yonne
89,2020-08-22,8,405,0,338291,2.3648279144287017,56.0,16.553795401000915,Yonne
89,2020-08-23,8,81,0,338291,2.3648279144287017,63.0,18.623019826126033,Yonne
89,2020-08-24,17,667,0,338291,5.025259318160992,72.0,21.28345122985832,Yonne
89,2020-08-25,16,570,0,338291,4.729655828857403,77.0,22.761468676376253,Yonne
89,2020-08-26,25,640,0,338291,7.390087232589693,98.0,28.9691419517516,Yonne
89,2020-08-27,14,743,0,338291,4.138448850250229,101.0,29.855952419662362,Yonne
89,2020-08-28,26,694,0,338291,7.68569072189328,114.0,33.698797780609,Yonne
89,2020-08-29,9,529,0,338291,2.66043140373229,115.0,33.994401269912586,Yonne
89,2020-08-30,1,83,0,338291,0.2956034893035877,108.0,31.92517684478748,Yonne
89,2020-08-31,36,1009,0,338291,10.64172561492916,127.0,37.541643141555646,Yonne
89,2020-09-01,16,583,0,338291,4.729655828857403,127.0,37.541643141555646,Yonne
89,2020-09-02,12,565,0,338291,3.5472418716430534,114.0,33.698797780609,Yonne
89,2020-09-03,19,681,0,338291,5.6164662967681656,119.0,35.176815227126944,Yonne
89,2020-09-04,13,724,0,338291,3.8428453609466406,106.0,31.3339698661803,Yonne
89,2020-09-05,2,357,0,338291,0.5912069786071754,99.0,29.264745441055194,Yonne
89,2020-09-06,2,139,0,338291,0.5912069786071754,100.0,29.560348930358767,Yonne
89,2020-09-07,20,787,0,338291,5.912069786071755,84.0,24.83069310150137,Yonne
89,2020-09-08,15,737,0,338291,4.4340523395538165,83.0,24.53508961219778,Yonne
89,2020-09-09,15,829,0,338291,4.4340523395538165,86.0,25.421900080108546,Yonne
89,2020-09-10,28,915,0,338291,8.276897700500458,95.0,28.082331483840836,Yonne
89,2020-09-11,42,943,0,338291,12.415346550750685,124.0,36.65483267364488,Yonne
89,2020-09-12,16,494,0,338291,4.729655828857403,138.0,40.793281523895104,Yonne
89,2020-09-13,4,85,0,338291,1.1824139572143508,140.0,41.384488502502286,Yonne
89,2020-09-14,38,879,0,338291,11.232932593536331,158.0,46.70535130996687,Yonne
89,2020-09-15,31,830,0,338291,9.16370816841122,174.0,51.435007138824275,Yonne
89,2020-09-16,28,672,0,338291,8.276897700500458,187.0,55.277852499770916,Yonne
89,2020-09-17,36,733,0,338291,10.64172561492916,195.0,57.6426804141996,Yonne
89,2020-09-18,42,833,0,338291,12.415346550750685,195.0,57.6426804141996,Yonne
89,2020-09-19,24,477,0,338291,7.094483743286107,203.0,60.00750832862831,Yonne
89,2020-09-20,2,51,0,338291,0.5912069786071754,201.0,59.41630135002114,Yonne
89,2020-09-21,49,633,0,338291,14.4845709758758,212.0,62.6679397323606,Yonne
89,2020-09-22,80,703,0,338291,23.64827914428702,261.0,77.1525107082364,Yonne
89,2020-09-23,36,488,0,338291,10.64172561492916,269.0,79.51733862266511,Yonne
89,2020-09-24,44,622,0,338291,13.006553529357861,277.0,81.8821665370938,Yonne
89,2020-09-25,25,736,0,338291,7.390087232589693,260.0,76.8569072189328,Yonne
89,2020-09-26,23,384,0,338291,6.798880253982518,259.0,76.56130372962922,Yonne
89,2020-09-27,2,60,0,338291,0.5912069786071754,259.0,76.56130372962922,Yonne
89,2020-09-28,51,679,0,338291,15.075777954482973,261.0,77.1525107082364,Yonne
89,2020-09-29,39,545,0,338291,11.52853608283992,220.0,65.0327676467893,Yonne
89,2020-09-30,34,612,0,338291,10.050518636321984,218.0,64.44156066818213,Yonne
89,2020-10-01,24,629,0,338291,7.094483743286107,198.0,58.529490882110366,Yonne
89,2020-10-02,46,628,0,338291,13.597760507965036,219.0,64.73716415748571,Yonne
89,2020-10-03,27,333,0,338291,7.98129421119687,223.0,65.91957811470006,Yonne
89,2020-10-04,1,71,0,338291,0.2956034893035877,222.0,65.62397462539647,Yonne
89,2020-10-05,57,629,0,338291,16.8493988903045,228.0,67.397595561218,Yonne
89,2020-10-06,45,573,0,338291,13.302157018661447,234.0,69.17121649703954,Yonne
89,2020-10-07,74,539,0,338291,21.87465820846549,274.0,80.99535606918305,Yonne
89,2020-10-08,57,609,0,338291,16.8493988903045,307.0,90.75027121620144,Yonne
89,2020-10-09,74,683,0,338291,21.87465820846549,335.0,99.02716891670187,Yonne
89,2020-10-10,26,298,0,338291,7.68569072189328,334.0,98.7315654273983,Yonne
89,2020-10-11,8,89,0,338291,2.3648279144287017,341.0,100.80078985252342,Yonne
90,2020-05-13,0,60,0,142622,0.0,,,Territoire de Belfort
90,2020-05-14,1,67,0,142622,0.7011540996480207,,,Territoire de Belfort
90,2020-05-15,1,81,0,142622,0.7011540996480207,,,Territoire de Belfort
90,2020-05-16,0,36,0,142622,0.0,,,Territoire de Belfort
90,2020-05-17,0,28,0,142622,0.0,,,Territoire de Belfort
90,2020-05-18,7,132,0,142622,4.908078697536143,,,Territoire de Belfort
90,2020-05-19,4,122,0,142622,2.8046163985920827,13.0,9.115003295424268,Territoire de Belfort
90,2020-05-20,3,76,0,142622,2.103462298944062,16.0,11.218465594368329,Territoire de Belfort
90,2020-05-21,0,16,0,142622,0.0,15.0,10.51731149472031,Territoire de Belfort
90,2020-05-22,0,53,0,142622,0.0,14.0,9.816157395072286,Territoire de Belfort
90,2020-05-23,1,19,0,142622,0.7011540996480207,15.0,10.51731149472031,Territoire de Belfort
90,2020-05-24,1,2,0,142622,0.7011540996480207,16.0,11.218465594368329,Territoire de Belfort
90,2020-05-25,0,105,0,142622,0.0,9.0,6.310386896832186,Territoire de Belfort
90,2020-05-26,0,116,0,142622,0.0,5.0,3.505770498240103,Territoire de Belfort
90,2020-05-27,3,124,0,142622,2.103462298944062,5.0,3.505770498240103,Territoire de Belfort
90,2020-05-28,4,80,0,142622,2.8046163985920827,9.0,6.310386896832186,Territoire de Belfort
90,2020-05-29,2,168,0,142622,1.4023081992960411,11.0,7.712695096128228,Territoire de Belfort
90,2020-05-30,1,60,0,142622,0.7011540996480207,11.0,7.712695096128228,Territoire de Belfort
90,2020-05-31,1,40,0,142622,0.7011540996480207,11.0,7.712695096128228,Territoire de Belfort
90,2020-06-01,1,43,0,142622,0.7011540996480207,12.0,8.413849195776248,Territoire de Belfort
90,2020-06-02,1,131,0,142622,0.7011540996480207,13.0,9.115003295424268,Territoire de Belfort
90,2020-06-03,2,106,0,142622,1.4023081992960411,12.0,8.413849195776248,Territoire de Belfort
90,2020-06-04,1,71,0,142622,0.7011540996480207,9.0,6.310386896832186,Territoire de Belfort
90,2020-06-05,3,100,0,142622,2.103462298944062,10.0,7.011540996480206,Territoire de Belfort
90,2020-06-06,0,52,0,142622,0.0,9.0,6.310386896832186,Territoire de Belfort
90,2020-06-07,0,20,0,142622,0.0,8.0,5.6092327971841645,Territoire de Belfort
90,2020-06-08,0,160,0,142622,0.0,7.0,4.908078697536143,Territoire de Belfort
90,2020-06-09,1,120,0,142622,0.7011540996480207,7.0,4.908078697536143,Territoire de Belfort
90,2020-06-10,1,146,0,142622,0.7011540996480207,6.0,4.206924597888124,Territoire de Belfort
90,2020-06-11,1,130,0,142622,0.7011540996480207,6.0,4.206924597888124,Territoire de Belfort
90,2020-06-12,2,158,0,142622,1.4023081992960411,5.0,3.505770498240103,Territoire de Belfort
90,2020-06-13,0,139,0,142622,0.0,5.0,3.505770498240103,Territoire de Belfort
90,2020-06-14,1,64,0,142622,0.7011540996480207,6.0,4.206924597888124,Territoire de Belfort
90,2020-06-15,1,114,0,142622,0.7011540996480207,7.0,4.908078697536143,Territoire de Belfort
90,2020-06-16,0,112,0,142622,0.0,6.0,4.206924597888124,Territoire de Belfort
90,2020-06-17,0,82,0,142622,0.0,5.0,3.505770498240103,Territoire de Belfort
90,2020-06-18,1,83,0,142622,0.7011540996480207,5.0,3.505770498240103,Territoire de Belfort
90,2020-06-19,4,93,0,142622,2.8046163985920827,7.0,4.908078697536143,Territoire de Belfort
90,2020-06-20,0,51,0,142622,0.0,7.0,4.908078697536143,Territoire de Belfort
90,2020-06-21,0,53,0,142622,0.0,6.0,4.206924597888124,Territoire de Belfort
90,2020-06-22,0,144,0,142622,0.0,5.0,3.505770498240103,Territoire de Belfort
90,2020-06-23,0,91,0,142622,0.0,5.0,3.505770498240103,Territoire de Belfort
90,2020-06-24,0,87,0,142622,0.0,5.0,3.505770498240103,Territoire de Belfort
90,2020-06-25,1,66,0,142622,0.7011540996480207,5.0,3.505770498240103,Territoire de Belfort
90,2020-06-26,0,94,0,142622,0.0,1.0,0.7011540996480207,Territoire de Belfort
90,2020-06-27,0,53,0,142622,0.0,1.0,0.7011540996480207,Territoire de Belfort
90,2020-06-28,0,47,0,142622,0.0,1.0,0.7011540996480207,Territoire de Belfort
90,2020-06-29,0,111,0,142622,0.0,1.0,0.7011540996480207,Territoire de Belfort
90,2020-06-30,0,105,0,142622,0.0,1.0,0.7011540996480207,Territoire de Belfort
90,2020-07-01,0,107,0,142622,0.0,1.0,0.7011540996480207,Territoire de Belfort
90,2020-07-02,0,96,0,142622,0.0,0.0,0.0,Territoire de Belfort
90,2020-07-03,1,126,0,142622,0.7011540996480207,1.0,0.7011540996480207,Territoire de Belfort
90,2020-07-04,0,82,0,142622,0.0,1.0,0.7011540996480207,Territoire de Belfort
90,2020-07-05,0,38,0,142622,0.0,1.0,0.7011540996480207,Territoire de Belfort
90,2020-07-06,0,109,0,142622,0.0,1.0,0.7011540996480207,Territoire de Belfort
90,2020-07-07,1,147,0,142622,0.7011540996480207,2.0,1.4023081992960411,Territoire de Belfort
90,2020-07-08,1,124,0,142622,0.7011540996480207,3.0,2.103462298944062,Territoire de Belfort
90,2020-07-09,0,104,0,142622,0.0,3.0,2.103462298944062,Territoire de Belfort
90,2020-07-10,0,117,0,142622,0.0,2.0,1.4023081992960411,Territoire de Belfort
90,2020-07-11,1,39,0,142622,0.7011540996480207,3.0,2.103462298944062,Territoire de Belfort
90,2020-07-12,0,38,0,142622,0.0,3.0,2.103462298944062,Territoire de Belfort
90,2020-07-13,0,132,0,142622,0.0,3.0,2.103462298944062,Territoire de Belfort
90,2020-07-14,1,38,0,142622,0.7011540996480207,3.0,2.103462298944062,Territoire de Belfort
90,2020-07-15,0,147,0,142622,0.0,2.0,1.4023081992960411,Territoire de Belfort
90,2020-07-16,2,121,0,142622,1.4023081992960411,4.0,2.8046163985920827,Territoire de Belfort
90,2020-07-17,1,126,0,142622,0.7011540996480207,5.0,3.505770498240103,Territoire de Belfort
90,2020-07-18,0,87,0,142622,0.0,4.0,2.8046163985920827,Territoire de Belfort
90,2020-07-19,0,39,0,142622,0.0,4.0,2.8046163985920827,Territoire de Belfort
90,2020-07-20,2,151,0,142622,1.4023081992960411,6.0,4.206924597888124,Territoire de Belfort
90,2020-07-21,0,168,0,142622,0.0,5.0,3.505770498240103,Territoire de Belfort
90,2020-07-22,0,162,0,142622,0.0,5.0,3.505770498240103,Territoire de Belfort
90,2020-07-23,0,153,0,142622,0.0,3.0,2.103462298944062,Territoire de Belfort
90,2020-07-24,0,137,0,142622,0.0,2.0,1.4023081992960411,Territoire de Belfort
90,2020-07-25,0,63,0,142622,0.0,2.0,1.4023081992960411,Territoire de Belfort
90,2020-07-26,0,37,0,142622,0.0,2.0,1.4023081992960411,Territoire de Belfort
90,2020-07-27,0,178,0,142622,0.0,0.0,0.0,Territoire de Belfort
90,2020-07-28,0,184,0,142622,0.0,0.0,0.0,Territoire de Belfort
90,2020-07-29,1,153,0,142622,0.7011540996480207,1.0,0.7011540996480207,Territoire de Belfort
90,2020-07-30,1,156,0,142622,0.7011540996480207,2.0,1.4023081992960411,Territoire de Belfort
90,2020-07-31,3,139,0,142622,2.103462298944062,5.0,3.505770498240103,Territoire de Belfort
90,2020-08-01,1,80,0,142622,0.7011540996480207,6.0,4.206924597888124,Territoire de Belfort
90,2020-08-02,1,45,0,142622,0.7011540996480207,7.0,4.908078697536143,Territoire de Belfort
90,2020-08-03,1,165,0,142622,0.7011540996480207,8.0,5.6092327971841645,Territoire de Belfort
90,2020-08-04,1,162,0,142622,0.7011540996480207,9.0,6.310386896832186,Territoire de Belfort
90,2020-08-05,3,188,0,142622,2.103462298944062,11.0,7.712695096128228,Territoire de Belfort
90,2020-08-06,0,141,0,142622,0.0,10.0,7.011540996480206,Territoire de Belfort
90,2020-08-07,3,145,0,142622,2.103462298944062,10.0,7.011540996480206,Territoire de Belfort
90,2020-08-08,2,72,0,142622,1.4023081992960411,11.0,7.712695096128228,Territoire de Belfort
90,2020-08-09,1,47,0,142622,0.7011540996480207,11.0,7.712695096128228,Territoire de Belfort
90,2020-08-10,5,164,0,142622,3.505770498240103,15.0,10.51731149472031,Territoire de Belfort
90,2020-08-11,4,141,0,142622,2.8046163985920827,18.0,12.620773793664371,Territoire de Belfort
90,2020-08-12,1,176,0,142622,0.7011540996480207,16.0,11.218465594368329,Territoire de Belfort
90,2020-08-13,3,170,0,142622,2.103462298944062,19.0,13.321927893312392,Territoire de Belfort
90,2020-08-14,3,206,0,142622,2.103462298944062,19.0,13.321927893312392,Territoire de Belfort
90,2020-08-15,1,47,0,142622,0.7011540996480207,18.0,12.620773793664371,Territoire de Belfort
90,2020-08-16,4,60,0,142622,2.8046163985920827,21.0,14.724236092608432,Territoire de Belfort
90,2020-08-17,4,244,0,142622,2.8046163985920827,20.0,14.023081992960412,Territoire de Belfort
90,2020-08-18,8,214,0,142622,5.6092327971841645,24.0,16.827698391552495,Territoire de Belfort
90,2020-08-19,3,182,0,142622,2.103462298944062,26.0,18.230006590848536,Territoire de Belfort
90,2020-08-20,4,196,0,142622,2.8046163985920827,27.0,18.931160690496558,Territoire de Belfort
90,2020-08-21,5,272,0,142622,3.505770498240103,29.0,20.333468889792602,Territoire de Belfort
90,2020-08-22,3,168,0,142622,2.103462298944062,31.0,21.73577708908864,Territoire de Belfort
90,2020-08-23,3,78,0,142622,2.103462298944062,30.0,21.03462298944062,Territoire de Belfort
90,2020-08-24,6,399,0,142622,4.206924597888124,32.0,22.436931188736658,Territoire de Belfort
90,2020-08-25,4,267,0,142622,2.8046163985920827,28.0,19.632314790144573,Territoire de Belfort
90,2020-08-26,8,228,0,142622,5.6092327971841645,33.0,23.138085288384687,Territoire de Belfort
90,2020-08-27,4,252,0,142622,2.8046163985920827,33.0,23.138085288384687,Territoire de Belfort
90,2020-08-28,7,287,0,142622,4.908078697536143,35.0,24.540393487680717,Territoire de Belfort
90,2020-08-29,2,169,0,142622,1.4023081992960411,34.0,23.839239388032702,Territoire de Belfort
90,2020-08-30,1,79,0,142622,0.7011540996480207,32.0,22.436931188736658,Territoire de Belfort
90,2020-08-31,10,267,0,142622,7.011540996480206,36.0,25.241547587328743,Territoire de Belfort
90,2020-09-01,5,277,0,142622,3.505770498240103,37.0,25.942701686976765,Territoire de Belfort
90,2020-09-02,8,549,0,142622,5.6092327971841645,37.0,25.942701686976765,Territoire de Belfort
90,2020-09-03,4,211,0,142622,2.8046163985920827,37.0,25.942701686976765,Territoire de Belfort
90,2020-09-04,4,226,0,142622,2.8046163985920827,34.0,23.839239388032702,Territoire de Belfort
90,2020-09-05,5,188,0,142622,3.505770498240103,37.0,25.942701686976765,Territoire de Belfort
90,2020-09-06,3,55,0,142622,2.103462298944062,39.0,27.345009886272802,Territoire de Belfort
90,2020-09-07,11,287,0,142622,7.712695096128228,40.0,28.046163985920824,Territoire de Belfort
90,2020-09-08,8,306,0,142622,5.6092327971841645,43.0,30.149626284864894,Territoire de Belfort
90,2020-09-09,11,384,0,142622,7.712695096128228,46.0,32.253088583808946,Territoire de Belfort
90,2020-09-10,17,418,0,142622,11.919619694016351,59.0,41.36809187923322,Territoire de Belfort
90,2020-09-11,23,444,0,142622,16.126544291904473,78.0,54.690019772545604,Territoire de Belfort
90,2020-09-12,1,219,0,142622,0.7011540996480207,74.0,51.88540337395353,Territoire de Belfort
90,2020-09-13,0,52,0,142622,0.0,71.0,49.78194107500947,Territoire de Belfort
90,2020-09-14,18,606,0,142622,12.620773793664371,78.0,54.690019772545604,Territoire de Belfort
90,2020-09-15,15,538,0,142622,10.51731149472031,85.0,59.59809847008176,Territoire de Belfort
90,2020-09-16,8,345,0,142622,5.6092327971841645,82.0,57.494636171137685,Territoire de Belfort
90,2020-09-17,11,393,0,142622,7.712695096128228,76.0,53.28771157324957,Territoire de Belfort
90,2020-09-18,12,349,0,142622,8.413849195776248,65.0,45.57501647712135,Territoire de Belfort
90,2020-09-19,2,203,0,142622,1.4023081992960411,66.0,46.276170576769374,Territoire de Belfort
90,2020-09-20,1,53,0,142622,0.7011540996480207,67.0,46.97732467641738,Territoire de Belfort
90,2020-09-21,7,333,0,142622,4.908078697536143,56.0,39.264629580289146,Territoire de Belfort
90,2020-09-22,8,342,0,142622,5.6092327971841645,49.0,34.35655088275301,Territoire de Belfort
90,2020-09-23,8,261,0,142622,5.6092327971841645,49.0,34.35655088275301,Territoire de Belfort
90,2020-09-24,9,225,0,142622,6.310386896832186,47.0,32.95424268345697,Territoire de Belfort
90,2020-09-25,6,284,0,142622,4.206924597888124,41.0,28.747318085568853,Territoire de Belfort
90,2020-09-26,3,135,0,142622,2.103462298944062,42.0,29.448472185216865,Territoire de Belfort
90,2020-09-27,0,42,0,142622,0.0,41.0,28.747318085568853,Territoire de Belfort
90,2020-09-28,6,280,0,142622,4.206924597888124,40.0,28.046163985920824,Territoire de Belfort
90,2020-09-29,8,296,0,142622,5.6092327971841645,40.0,28.046163985920824,Territoire de Belfort
90,2020-09-30,26,210,0,142622,18.230006590848536,58.0,40.666937779585204,Territoire de Belfort
90,2020-10-01,7,190,0,142622,4.908078697536143,56.0,39.264629580289146,Territoire de Belfort
90,2020-10-02,9,275,0,142622,6.310386896832186,59.0,41.36809187923322,Territoire de Belfort
90,2020-10-03,5,185,0,142622,3.505770498240103,61.0,42.770400078529256,Territoire de Belfort
90,2020-10-04,0,53,0,142622,0.0,61.0,42.770400078529256,Territoire de Belfort
90,2020-10-05,9,284,0,142622,6.310386896832186,64.0,44.873862377473316,Territoire de Belfort
90,2020-10-06,10,276,0,142622,7.011540996480206,66.0,46.276170576769374,Territoire de Belfort
90,2020-10-07,9,232,0,142622,6.310386896832186,49.0,34.35655088275301,Territoire de Belfort
90,2020-10-08,11,234,0,142622,7.712695096128228,53.0,37.161167281345094,Territoire de Belfort
90,2020-10-09,11,267,0,142622,7.712695096128228,55.0,38.56347548064114,Territoire de Belfort
90,2020-10-10,4,175,0,142622,2.8046163985920827,54.0,37.862321380993116,Territoire de Belfort
90,2020-10-11,1,42,0,142622,0.7011540996480207,55.0,38.56347548064114,Territoire de Belfort
